[2025-10-14T14:18:09.048+0000] {local_task_job_runner.py:120} INFO - ::group::Pre task execution logs
[2025-10-14T14:18:09.074+0000] {taskinstance.py:2076} INFO - Dependencies all met for dep_context=non-requeueable deps ti=<TaskInstance: minio_to_snowflake.download_minio scheduled__2025-10-14T14:16:00+00:00 [queued]>
[2025-10-14T14:18:09.081+0000] {taskinstance.py:2076} INFO - Dependencies all met for dep_context=requeueable deps ti=<TaskInstance: minio_to_snowflake.download_minio scheduled__2025-10-14T14:16:00+00:00 [queued]>
[2025-10-14T14:18:09.082+0000] {taskinstance.py:2306} INFO - Starting attempt 1 of 2
[2025-10-14T14:18:09.094+0000] {taskinstance.py:2330} INFO - Executing <Task(PythonOperator): download_minio> on 2025-10-14 14:16:00+00:00
[2025-10-14T14:18:09.104+0000] {standard_task_runner.py:90} INFO - Running: ['***', 'tasks', 'run', 'minio_to_snowflake', 'download_minio', 'scheduled__2025-10-14T14:16:00+00:00', '--job-id', '1834', '--raw', '--subdir', 'DAGS_FOLDER/minio_to_snowflake.py', '--cfg-path', '/tmp/tmp43fmfuim']
[2025-10-14T14:18:09.107+0000] {standard_task_runner.py:91} INFO - Job 1834: Subtask download_minio
[2025-10-14T14:18:09.109+0000] {logging_mixin.py:188} WARNING - /home/***/.local/lib/python3.12/site-packages/***/task/task_runner/standard_task_runner.py:62 DeprecationWarning: This process (pid=28077) is multi-threaded, use of fork() may lead to deadlocks in the child.
[2025-10-14T14:18:09.109+0000] {standard_task_runner.py:64} INFO - Started process 28087 to run task
[2025-10-14T14:18:09.157+0000] {task_command.py:426} INFO - Running <TaskInstance: minio_to_snowflake.download_minio scheduled__2025-10-14T14:16:00+00:00 [running]> on host e78fd7c8819f
[2025-10-14T14:18:09.238+0000] {taskinstance.py:2648} INFO - Exporting env vars: AIRFLOW_CTX_DAG_OWNER='***' AIRFLOW_CTX_DAG_ID='minio_to_snowflake' AIRFLOW_CTX_TASK_ID='download_minio' AIRFLOW_CTX_EXECUTION_DATE='2025-10-14T14:16:00+00:00' AIRFLOW_CTX_TRY_NUMBER='1' AIRFLOW_CTX_DAG_RUN_ID='scheduled__2025-10-14T14:16:00+00:00'
[2025-10-14T14:18:09.239+0000] {taskinstance.py:430} INFO - ::endgroup::
[2025-10-14T14:18:09.607+0000] {logging_mixin.py:188} INFO - Downloaded AAPL/1760097974.json -> /tmp/minio_downloads/1760097974.json
[2025-10-14T14:18:09.615+0000] {logging_mixin.py:188} INFO - Downloaded AAPL/1760097983.json -> /tmp/minio_downloads/1760097983.json
[2025-10-14T14:18:09.622+0000] {logging_mixin.py:188} INFO - Downloaded AAPL/1760097992.json -> /tmp/minio_downloads/1760097992.json
[2025-10-14T14:18:09.629+0000] {logging_mixin.py:188} INFO - Downloaded AAPL/1760098000.json -> /tmp/minio_downloads/1760098000.json
[2025-10-14T14:18:09.637+0000] {logging_mixin.py:188} INFO - Downloaded AAPL/1760098010.json -> /tmp/minio_downloads/1760098010.json
[2025-10-14T14:18:09.645+0000] {logging_mixin.py:188} INFO - Downloaded AAPL/1760098020.json -> /tmp/minio_downloads/1760098020.json
[2025-10-14T14:18:09.653+0000] {logging_mixin.py:188} INFO - Downloaded AAPL/1760098029.json -> /tmp/minio_downloads/1760098029.json
[2025-10-14T14:18:09.663+0000] {logging_mixin.py:188} INFO - Downloaded AAPL/1760098038.json -> /tmp/minio_downloads/1760098038.json
[2025-10-14T14:18:09.673+0000] {logging_mixin.py:188} INFO - Downloaded AAPL/1760098047.json -> /tmp/minio_downloads/1760098047.json
[2025-10-14T14:18:09.681+0000] {logging_mixin.py:188} INFO - Downloaded AAPL/1760098056.json -> /tmp/minio_downloads/1760098056.json
[2025-10-14T14:18:09.690+0000] {logging_mixin.py:188} INFO - Downloaded AAPL/1760098064.json -> /tmp/minio_downloads/1760098064.json
[2025-10-14T14:18:09.699+0000] {logging_mixin.py:188} INFO - Downloaded AAPL/1760098073.json -> /tmp/minio_downloads/1760098073.json
[2025-10-14T14:18:09.708+0000] {logging_mixin.py:188} INFO - Downloaded AAPL/1760098082.json -> /tmp/minio_downloads/1760098082.json
[2025-10-14T14:18:09.715+0000] {logging_mixin.py:188} INFO - Downloaded AAPL/1760098091.json -> /tmp/minio_downloads/1760098091.json
[2025-10-14T14:18:09.724+0000] {logging_mixin.py:188} INFO - Downloaded AAPL/1760098101.json -> /tmp/minio_downloads/1760098101.json
[2025-10-14T14:18:09.732+0000] {logging_mixin.py:188} INFO - Downloaded AAPL/1760098110.json -> /tmp/minio_downloads/1760098110.json
[2025-10-14T14:18:09.738+0000] {logging_mixin.py:188} INFO - Downloaded AAPL/1760098119.json -> /tmp/minio_downloads/1760098119.json
[2025-10-14T14:18:09.745+0000] {logging_mixin.py:188} INFO - Downloaded AAPL/1760098127.json -> /tmp/minio_downloads/1760098127.json
[2025-10-14T14:18:09.752+0000] {logging_mixin.py:188} INFO - Downloaded AAPL/1760098137.json -> /tmp/minio_downloads/1760098137.json
[2025-10-14T14:18:09.760+0000] {logging_mixin.py:188} INFO - Downloaded AAPL/1760098145.json -> /tmp/minio_downloads/1760098145.json
[2025-10-14T14:18:09.768+0000] {logging_mixin.py:188} INFO - Downloaded AAPL/1760098154.json -> /tmp/minio_downloads/1760098154.json
[2025-10-14T14:18:09.775+0000] {logging_mixin.py:188} INFO - Downloaded AAPL/1760098163.json -> /tmp/minio_downloads/1760098163.json
[2025-10-14T14:18:09.781+0000] {logging_mixin.py:188} INFO - Downloaded AAPL/1760098403.json -> /tmp/minio_downloads/1760098403.json
[2025-10-14T14:18:09.789+0000] {logging_mixin.py:188} INFO - Downloaded AAPL/1760098412.json -> /tmp/minio_downloads/1760098412.json
[2025-10-14T14:18:09.796+0000] {logging_mixin.py:188} INFO - Downloaded AAPL/1760098422.json -> /tmp/minio_downloads/1760098422.json
[2025-10-14T14:18:09.803+0000] {logging_mixin.py:188} INFO - Downloaded AAPL/1760098432.json -> /tmp/minio_downloads/1760098432.json
[2025-10-14T14:18:09.810+0000] {logging_mixin.py:188} INFO - Downloaded AAPL/1760098441.json -> /tmp/minio_downloads/1760098441.json
[2025-10-14T14:18:09.817+0000] {logging_mixin.py:188} INFO - Downloaded AAPL/1760098451.json -> /tmp/minio_downloads/1760098451.json
[2025-10-14T14:18:09.822+0000] {logging_mixin.py:188} INFO - Downloaded AAPL/1760098461.json -> /tmp/minio_downloads/1760098461.json
[2025-10-14T14:18:09.830+0000] {logging_mixin.py:188} INFO - Downloaded AAPL/1760098470.json -> /tmp/minio_downloads/1760098470.json
[2025-10-14T14:18:09.838+0000] {logging_mixin.py:188} INFO - Downloaded AAPL/1760098480.json -> /tmp/minio_downloads/1760098480.json
[2025-10-14T14:18:09.845+0000] {logging_mixin.py:188} INFO - Downloaded AAPL/1760098489.json -> /tmp/minio_downloads/1760098489.json
[2025-10-14T14:18:09.853+0000] {logging_mixin.py:188} INFO - Downloaded AAPL/1760098499.json -> /tmp/minio_downloads/1760098499.json
[2025-10-14T14:18:09.861+0000] {logging_mixin.py:188} INFO - Downloaded AAPL/1760098508.json -> /tmp/minio_downloads/1760098508.json
[2025-10-14T14:18:09.870+0000] {logging_mixin.py:188} INFO - Downloaded AAPL/1760098517.json -> /tmp/minio_downloads/1760098517.json
[2025-10-14T14:18:09.878+0000] {logging_mixin.py:188} INFO - Downloaded AAPL/1760098527.json -> /tmp/minio_downloads/1760098527.json
[2025-10-14T14:18:09.887+0000] {logging_mixin.py:188} INFO - Downloaded AAPL/1760098536.json -> /tmp/minio_downloads/1760098536.json
[2025-10-14T14:18:09.895+0000] {logging_mixin.py:188} INFO - Downloaded AAPL/1760098546.json -> /tmp/minio_downloads/1760098546.json
[2025-10-14T14:18:09.904+0000] {logging_mixin.py:188} INFO - Downloaded AAPL/1760098556.json -> /tmp/minio_downloads/1760098556.json
[2025-10-14T14:18:09.914+0000] {logging_mixin.py:188} INFO - Downloaded AAPL/1760098566.json -> /tmp/minio_downloads/1760098566.json
[2025-10-14T14:18:09.922+0000] {logging_mixin.py:188} INFO - Downloaded AAPL/1760098575.json -> /tmp/minio_downloads/1760098575.json
[2025-10-14T14:18:09.932+0000] {logging_mixin.py:188} INFO - Downloaded AAPL/1760098584.json -> /tmp/minio_downloads/1760098584.json
[2025-10-14T14:18:09.944+0000] {logging_mixin.py:188} INFO - Downloaded AAPL/1760098594.json -> /tmp/minio_downloads/1760098594.json
[2025-10-14T14:18:09.958+0000] {logging_mixin.py:188} INFO - Downloaded AAPL/1760098604.json -> /tmp/minio_downloads/1760098604.json
[2025-10-14T14:18:09.969+0000] {logging_mixin.py:188} INFO - Downloaded AAPL/1760098614.json -> /tmp/minio_downloads/1760098614.json
[2025-10-14T14:18:09.981+0000] {logging_mixin.py:188} INFO - Downloaded AAPL/1760098624.json -> /tmp/minio_downloads/1760098624.json
[2025-10-14T14:18:09.992+0000] {logging_mixin.py:188} INFO - Downloaded AAPL/1760098634.json -> /tmp/minio_downloads/1760098634.json
[2025-10-14T14:18:10.007+0000] {logging_mixin.py:188} INFO - Downloaded AAPL/1760098643.json -> /tmp/minio_downloads/1760098643.json
[2025-10-14T14:18:10.019+0000] {logging_mixin.py:188} INFO - Downloaded AAPL/1760098653.json -> /tmp/minio_downloads/1760098653.json
[2025-10-14T14:18:10.034+0000] {logging_mixin.py:188} INFO - Downloaded AAPL/1760098662.json -> /tmp/minio_downloads/1760098662.json
[2025-10-14T14:18:10.047+0000] {logging_mixin.py:188} INFO - Downloaded AAPL/1760098672.json -> /tmp/minio_downloads/1760098672.json
[2025-10-14T14:18:10.059+0000] {logging_mixin.py:188} INFO - Downloaded AAPL/1760098681.json -> /tmp/minio_downloads/1760098681.json
[2025-10-14T14:18:10.072+0000] {logging_mixin.py:188} INFO - Downloaded AAPL/1760098691.json -> /tmp/minio_downloads/1760098691.json
[2025-10-14T14:18:10.097+0000] {logging_mixin.py:188} INFO - Downloaded AAPL/1760098701.json -> /tmp/minio_downloads/1760098701.json
[2025-10-14T14:18:10.110+0000] {logging_mixin.py:188} INFO - Downloaded AAPL/1760098710.json -> /tmp/minio_downloads/1760098710.json
[2025-10-14T14:18:10.121+0000] {logging_mixin.py:188} INFO - Downloaded AAPL/1760098719.json -> /tmp/minio_downloads/1760098719.json
[2025-10-14T14:18:10.138+0000] {logging_mixin.py:188} INFO - Downloaded AAPL/1760098728.json -> /tmp/minio_downloads/1760098728.json
[2025-10-14T14:18:10.149+0000] {logging_mixin.py:188} INFO - Downloaded AAPL/1760098738.json -> /tmp/minio_downloads/1760098738.json
[2025-10-14T14:18:10.160+0000] {logging_mixin.py:188} INFO - Downloaded AAPL/1760098747.json -> /tmp/minio_downloads/1760098747.json
[2025-10-14T14:18:10.170+0000] {logging_mixin.py:188} INFO - Downloaded AAPL/1760098757.json -> /tmp/minio_downloads/1760098757.json
[2025-10-14T14:18:10.181+0000] {logging_mixin.py:188} INFO - Downloaded AAPL/1760098767.json -> /tmp/minio_downloads/1760098767.json
[2025-10-14T14:18:10.192+0000] {logging_mixin.py:188} INFO - Downloaded AAPL/1760098776.json -> /tmp/minio_downloads/1760098776.json
[2025-10-14T14:18:10.203+0000] {logging_mixin.py:188} INFO - Downloaded AAPL/1760098785.json -> /tmp/minio_downloads/1760098785.json
[2025-10-14T14:18:10.213+0000] {logging_mixin.py:188} INFO - Downloaded AAPL/1760098794.json -> /tmp/minio_downloads/1760098794.json
[2025-10-14T14:18:10.223+0000] {logging_mixin.py:188} INFO - Downloaded AAPL/1760098804.json -> /tmp/minio_downloads/1760098804.json
[2025-10-14T14:18:10.238+0000] {logging_mixin.py:188} INFO - Downloaded AAPL/1760098814.json -> /tmp/minio_downloads/1760098814.json
[2025-10-14T14:18:10.252+0000] {logging_mixin.py:188} INFO - Downloaded AAPL/1760098823.json -> /tmp/minio_downloads/1760098823.json
[2025-10-14T14:18:10.263+0000] {logging_mixin.py:188} INFO - Downloaded AAPL/1760098833.json -> /tmp/minio_downloads/1760098833.json
[2025-10-14T14:18:10.275+0000] {logging_mixin.py:188} INFO - Downloaded AAPL/1760098842.json -> /tmp/minio_downloads/1760098842.json
[2025-10-14T14:18:10.287+0000] {logging_mixin.py:188} INFO - Downloaded AAPL/1760098851.json -> /tmp/minio_downloads/1760098851.json
[2025-10-14T14:18:10.299+0000] {logging_mixin.py:188} INFO - Downloaded AAPL/1760098860.json -> /tmp/minio_downloads/1760098860.json
[2025-10-14T14:18:10.312+0000] {logging_mixin.py:188} INFO - Downloaded AAPL/1760098869.json -> /tmp/minio_downloads/1760098869.json
[2025-10-14T14:18:10.342+0000] {logging_mixin.py:188} INFO - Downloaded AAPL/1760098878.json -> /tmp/minio_downloads/1760098878.json
[2025-10-14T14:18:10.355+0000] {logging_mixin.py:188} INFO - Downloaded AAPL/1760098888.json -> /tmp/minio_downloads/1760098888.json
[2025-10-14T14:18:10.380+0000] {logging_mixin.py:188} INFO - Downloaded AAPL/1760098897.json -> /tmp/minio_downloads/1760098897.json
[2025-10-14T14:18:10.394+0000] {logging_mixin.py:188} INFO - Downloaded AAPL/1760098906.json -> /tmp/minio_downloads/1760098906.json
[2025-10-14T14:18:10.410+0000] {logging_mixin.py:188} INFO - Downloaded AAPL/1760098915.json -> /tmp/minio_downloads/1760098915.json
[2025-10-14T14:18:10.421+0000] {logging_mixin.py:188} INFO - Downloaded AAPL/1760098925.json -> /tmp/minio_downloads/1760098925.json
[2025-10-14T14:18:10.445+0000] {logging_mixin.py:188} INFO - Downloaded AAPL/1760098934.json -> /tmp/minio_downloads/1760098934.json
[2025-10-14T14:18:10.467+0000] {logging_mixin.py:188} INFO - Downloaded AAPL/1760098944.json -> /tmp/minio_downloads/1760098944.json
[2025-10-14T14:18:10.482+0000] {logging_mixin.py:188} INFO - Downloaded AAPL/1760098954.json -> /tmp/minio_downloads/1760098954.json
[2025-10-14T14:18:10.502+0000] {logging_mixin.py:188} INFO - Downloaded AAPL/1760098964.json -> /tmp/minio_downloads/1760098964.json
[2025-10-14T14:18:10.514+0000] {logging_mixin.py:188} INFO - Downloaded AAPL/1760098973.json -> /tmp/minio_downloads/1760098973.json
[2025-10-14T14:18:10.527+0000] {logging_mixin.py:188} INFO - Downloaded AAPL/1760098983.json -> /tmp/minio_downloads/1760098983.json
[2025-10-14T14:18:10.543+0000] {logging_mixin.py:188} INFO - Downloaded AAPL/1760098992.json -> /tmp/minio_downloads/1760098992.json
[2025-10-14T14:18:10.554+0000] {logging_mixin.py:188} INFO - Downloaded AAPL/1760099002.json -> /tmp/minio_downloads/1760099002.json
[2025-10-14T14:18:10.566+0000] {logging_mixin.py:188} INFO - Downloaded AAPL/1760099012.json -> /tmp/minio_downloads/1760099012.json
[2025-10-14T14:18:10.580+0000] {logging_mixin.py:188} INFO - Downloaded AAPL/1760099021.json -> /tmp/minio_downloads/1760099021.json
[2025-10-14T14:18:10.591+0000] {logging_mixin.py:188} INFO - Downloaded AAPL/1760099030.json -> /tmp/minio_downloads/1760099030.json
[2025-10-14T14:18:10.604+0000] {logging_mixin.py:188} INFO - Downloaded AAPL/1760099039.json -> /tmp/minio_downloads/1760099039.json
[2025-10-14T14:18:10.616+0000] {logging_mixin.py:188} INFO - Downloaded AAPL/1760099049.json -> /tmp/minio_downloads/1760099049.json
[2025-10-14T14:18:10.628+0000] {logging_mixin.py:188} INFO - Downloaded AAPL/1760099058.json -> /tmp/minio_downloads/1760099058.json
[2025-10-14T14:18:10.638+0000] {logging_mixin.py:188} INFO - Downloaded AAPL/1760099068.json -> /tmp/minio_downloads/1760099068.json
[2025-10-14T14:18:10.649+0000] {logging_mixin.py:188} INFO - Downloaded AAPL/1760099077.json -> /tmp/minio_downloads/1760099077.json
[2025-10-14T14:18:10.660+0000] {logging_mixin.py:188} INFO - Downloaded AAPL/1760099086.json -> /tmp/minio_downloads/1760099086.json
[2025-10-14T14:18:10.670+0000] {logging_mixin.py:188} INFO - Downloaded AAPL/1760099096.json -> /tmp/minio_downloads/1760099096.json
[2025-10-14T14:18:10.680+0000] {logging_mixin.py:188} INFO - Downloaded AAPL/1760099105.json -> /tmp/minio_downloads/1760099105.json
[2025-10-14T14:18:10.691+0000] {logging_mixin.py:188} INFO - Downloaded AAPL/1760099115.json -> /tmp/minio_downloads/1760099115.json
[2025-10-14T14:18:10.701+0000] {logging_mixin.py:188} INFO - Downloaded AAPL/1760099125.json -> /tmp/minio_downloads/1760099125.json
[2025-10-14T14:18:10.711+0000] {logging_mixin.py:188} INFO - Downloaded AAPL/1760099134.json -> /tmp/minio_downloads/1760099134.json
[2025-10-14T14:18:10.723+0000] {logging_mixin.py:188} INFO - Downloaded AAPL/1760099144.json -> /tmp/minio_downloads/1760099144.json
[2025-10-14T14:18:10.734+0000] {logging_mixin.py:188} INFO - Downloaded AAPL/1760099154.json -> /tmp/minio_downloads/1760099154.json
[2025-10-14T14:18:10.744+0000] {logging_mixin.py:188} INFO - Downloaded AAPL/1760099163.json -> /tmp/minio_downloads/1760099163.json
[2025-10-14T14:18:10.753+0000] {logging_mixin.py:188} INFO - Downloaded AAPL/1760099173.json -> /tmp/minio_downloads/1760099173.json
[2025-10-14T14:18:10.761+0000] {logging_mixin.py:188} INFO - Downloaded AAPL/1760099183.json -> /tmp/minio_downloads/1760099183.json
[2025-10-14T14:18:10.768+0000] {logging_mixin.py:188} INFO - Downloaded AAPL/1760099192.json -> /tmp/minio_downloads/1760099192.json
[2025-10-14T14:18:10.775+0000] {logging_mixin.py:188} INFO - Downloaded AAPL/1760099201.json -> /tmp/minio_downloads/1760099201.json
[2025-10-14T14:18:10.782+0000] {logging_mixin.py:188} INFO - Downloaded AAPL/1760099210.json -> /tmp/minio_downloads/1760099210.json
[2025-10-14T14:18:10.789+0000] {logging_mixin.py:188} INFO - Downloaded AAPL/1760099220.json -> /tmp/minio_downloads/1760099220.json
[2025-10-14T14:18:10.796+0000] {logging_mixin.py:188} INFO - Downloaded AAPL/1760099229.json -> /tmp/minio_downloads/1760099229.json
[2025-10-14T14:18:10.803+0000] {logging_mixin.py:188} INFO - Downloaded AAPL/1760099238.json -> /tmp/minio_downloads/1760099238.json
[2025-10-14T14:18:10.810+0000] {logging_mixin.py:188} INFO - Downloaded AAPL/1760099247.json -> /tmp/minio_downloads/1760099247.json
[2025-10-14T14:18:10.816+0000] {logging_mixin.py:188} INFO - Downloaded AAPL/1760099256.json -> /tmp/minio_downloads/1760099256.json
[2025-10-14T14:18:10.822+0000] {logging_mixin.py:188} INFO - Downloaded AAPL/1760099266.json -> /tmp/minio_downloads/1760099266.json
[2025-10-14T14:18:10.828+0000] {logging_mixin.py:188} INFO - Downloaded AAPL/1760099275.json -> /tmp/minio_downloads/1760099275.json
[2025-10-14T14:18:10.834+0000] {logging_mixin.py:188} INFO - Downloaded AAPL/1760099285.json -> /tmp/minio_downloads/1760099285.json
[2025-10-14T14:18:10.840+0000] {logging_mixin.py:188} INFO - Downloaded AAPL/1760099294.json -> /tmp/minio_downloads/1760099294.json
[2025-10-14T14:18:10.846+0000] {logging_mixin.py:188} INFO - Downloaded AAPL/1760099303.json -> /tmp/minio_downloads/1760099303.json
[2025-10-14T14:18:10.851+0000] {logging_mixin.py:188} INFO - Downloaded AAPL/1760099312.json -> /tmp/minio_downloads/1760099312.json
[2025-10-14T14:18:10.857+0000] {logging_mixin.py:188} INFO - Downloaded AAPL/1760099322.json -> /tmp/minio_downloads/1760099322.json
[2025-10-14T14:18:10.863+0000] {logging_mixin.py:188} INFO - Downloaded AAPL/1760099331.json -> /tmp/minio_downloads/1760099331.json
[2025-10-14T14:18:10.869+0000] {logging_mixin.py:188} INFO - Downloaded AAPL/1760099340.json -> /tmp/minio_downloads/1760099340.json
[2025-10-14T14:18:10.875+0000] {logging_mixin.py:188} INFO - Downloaded AAPL/1760099349.json -> /tmp/minio_downloads/1760099349.json
[2025-10-14T14:18:10.880+0000] {logging_mixin.py:188} INFO - Downloaded AAPL/1760099358.json -> /tmp/minio_downloads/1760099358.json
[2025-10-14T14:18:10.886+0000] {logging_mixin.py:188} INFO - Downloaded AAPL/1760099368.json -> /tmp/minio_downloads/1760099368.json
[2025-10-14T14:18:10.892+0000] {logging_mixin.py:188} INFO - Downloaded AAPL/1760099378.json -> /tmp/minio_downloads/1760099378.json
[2025-10-14T14:18:10.898+0000] {logging_mixin.py:188} INFO - Downloaded AAPL/1760099387.json -> /tmp/minio_downloads/1760099387.json
[2025-10-14T14:18:10.905+0000] {logging_mixin.py:188} INFO - Downloaded AAPL/1760099397.json -> /tmp/minio_downloads/1760099397.json
[2025-10-14T14:18:10.911+0000] {logging_mixin.py:188} INFO - Downloaded AAPL/1760099406.json -> /tmp/minio_downloads/1760099406.json
[2025-10-14T14:18:10.916+0000] {logging_mixin.py:188} INFO - Downloaded AAPL/1760099415.json -> /tmp/minio_downloads/1760099415.json
[2025-10-14T14:18:10.923+0000] {logging_mixin.py:188} INFO - Downloaded AAPL/1760099425.json -> /tmp/minio_downloads/1760099425.json
[2025-10-14T14:18:10.930+0000] {logging_mixin.py:188} INFO - Downloaded AAPL/1760099435.json -> /tmp/minio_downloads/1760099435.json
[2025-10-14T14:18:10.936+0000] {logging_mixin.py:188} INFO - Downloaded AAPL/1760099444.json -> /tmp/minio_downloads/1760099444.json
[2025-10-14T14:18:10.941+0000] {logging_mixin.py:188} INFO - Downloaded AAPL/1760099453.json -> /tmp/minio_downloads/1760099453.json
[2025-10-14T14:18:10.947+0000] {logging_mixin.py:188} INFO - Downloaded AAPL/1760099463.json -> /tmp/minio_downloads/1760099463.json
[2025-10-14T14:18:10.953+0000] {logging_mixin.py:188} INFO - Downloaded AAPL/1760099483.json -> /tmp/minio_downloads/1760099483.json
[2025-10-14T14:18:10.958+0000] {logging_mixin.py:188} INFO - Downloaded AAPL/1760099493.json -> /tmp/minio_downloads/1760099493.json
[2025-10-14T14:18:10.965+0000] {logging_mixin.py:188} INFO - Downloaded AAPL/1760099503.json -> /tmp/minio_downloads/1760099503.json
[2025-10-14T14:18:10.971+0000] {logging_mixin.py:188} INFO - Downloaded AAPL/1760099513.json -> /tmp/minio_downloads/1760099513.json
[2025-10-14T14:18:10.977+0000] {logging_mixin.py:188} INFO - Downloaded AAPL/1760099522.json -> /tmp/minio_downloads/1760099522.json
[2025-10-14T14:18:10.983+0000] {logging_mixin.py:188} INFO - Downloaded AAPL/1760099532.json -> /tmp/minio_downloads/1760099532.json
[2025-10-14T14:18:10.989+0000] {logging_mixin.py:188} INFO - Downloaded AAPL/1760099541.json -> /tmp/minio_downloads/1760099541.json
[2025-10-14T14:18:10.995+0000] {logging_mixin.py:188} INFO - Downloaded AAPL/1760099550.json -> /tmp/minio_downloads/1760099550.json
[2025-10-14T14:18:11.001+0000] {logging_mixin.py:188} INFO - Downloaded AAPL/1760099559.json -> /tmp/minio_downloads/1760099559.json
[2025-10-14T14:18:11.007+0000] {logging_mixin.py:188} INFO - Downloaded AAPL/1760099568.json -> /tmp/minio_downloads/1760099568.json
[2025-10-14T14:18:11.013+0000] {logging_mixin.py:188} INFO - Downloaded AAPL/1760099578.json -> /tmp/minio_downloads/1760099578.json
[2025-10-14T14:18:11.020+0000] {logging_mixin.py:188} INFO - Downloaded AAPL/1760099588.json -> /tmp/minio_downloads/1760099588.json
[2025-10-14T14:18:11.027+0000] {logging_mixin.py:188} INFO - Downloaded AAPL/1760099597.json -> /tmp/minio_downloads/1760099597.json
[2025-10-14T14:18:11.033+0000] {logging_mixin.py:188} INFO - Downloaded AAPL/1760099606.json -> /tmp/minio_downloads/1760099606.json
[2025-10-14T14:18:11.039+0000] {logging_mixin.py:188} INFO - Downloaded AAPL/1760099616.json -> /tmp/minio_downloads/1760099616.json
[2025-10-14T14:18:11.045+0000] {logging_mixin.py:188} INFO - Downloaded AAPL/1760099625.json -> /tmp/minio_downloads/1760099625.json
[2025-10-14T14:18:11.051+0000] {logging_mixin.py:188} INFO - Downloaded AAPL/1760099635.json -> /tmp/minio_downloads/1760099635.json
[2025-10-14T14:18:11.058+0000] {logging_mixin.py:188} INFO - Downloaded AAPL/1760099645.json -> /tmp/minio_downloads/1760099645.json
[2025-10-14T14:18:11.064+0000] {logging_mixin.py:188} INFO - Downloaded AAPL/1760099655.json -> /tmp/minio_downloads/1760099655.json
[2025-10-14T14:18:11.071+0000] {logging_mixin.py:188} INFO - Downloaded AAPL/1760099664.json -> /tmp/minio_downloads/1760099664.json
[2025-10-14T14:18:11.077+0000] {logging_mixin.py:188} INFO - Downloaded AAPL/1760099673.json -> /tmp/minio_downloads/1760099673.json
[2025-10-14T14:18:11.083+0000] {logging_mixin.py:188} INFO - Downloaded AAPL/1760099682.json -> /tmp/minio_downloads/1760099682.json
[2025-10-14T14:18:11.089+0000] {logging_mixin.py:188} INFO - Downloaded AAPL/1760099692.json -> /tmp/minio_downloads/1760099692.json
[2025-10-14T14:18:11.095+0000] {logging_mixin.py:188} INFO - Downloaded AAPL/1760099701.json -> /tmp/minio_downloads/1760099701.json
[2025-10-14T14:18:11.101+0000] {logging_mixin.py:188} INFO - Downloaded AAPL/1760099710.json -> /tmp/minio_downloads/1760099710.json
[2025-10-14T14:18:11.107+0000] {logging_mixin.py:188} INFO - Downloaded AAPL/1760099719.json -> /tmp/minio_downloads/1760099719.json
[2025-10-14T14:18:11.113+0000] {logging_mixin.py:188} INFO - Downloaded AAPL/1760099728.json -> /tmp/minio_downloads/1760099728.json
[2025-10-14T14:18:11.120+0000] {logging_mixin.py:188} INFO - Downloaded AAPL/1760099737.json -> /tmp/minio_downloads/1760099737.json
[2025-10-14T14:18:11.126+0000] {logging_mixin.py:188} INFO - Downloaded AAPL/1760099746.json -> /tmp/minio_downloads/1760099746.json
[2025-10-14T14:18:11.132+0000] {logging_mixin.py:188} INFO - Downloaded AAPL/1760099756.json -> /tmp/minio_downloads/1760099756.json
[2025-10-14T14:18:11.139+0000] {logging_mixin.py:188} INFO - Downloaded AAPL/1760099765.json -> /tmp/minio_downloads/1760099765.json
[2025-10-14T14:18:11.146+0000] {logging_mixin.py:188} INFO - Downloaded AAPL/1760099775.json -> /tmp/minio_downloads/1760099775.json
[2025-10-14T14:18:11.153+0000] {logging_mixin.py:188} INFO - Downloaded AAPL/1760099784.json -> /tmp/minio_downloads/1760099784.json
[2025-10-14T14:18:11.160+0000] {logging_mixin.py:188} INFO - Downloaded AAPL/1760099793.json -> /tmp/minio_downloads/1760099793.json
[2025-10-14T14:18:11.168+0000] {logging_mixin.py:188} INFO - Downloaded AAPL/1760099803.json -> /tmp/minio_downloads/1760099803.json
[2025-10-14T14:18:11.175+0000] {logging_mixin.py:188} INFO - Downloaded AAPL/1760099812.json -> /tmp/minio_downloads/1760099812.json
[2025-10-14T14:18:11.182+0000] {logging_mixin.py:188} INFO - Downloaded AAPL/1760099822.json -> /tmp/minio_downloads/1760099822.json
[2025-10-14T14:18:11.188+0000] {logging_mixin.py:188} INFO - Downloaded AAPL/1760099832.json -> /tmp/minio_downloads/1760099832.json
[2025-10-14T14:18:11.193+0000] {logging_mixin.py:188} INFO - Downloaded AAPL/1760099841.json -> /tmp/minio_downloads/1760099841.json
[2025-10-14T14:18:11.200+0000] {logging_mixin.py:188} INFO - Downloaded AAPL/1760099850.json -> /tmp/minio_downloads/1760099850.json
[2025-10-14T14:18:11.206+0000] {logging_mixin.py:188} INFO - Downloaded AAPL/1760099860.json -> /tmp/minio_downloads/1760099860.json
[2025-10-14T14:18:11.211+0000] {logging_mixin.py:188} INFO - Downloaded AAPL/1760099869.json -> /tmp/minio_downloads/1760099869.json
[2025-10-14T14:18:11.218+0000] {logging_mixin.py:188} INFO - Downloaded AAPL/1760099878.json -> /tmp/minio_downloads/1760099878.json
[2025-10-14T14:18:11.224+0000] {logging_mixin.py:188} INFO - Downloaded AAPL/1760099887.json -> /tmp/minio_downloads/1760099887.json
[2025-10-14T14:18:11.229+0000] {logging_mixin.py:188} INFO - Downloaded AAPL/1760099896.json -> /tmp/minio_downloads/1760099896.json
[2025-10-14T14:18:11.236+0000] {logging_mixin.py:188} INFO - Downloaded AAPL/1760099905.json -> /tmp/minio_downloads/1760099905.json
[2025-10-14T14:18:11.242+0000] {logging_mixin.py:188} INFO - Downloaded AAPL/1760099915.json -> /tmp/minio_downloads/1760099915.json
[2025-10-14T14:18:11.248+0000] {logging_mixin.py:188} INFO - Downloaded AAPL/1760099925.json -> /tmp/minio_downloads/1760099925.json
[2025-10-14T14:18:11.254+0000] {logging_mixin.py:188} INFO - Downloaded AAPL/1760099934.json -> /tmp/minio_downloads/1760099934.json
[2025-10-14T14:18:11.260+0000] {logging_mixin.py:188} INFO - Downloaded AAPL/1760099943.json -> /tmp/minio_downloads/1760099943.json
[2025-10-14T14:18:11.266+0000] {logging_mixin.py:188} INFO - Downloaded AAPL/1760099952.json -> /tmp/minio_downloads/1760099952.json
[2025-10-14T14:18:11.272+0000] {logging_mixin.py:188} INFO - Downloaded AAPL/1760099962.json -> /tmp/minio_downloads/1760099962.json
[2025-10-14T14:18:11.279+0000] {logging_mixin.py:188} INFO - Downloaded AAPL/1760099971.json -> /tmp/minio_downloads/1760099971.json
[2025-10-14T14:18:11.284+0000] {logging_mixin.py:188} INFO - Downloaded AAPL/1760099980.json -> /tmp/minio_downloads/1760099980.json
[2025-10-14T14:18:11.291+0000] {logging_mixin.py:188} INFO - Downloaded AAPL/1760099989.json -> /tmp/minio_downloads/1760099989.json
[2025-10-14T14:18:11.297+0000] {logging_mixin.py:188} INFO - Downloaded AAPL/1760099999.json -> /tmp/minio_downloads/1760099999.json
[2025-10-14T14:18:11.303+0000] {logging_mixin.py:188} INFO - Downloaded AAPL/1760100008.json -> /tmp/minio_downloads/1760100008.json
[2025-10-14T14:18:11.309+0000] {logging_mixin.py:188} INFO - Downloaded AAPL/1760100017.json -> /tmp/minio_downloads/1760100017.json
[2025-10-14T14:18:11.315+0000] {logging_mixin.py:188} INFO - Downloaded AAPL/1760100027.json -> /tmp/minio_downloads/1760100027.json
[2025-10-14T14:18:11.321+0000] {logging_mixin.py:188} INFO - Downloaded AAPL/1760100036.json -> /tmp/minio_downloads/1760100036.json
[2025-10-14T14:18:11.334+0000] {logging_mixin.py:188} INFO - Downloaded AAPL/1760100046.json -> /tmp/minio_downloads/1760100046.json
[2025-10-14T14:18:11.344+0000] {logging_mixin.py:188} INFO - Downloaded AAPL/1760100055.json -> /tmp/minio_downloads/1760100055.json
[2025-10-14T14:18:11.354+0000] {logging_mixin.py:188} INFO - Downloaded AAPL/1760100064.json -> /tmp/minio_downloads/1760100064.json
[2025-10-14T14:18:11.364+0000] {logging_mixin.py:188} INFO - Downloaded AAPL/1760100074.json -> /tmp/minio_downloads/1760100074.json
[2025-10-14T14:18:11.374+0000] {logging_mixin.py:188} INFO - Downloaded AAPL/1760100083.json -> /tmp/minio_downloads/1760100083.json
[2025-10-14T14:18:11.384+0000] {logging_mixin.py:188} INFO - Downloaded AAPL/1760100092.json -> /tmp/minio_downloads/1760100092.json
[2025-10-14T14:18:11.394+0000] {logging_mixin.py:188} INFO - Downloaded AAPL/1760100102.json -> /tmp/minio_downloads/1760100102.json
[2025-10-14T14:18:11.406+0000] {logging_mixin.py:188} INFO - Downloaded AAPL/1760100112.json -> /tmp/minio_downloads/1760100112.json
[2025-10-14T14:18:11.417+0000] {logging_mixin.py:188} INFO - Downloaded AAPL/1760100121.json -> /tmp/minio_downloads/1760100121.json
[2025-10-14T14:18:11.426+0000] {logging_mixin.py:188} INFO - Downloaded AAPL/1760100130.json -> /tmp/minio_downloads/1760100130.json
[2025-10-14T14:18:11.436+0000] {logging_mixin.py:188} INFO - Downloaded AAPL/1760100139.json -> /tmp/minio_downloads/1760100139.json
[2025-10-14T14:18:11.457+0000] {logging_mixin.py:188} INFO - Downloaded AAPL/1760100149.json -> /tmp/minio_downloads/1760100149.json
[2025-10-14T14:18:11.467+0000] {logging_mixin.py:188} INFO - Downloaded AAPL/1760100159.json -> /tmp/minio_downloads/1760100159.json
[2025-10-14T14:18:11.477+0000] {logging_mixin.py:188} INFO - Downloaded AAPL/1760100168.json -> /tmp/minio_downloads/1760100168.json
[2025-10-14T14:18:11.486+0000] {logging_mixin.py:188} INFO - Downloaded AAPL/1760100177.json -> /tmp/minio_downloads/1760100177.json
[2025-10-14T14:18:11.497+0000] {logging_mixin.py:188} INFO - Downloaded AAPL/1760100186.json -> /tmp/minio_downloads/1760100186.json
[2025-10-14T14:18:11.510+0000] {logging_mixin.py:188} INFO - Downloaded AAPL/1760100195.json -> /tmp/minio_downloads/1760100195.json
[2025-10-14T14:18:11.520+0000] {logging_mixin.py:188} INFO - Downloaded AAPL/1760100205.json -> /tmp/minio_downloads/1760100205.json
[2025-10-14T14:18:11.530+0000] {logging_mixin.py:188} INFO - Downloaded AAPL/1760100214.json -> /tmp/minio_downloads/1760100214.json
[2025-10-14T14:18:11.541+0000] {logging_mixin.py:188} INFO - Downloaded AAPL/1760100224.json -> /tmp/minio_downloads/1760100224.json
[2025-10-14T14:18:11.550+0000] {logging_mixin.py:188} INFO - Downloaded AAPL/1760100233.json -> /tmp/minio_downloads/1760100233.json
[2025-10-14T14:18:11.559+0000] {logging_mixin.py:188} INFO - Downloaded AAPL/1760100243.json -> /tmp/minio_downloads/1760100243.json
[2025-10-14T14:18:11.566+0000] {logging_mixin.py:188} INFO - Downloaded AAPL/1760100253.json -> /tmp/minio_downloads/1760100253.json
[2025-10-14T14:18:11.573+0000] {logging_mixin.py:188} INFO - Downloaded AAPL/1760100262.json -> /tmp/minio_downloads/1760100262.json
[2025-10-14T14:18:11.579+0000] {logging_mixin.py:188} INFO - Downloaded AAPL/1760100271.json -> /tmp/minio_downloads/1760100271.json
[2025-10-14T14:18:11.587+0000] {logging_mixin.py:188} INFO - Downloaded AAPL/1760100280.json -> /tmp/minio_downloads/1760100280.json
[2025-10-14T14:18:11.593+0000] {logging_mixin.py:188} INFO - Downloaded AAPL/1760100289.json -> /tmp/minio_downloads/1760100289.json
[2025-10-14T14:18:11.599+0000] {logging_mixin.py:188} INFO - Downloaded AAPL/1760100299.json -> /tmp/minio_downloads/1760100299.json
[2025-10-14T14:18:11.606+0000] {logging_mixin.py:188} INFO - Downloaded AAPL/1760100308.json -> /tmp/minio_downloads/1760100308.json
[2025-10-14T14:18:11.612+0000] {logging_mixin.py:188} INFO - Downloaded AAPL/1760100317.json -> /tmp/minio_downloads/1760100317.json
[2025-10-14T14:18:11.620+0000] {logging_mixin.py:188} INFO - Downloaded AAPL/1760100326.json -> /tmp/minio_downloads/1760100326.json
[2025-10-14T14:18:11.628+0000] {logging_mixin.py:188} INFO - Downloaded AAPL/1760100335.json -> /tmp/minio_downloads/1760100335.json
[2025-10-14T14:18:11.636+0000] {logging_mixin.py:188} INFO - Downloaded AAPL/1760100345.json -> /tmp/minio_downloads/1760100345.json
[2025-10-14T14:18:11.644+0000] {logging_mixin.py:188} INFO - Downloaded AAPL/1760100354.json -> /tmp/minio_downloads/1760100354.json
[2025-10-14T14:18:11.650+0000] {logging_mixin.py:188} INFO - Downloaded AAPL/1760100363.json -> /tmp/minio_downloads/1760100363.json
[2025-10-14T14:18:11.657+0000] {logging_mixin.py:188} INFO - Downloaded AAPL/1760100373.json -> /tmp/minio_downloads/1760100373.json
[2025-10-14T14:18:11.665+0000] {logging_mixin.py:188} INFO - Downloaded AAPL/1760100382.json -> /tmp/minio_downloads/1760100382.json
[2025-10-14T14:18:11.672+0000] {logging_mixin.py:188} INFO - Downloaded AAPL/1760100391.json -> /tmp/minio_downloads/1760100391.json
[2025-10-14T14:18:11.678+0000] {logging_mixin.py:188} INFO - Downloaded AAPL/1760100400.json -> /tmp/minio_downloads/1760100400.json
[2025-10-14T14:18:11.685+0000] {logging_mixin.py:188} INFO - Downloaded AAPL/1760100409.json -> /tmp/minio_downloads/1760100409.json
[2025-10-14T14:18:11.692+0000] {logging_mixin.py:188} INFO - Downloaded AAPL/1760100419.json -> /tmp/minio_downloads/1760100419.json
[2025-10-14T14:18:11.699+0000] {logging_mixin.py:188} INFO - Downloaded AAPL/1760100428.json -> /tmp/minio_downloads/1760100428.json
[2025-10-14T14:18:11.706+0000] {logging_mixin.py:188} INFO - Downloaded AAPL/1760100437.json -> /tmp/minio_downloads/1760100437.json
[2025-10-14T14:18:11.712+0000] {logging_mixin.py:188} INFO - Downloaded AAPL/1760100446.json -> /tmp/minio_downloads/1760100446.json
[2025-10-14T14:18:11.718+0000] {logging_mixin.py:188} INFO - Downloaded AAPL/1760100456.json -> /tmp/minio_downloads/1760100456.json
[2025-10-14T14:18:11.724+0000] {logging_mixin.py:188} INFO - Downloaded AAPL/1760100464.json -> /tmp/minio_downloads/1760100464.json
[2025-10-14T14:18:11.731+0000] {logging_mixin.py:188} INFO - Downloaded AAPL/1760100474.json -> /tmp/minio_downloads/1760100474.json
[2025-10-14T14:18:11.737+0000] {logging_mixin.py:188} INFO - Downloaded AAPL/1760100484.json -> /tmp/minio_downloads/1760100484.json
[2025-10-14T14:18:11.744+0000] {logging_mixin.py:188} INFO - Downloaded AAPL/1760100493.json -> /tmp/minio_downloads/1760100493.json
[2025-10-14T14:18:11.750+0000] {logging_mixin.py:188} INFO - Downloaded AAPL/1760100502.json -> /tmp/minio_downloads/1760100502.json
[2025-10-14T14:18:11.757+0000] {logging_mixin.py:188} INFO - Downloaded AAPL/1760100512.json -> /tmp/minio_downloads/1760100512.json
[2025-10-14T14:18:11.764+0000] {logging_mixin.py:188} INFO - Downloaded AAPL/1760100521.json -> /tmp/minio_downloads/1760100521.json
[2025-10-14T14:18:11.771+0000] {logging_mixin.py:188} INFO - Downloaded AAPL/1760100530.json -> /tmp/minio_downloads/1760100530.json
[2025-10-14T14:18:11.778+0000] {logging_mixin.py:188} INFO - Downloaded AAPL/1760100539.json -> /tmp/minio_downloads/1760100539.json
[2025-10-14T14:18:11.787+0000] {logging_mixin.py:188} INFO - Downloaded AAPL/1760100548.json -> /tmp/minio_downloads/1760100548.json
[2025-10-14T14:18:11.795+0000] {logging_mixin.py:188} INFO - Downloaded AAPL/1760100558.json -> /tmp/minio_downloads/1760100558.json
[2025-10-14T14:18:11.802+0000] {logging_mixin.py:188} INFO - Downloaded AAPL/1760100566.json -> /tmp/minio_downloads/1760100566.json
[2025-10-14T14:18:11.809+0000] {logging_mixin.py:188} INFO - Downloaded AAPL/1760100576.json -> /tmp/minio_downloads/1760100576.json
[2025-10-14T14:18:11.815+0000] {logging_mixin.py:188} INFO - Downloaded AAPL/1760100585.json -> /tmp/minio_downloads/1760100585.json
[2025-10-14T14:18:11.823+0000] {logging_mixin.py:188} INFO - Downloaded AAPL/1760100594.json -> /tmp/minio_downloads/1760100594.json
[2025-10-14T14:18:11.830+0000] {logging_mixin.py:188} INFO - Downloaded AAPL/1760100604.json -> /tmp/minio_downloads/1760100604.json
[2025-10-14T14:18:11.837+0000] {logging_mixin.py:188} INFO - Downloaded AAPL/1760100613.json -> /tmp/minio_downloads/1760100613.json
[2025-10-14T14:18:11.843+0000] {logging_mixin.py:188} INFO - Downloaded AAPL/1760100623.json -> /tmp/minio_downloads/1760100623.json
[2025-10-14T14:18:11.851+0000] {logging_mixin.py:188} INFO - Downloaded AAPL/1760100633.json -> /tmp/minio_downloads/1760100633.json
[2025-10-14T14:18:11.857+0000] {logging_mixin.py:188} INFO - Downloaded AAPL/1760100642.json -> /tmp/minio_downloads/1760100642.json
[2025-10-14T14:18:11.865+0000] {logging_mixin.py:188} INFO - Downloaded AAPL/1760100652.json -> /tmp/minio_downloads/1760100652.json
[2025-10-14T14:18:11.872+0000] {logging_mixin.py:188} INFO - Downloaded AAPL/1760100661.json -> /tmp/minio_downloads/1760100661.json
[2025-10-14T14:18:11.880+0000] {logging_mixin.py:188} INFO - Downloaded AAPL/1760100671.json -> /tmp/minio_downloads/1760100671.json
[2025-10-14T14:18:11.887+0000] {logging_mixin.py:188} INFO - Downloaded AAPL/1760100680.json -> /tmp/minio_downloads/1760100680.json
[2025-10-14T14:18:11.897+0000] {logging_mixin.py:188} INFO - Downloaded AAPL/1760100689.json -> /tmp/minio_downloads/1760100689.json
[2025-10-14T14:18:11.906+0000] {logging_mixin.py:188} INFO - Downloaded AAPL/1760100698.json -> /tmp/minio_downloads/1760100698.json
[2025-10-14T14:18:11.915+0000] {logging_mixin.py:188} INFO - Downloaded AAPL/1760100708.json -> /tmp/minio_downloads/1760100708.json
[2025-10-14T14:18:11.923+0000] {logging_mixin.py:188} INFO - Downloaded AAPL/1760100717.json -> /tmp/minio_downloads/1760100717.json
[2025-10-14T14:18:11.931+0000] {logging_mixin.py:188} INFO - Downloaded AAPL/1760100726.json -> /tmp/minio_downloads/1760100726.json
[2025-10-14T14:18:11.941+0000] {logging_mixin.py:188} INFO - Downloaded AAPL/1760100736.json -> /tmp/minio_downloads/1760100736.json
[2025-10-14T14:18:11.949+0000] {logging_mixin.py:188} INFO - Downloaded AAPL/1760100745.json -> /tmp/minio_downloads/1760100745.json
[2025-10-14T14:18:11.960+0000] {logging_mixin.py:188} INFO - Downloaded AAPL/1760100755.json -> /tmp/minio_downloads/1760100755.json
[2025-10-14T14:18:11.969+0000] {logging_mixin.py:188} INFO - Downloaded AAPL/1760100764.json -> /tmp/minio_downloads/1760100764.json
[2025-10-14T14:18:11.978+0000] {logging_mixin.py:188} INFO - Downloaded AAPL/1760100774.json -> /tmp/minio_downloads/1760100774.json
[2025-10-14T14:18:11.990+0000] {logging_mixin.py:188} INFO - Downloaded AAPL/1760100783.json -> /tmp/minio_downloads/1760100783.json
[2025-10-14T14:18:12.000+0000] {logging_mixin.py:188} INFO - Downloaded AAPL/1760100793.json -> /tmp/minio_downloads/1760100793.json
[2025-10-14T14:18:12.008+0000] {logging_mixin.py:188} INFO - Downloaded AAPL/1760100802.json -> /tmp/minio_downloads/1760100802.json
[2025-10-14T14:18:12.015+0000] {logging_mixin.py:188} INFO - Downloaded AAPL/1760100811.json -> /tmp/minio_downloads/1760100811.json
[2025-10-14T14:18:12.022+0000] {logging_mixin.py:188} INFO - Downloaded AAPL/1760100820.json -> /tmp/minio_downloads/1760100820.json
[2025-10-14T14:18:12.029+0000] {logging_mixin.py:188} INFO - Downloaded AAPL/1760100830.json -> /tmp/minio_downloads/1760100830.json
[2025-10-14T14:18:12.036+0000] {logging_mixin.py:188} INFO - Downloaded AAPL/1760100840.json -> /tmp/minio_downloads/1760100840.json
[2025-10-14T14:18:12.042+0000] {logging_mixin.py:188} INFO - Downloaded AAPL/1760100849.json -> /tmp/minio_downloads/1760100849.json
[2025-10-14T14:18:12.049+0000] {logging_mixin.py:188} INFO - Downloaded AAPL/1760100858.json -> /tmp/minio_downloads/1760100858.json
[2025-10-14T14:18:12.056+0000] {logging_mixin.py:188} INFO - Downloaded AAPL/1760100867.json -> /tmp/minio_downloads/1760100867.json
[2025-10-14T14:18:12.062+0000] {logging_mixin.py:188} INFO - Downloaded AAPL/1760100876.json -> /tmp/minio_downloads/1760100876.json
[2025-10-14T14:18:12.069+0000] {logging_mixin.py:188} INFO - Downloaded AAPL/1760100886.json -> /tmp/minio_downloads/1760100886.json
[2025-10-14T14:18:12.077+0000] {logging_mixin.py:188} INFO - Downloaded AAPL/1760100896.json -> /tmp/minio_downloads/1760100896.json
[2025-10-14T14:18:12.083+0000] {logging_mixin.py:188} INFO - Downloaded AAPL/1760100905.json -> /tmp/minio_downloads/1760100905.json
[2025-10-14T14:18:12.090+0000] {logging_mixin.py:188} INFO - Downloaded AAPL/1760100915.json -> /tmp/minio_downloads/1760100915.json
[2025-10-14T14:18:12.098+0000] {logging_mixin.py:188} INFO - Downloaded AAPL/1760100924.json -> /tmp/minio_downloads/1760100924.json
[2025-10-14T14:18:12.106+0000] {logging_mixin.py:188} INFO - Downloaded AAPL/1760100933.json -> /tmp/minio_downloads/1760100933.json
[2025-10-14T14:18:12.113+0000] {logging_mixin.py:188} INFO - Downloaded AAPL/1760100943.json -> /tmp/minio_downloads/1760100943.json
[2025-10-14T14:18:12.120+0000] {logging_mixin.py:188} INFO - Downloaded AAPL/1760100953.json -> /tmp/minio_downloads/1760100953.json
[2025-10-14T14:18:12.126+0000] {logging_mixin.py:188} INFO - Downloaded AAPL/1760100962.json -> /tmp/minio_downloads/1760100962.json
[2025-10-14T14:18:12.133+0000] {logging_mixin.py:188} INFO - Downloaded AAPL/1760100972.json -> /tmp/minio_downloads/1760100972.json
[2025-10-14T14:18:12.139+0000] {logging_mixin.py:188} INFO - Downloaded AAPL/1760100981.json -> /tmp/minio_downloads/1760100981.json
[2025-10-14T14:18:12.146+0000] {logging_mixin.py:188} INFO - Downloaded AAPL/1760100991.json -> /tmp/minio_downloads/1760100991.json
[2025-10-14T14:18:12.154+0000] {logging_mixin.py:188} INFO - Downloaded AAPL/1760101001.json -> /tmp/minio_downloads/1760101001.json
[2025-10-14T14:18:12.161+0000] {logging_mixin.py:188} INFO - Downloaded AAPL/1760101010.json -> /tmp/minio_downloads/1760101010.json
[2025-10-14T14:18:12.168+0000] {logging_mixin.py:188} INFO - Downloaded AAPL/1760101020.json -> /tmp/minio_downloads/1760101020.json
[2025-10-14T14:18:12.175+0000] {logging_mixin.py:188} INFO - Downloaded AAPL/1760101030.json -> /tmp/minio_downloads/1760101030.json
[2025-10-14T14:18:12.182+0000] {logging_mixin.py:188} INFO - Downloaded AAPL/1760101039.json -> /tmp/minio_downloads/1760101039.json
[2025-10-14T14:18:12.188+0000] {logging_mixin.py:188} INFO - Downloaded AAPL/1760101048.json -> /tmp/minio_downloads/1760101048.json
[2025-10-14T14:18:12.195+0000] {logging_mixin.py:188} INFO - Downloaded AAPL/1760101057.json -> /tmp/minio_downloads/1760101057.json
[2025-10-14T14:18:12.202+0000] {logging_mixin.py:188} INFO - Downloaded AAPL/1760101067.json -> /tmp/minio_downloads/1760101067.json
[2025-10-14T14:18:12.208+0000] {logging_mixin.py:188} INFO - Downloaded AAPL/1760101076.json -> /tmp/minio_downloads/1760101076.json
[2025-10-14T14:18:12.216+0000] {logging_mixin.py:188} INFO - Downloaded AAPL/1760101086.json -> /tmp/minio_downloads/1760101086.json
[2025-10-14T14:18:12.223+0000] {logging_mixin.py:188} INFO - Downloaded AAPL/1760101096.json -> /tmp/minio_downloads/1760101096.json
[2025-10-14T14:18:12.230+0000] {logging_mixin.py:188} INFO - Downloaded AAPL/1760101106.json -> /tmp/minio_downloads/1760101106.json
[2025-10-14T14:18:12.236+0000] {logging_mixin.py:188} INFO - Downloaded AAPL/1760101115.json -> /tmp/minio_downloads/1760101115.json
[2025-10-14T14:18:12.242+0000] {logging_mixin.py:188} INFO - Downloaded AAPL/1760101125.json -> /tmp/minio_downloads/1760101125.json
[2025-10-14T14:18:12.249+0000] {logging_mixin.py:188} INFO - Downloaded AAPL/1760101134.json -> /tmp/minio_downloads/1760101134.json
[2025-10-14T14:18:12.256+0000] {logging_mixin.py:188} INFO - Downloaded AAPL/1760101144.json -> /tmp/minio_downloads/1760101144.json
[2025-10-14T14:18:12.264+0000] {logging_mixin.py:188} INFO - Downloaded AAPL/1760101153.json -> /tmp/minio_downloads/1760101153.json
[2025-10-14T14:18:12.272+0000] {logging_mixin.py:188} INFO - Downloaded AAPL/1760101163.json -> /tmp/minio_downloads/1760101163.json
[2025-10-14T14:18:12.279+0000] {logging_mixin.py:188} INFO - Downloaded AAPL/1760101172.json -> /tmp/minio_downloads/1760101172.json
[2025-10-14T14:18:12.286+0000] {logging_mixin.py:188} INFO - Downloaded AAPL/1760101181.json -> /tmp/minio_downloads/1760101181.json
[2025-10-14T14:18:12.293+0000] {logging_mixin.py:188} INFO - Downloaded AAPL/1760101190.json -> /tmp/minio_downloads/1760101190.json
[2025-10-14T14:18:12.300+0000] {logging_mixin.py:188} INFO - Downloaded AAPL/1760101200.json -> /tmp/minio_downloads/1760101200.json
[2025-10-14T14:18:12.308+0000] {logging_mixin.py:188} INFO - Downloaded AAPL/1760101210.json -> /tmp/minio_downloads/1760101210.json
[2025-10-14T14:18:12.315+0000] {logging_mixin.py:188} INFO - Downloaded AAPL/1760101220.json -> /tmp/minio_downloads/1760101220.json
[2025-10-14T14:18:12.322+0000] {logging_mixin.py:188} INFO - Downloaded AAPL/1760101229.json -> /tmp/minio_downloads/1760101229.json
[2025-10-14T14:18:12.328+0000] {logging_mixin.py:188} INFO - Downloaded AAPL/1760101239.json -> /tmp/minio_downloads/1760101239.json
[2025-10-14T14:18:12.335+0000] {logging_mixin.py:188} INFO - Downloaded AAPL/1760101249.json -> /tmp/minio_downloads/1760101249.json
[2025-10-14T14:18:12.342+0000] {logging_mixin.py:188} INFO - Downloaded AAPL/1760101259.json -> /tmp/minio_downloads/1760101259.json
[2025-10-14T14:18:12.349+0000] {logging_mixin.py:188} INFO - Downloaded AAPL/1760101268.json -> /tmp/minio_downloads/1760101268.json
[2025-10-14T14:18:12.355+0000] {logging_mixin.py:188} INFO - Downloaded AAPL/1760101278.json -> /tmp/minio_downloads/1760101278.json
[2025-10-14T14:18:12.362+0000] {logging_mixin.py:188} INFO - Downloaded AAPL/1760101287.json -> /tmp/minio_downloads/1760101287.json
[2025-10-14T14:18:12.369+0000] {logging_mixin.py:188} INFO - Downloaded AAPL/1760101296.json -> /tmp/minio_downloads/1760101296.json
[2025-10-14T14:18:12.376+0000] {logging_mixin.py:188} INFO - Downloaded AAPL/1760101306.json -> /tmp/minio_downloads/1760101306.json
[2025-10-14T14:18:12.383+0000] {logging_mixin.py:188} INFO - Downloaded AAPL/1760101316.json -> /tmp/minio_downloads/1760101316.json
[2025-10-14T14:18:12.389+0000] {logging_mixin.py:188} INFO - Downloaded AAPL/1760101325.json -> /tmp/minio_downloads/1760101325.json
[2025-10-14T14:18:12.396+0000] {logging_mixin.py:188} INFO - Downloaded AAPL/1760101335.json -> /tmp/minio_downloads/1760101335.json
[2025-10-14T14:18:12.403+0000] {logging_mixin.py:188} INFO - Downloaded AAPL/1760101344.json -> /tmp/minio_downloads/1760101344.json
[2025-10-14T14:18:12.410+0000] {logging_mixin.py:188} INFO - Downloaded AAPL/1760101354.json -> /tmp/minio_downloads/1760101354.json
[2025-10-14T14:18:12.416+0000] {logging_mixin.py:188} INFO - Downloaded AAPL/1760101363.json -> /tmp/minio_downloads/1760101363.json
[2025-10-14T14:18:12.423+0000] {logging_mixin.py:188} INFO - Downloaded AAPL/1760101373.json -> /tmp/minio_downloads/1760101373.json
[2025-10-14T14:18:12.431+0000] {logging_mixin.py:188} INFO - Downloaded AAPL/1760101382.json -> /tmp/minio_downloads/1760101382.json
[2025-10-14T14:18:12.437+0000] {logging_mixin.py:188} INFO - Downloaded AAPL/1760101391.json -> /tmp/minio_downloads/1760101391.json
[2025-10-14T14:18:12.445+0000] {logging_mixin.py:188} INFO - Downloaded AAPL/1760101401.json -> /tmp/minio_downloads/1760101401.json
[2025-10-14T14:18:12.453+0000] {logging_mixin.py:188} INFO - Downloaded AAPL/1760101410.json -> /tmp/minio_downloads/1760101410.json
[2025-10-14T14:18:12.460+0000] {logging_mixin.py:188} INFO - Downloaded AAPL/1760101421.json -> /tmp/minio_downloads/1760101421.json
[2025-10-14T14:18:12.468+0000] {logging_mixin.py:188} INFO - Downloaded AAPL/1760101430.json -> /tmp/minio_downloads/1760101430.json
[2025-10-14T14:18:12.475+0000] {logging_mixin.py:188} INFO - Downloaded AAPL/1760101440.json -> /tmp/minio_downloads/1760101440.json
[2025-10-14T14:18:12.481+0000] {logging_mixin.py:188} INFO - Downloaded AAPL/1760101450.json -> /tmp/minio_downloads/1760101450.json
[2025-10-14T14:18:12.487+0000] {logging_mixin.py:188} INFO - Downloaded AAPL/1760101460.json -> /tmp/minio_downloads/1760101460.json
[2025-10-14T14:18:12.494+0000] {logging_mixin.py:188} INFO - Downloaded AAPL/1760101470.json -> /tmp/minio_downloads/1760101470.json
[2025-10-14T14:18:12.503+0000] {logging_mixin.py:188} INFO - Downloaded AAPL/1760101479.json -> /tmp/minio_downloads/1760101479.json
[2025-10-14T14:18:12.514+0000] {logging_mixin.py:188} INFO - Downloaded AAPL/1760101489.json -> /tmp/minio_downloads/1760101489.json
[2025-10-14T14:18:12.525+0000] {logging_mixin.py:188} INFO - Downloaded AAPL/1760101499.json -> /tmp/minio_downloads/1760101499.json
[2025-10-14T14:18:12.533+0000] {logging_mixin.py:188} INFO - Downloaded AAPL/1760101508.json -> /tmp/minio_downloads/1760101508.json
[2025-10-14T14:18:12.541+0000] {logging_mixin.py:188} INFO - Downloaded AAPL/1760101518.json -> /tmp/minio_downloads/1760101518.json
[2025-10-14T14:18:12.550+0000] {logging_mixin.py:188} INFO - Downloaded AAPL/1760101527.json -> /tmp/minio_downloads/1760101527.json
[2025-10-14T14:18:12.559+0000] {logging_mixin.py:188} INFO - Downloaded AAPL/1760101537.json -> /tmp/minio_downloads/1760101537.json
[2025-10-14T14:18:12.568+0000] {logging_mixin.py:188} INFO - Downloaded AAPL/1760101546.json -> /tmp/minio_downloads/1760101546.json
[2025-10-14T14:18:12.575+0000] {logging_mixin.py:188} INFO - Downloaded AAPL/1760101555.json -> /tmp/minio_downloads/1760101555.json
[2025-10-14T14:18:12.583+0000] {logging_mixin.py:188} INFO - Downloaded AAPL/1760101565.json -> /tmp/minio_downloads/1760101565.json
[2025-10-14T14:18:12.590+0000] {logging_mixin.py:188} INFO - Downloaded AAPL/1760101575.json -> /tmp/minio_downloads/1760101575.json
[2025-10-14T14:18:12.600+0000] {logging_mixin.py:188} INFO - Downloaded AAPL/1760101584.json -> /tmp/minio_downloads/1760101584.json
[2025-10-14T14:18:12.611+0000] {logging_mixin.py:188} INFO - Downloaded AAPL/1760101594.json -> /tmp/minio_downloads/1760101594.json
[2025-10-14T14:18:12.619+0000] {logging_mixin.py:188} INFO - Downloaded AAPL/1760101603.json -> /tmp/minio_downloads/1760101603.json
[2025-10-14T14:18:12.627+0000] {logging_mixin.py:188} INFO - Downloaded AAPL/1760101613.json -> /tmp/minio_downloads/1760101613.json
[2025-10-14T14:18:12.634+0000] {logging_mixin.py:188} INFO - Downloaded AAPL/1760101622.json -> /tmp/minio_downloads/1760101622.json
[2025-10-14T14:18:12.642+0000] {logging_mixin.py:188} INFO - Downloaded AAPL/1760101631.json -> /tmp/minio_downloads/1760101631.json
[2025-10-14T14:18:12.650+0000] {logging_mixin.py:188} INFO - Downloaded AAPL/1760101641.json -> /tmp/minio_downloads/1760101641.json
[2025-10-14T14:18:12.656+0000] {logging_mixin.py:188} INFO - Downloaded AAPL/1760101650.json -> /tmp/minio_downloads/1760101650.json
[2025-10-14T14:18:12.663+0000] {logging_mixin.py:188} INFO - Downloaded AAPL/1760101659.json -> /tmp/minio_downloads/1760101659.json
[2025-10-14T14:18:12.670+0000] {logging_mixin.py:188} INFO - Downloaded AAPL/1760101668.json -> /tmp/minio_downloads/1760101668.json
[2025-10-14T14:18:12.677+0000] {logging_mixin.py:188} INFO - Downloaded AAPL/1760101677.json -> /tmp/minio_downloads/1760101677.json
[2025-10-14T14:18:12.683+0000] {logging_mixin.py:188} INFO - Downloaded AAPL/1760101687.json -> /tmp/minio_downloads/1760101687.json
[2025-10-14T14:18:12.691+0000] {logging_mixin.py:188} INFO - Downloaded AAPL/1760101696.json -> /tmp/minio_downloads/1760101696.json
[2025-10-14T14:18:12.699+0000] {logging_mixin.py:188} INFO - Downloaded AAPL/1760101705.json -> /tmp/minio_downloads/1760101705.json
[2025-10-14T14:18:12.708+0000] {logging_mixin.py:188} INFO - Downloaded AAPL/1760101715.json -> /tmp/minio_downloads/1760101715.json
[2025-10-14T14:18:12.717+0000] {logging_mixin.py:188} INFO - Downloaded AAPL/1760101724.json -> /tmp/minio_downloads/1760101724.json
[2025-10-14T14:18:12.726+0000] {logging_mixin.py:188} INFO - Downloaded AAPL/1760101733.json -> /tmp/minio_downloads/1760101733.json
[2025-10-14T14:18:12.734+0000] {logging_mixin.py:188} INFO - Downloaded AAPL/1760101743.json -> /tmp/minio_downloads/1760101743.json
[2025-10-14T14:18:12.742+0000] {logging_mixin.py:188} INFO - Downloaded AAPL/1760101752.json -> /tmp/minio_downloads/1760101752.json
[2025-10-14T14:18:12.751+0000] {logging_mixin.py:188} INFO - Downloaded AAPL/1760101762.json -> /tmp/minio_downloads/1760101762.json
[2025-10-14T14:18:12.759+0000] {logging_mixin.py:188} INFO - Downloaded AAPL/1760101772.json -> /tmp/minio_downloads/1760101772.json
[2025-10-14T14:18:12.767+0000] {logging_mixin.py:188} INFO - Downloaded AAPL/1760101781.json -> /tmp/minio_downloads/1760101781.json
[2025-10-14T14:18:12.776+0000] {logging_mixin.py:188} INFO - Downloaded AAPL/1760101791.json -> /tmp/minio_downloads/1760101791.json
[2025-10-14T14:18:12.784+0000] {logging_mixin.py:188} INFO - Downloaded AAPL/1760101801.json -> /tmp/minio_downloads/1760101801.json
[2025-10-14T14:18:12.791+0000] {logging_mixin.py:188} INFO - Downloaded AAPL/1760101810.json -> /tmp/minio_downloads/1760101810.json
[2025-10-14T14:18:12.797+0000] {logging_mixin.py:188} INFO - Downloaded AAPL/1760101819.json -> /tmp/minio_downloads/1760101819.json
[2025-10-14T14:18:12.803+0000] {logging_mixin.py:188} INFO - Downloaded AAPL/1760101829.json -> /tmp/minio_downloads/1760101829.json
[2025-10-14T14:18:12.810+0000] {logging_mixin.py:188} INFO - Downloaded AAPL/1760101838.json -> /tmp/minio_downloads/1760101838.json
[2025-10-14T14:18:12.817+0000] {logging_mixin.py:188} INFO - Downloaded AAPL/1760101848.json -> /tmp/minio_downloads/1760101848.json
[2025-10-14T14:18:12.823+0000] {logging_mixin.py:188} INFO - Downloaded AAPL/1760101857.json -> /tmp/minio_downloads/1760101857.json
[2025-10-14T14:18:12.830+0000] {logging_mixin.py:188} INFO - Downloaded AAPL/1760101867.json -> /tmp/minio_downloads/1760101867.json
[2025-10-14T14:18:12.838+0000] {logging_mixin.py:188} INFO - Downloaded AAPL/1760101877.json -> /tmp/minio_downloads/1760101877.json
[2025-10-14T14:18:12.844+0000] {logging_mixin.py:188} INFO - Downloaded AAPL/1760101886.json -> /tmp/minio_downloads/1760101886.json
[2025-10-14T14:18:12.851+0000] {logging_mixin.py:188} INFO - Downloaded AAPL/1760101896.json -> /tmp/minio_downloads/1760101896.json
[2025-10-14T14:18:12.857+0000] {logging_mixin.py:188} INFO - Downloaded AAPL/1760101905.json -> /tmp/minio_downloads/1760101905.json
[2025-10-14T14:18:12.864+0000] {logging_mixin.py:188} INFO - Downloaded AAPL/1760101915.json -> /tmp/minio_downloads/1760101915.json
[2025-10-14T14:18:12.871+0000] {logging_mixin.py:188} INFO - Downloaded AAPL/1760101925.json -> /tmp/minio_downloads/1760101925.json
[2025-10-14T14:18:12.877+0000] {logging_mixin.py:188} INFO - Downloaded AAPL/1760101935.json -> /tmp/minio_downloads/1760101935.json
[2025-10-14T14:18:12.884+0000] {logging_mixin.py:188} INFO - Downloaded AAPL/1760101944.json -> /tmp/minio_downloads/1760101944.json
[2025-10-14T14:18:12.891+0000] {logging_mixin.py:188} INFO - Downloaded AAPL/1760101954.json -> /tmp/minio_downloads/1760101954.json
[2025-10-14T14:18:12.898+0000] {logging_mixin.py:188} INFO - Downloaded AAPL/1760101964.json -> /tmp/minio_downloads/1760101964.json
[2025-10-14T14:18:12.905+0000] {logging_mixin.py:188} INFO - Downloaded AAPL/1760101974.json -> /tmp/minio_downloads/1760101974.json
[2025-10-14T14:18:12.912+0000] {logging_mixin.py:188} INFO - Downloaded AAPL/1760101983.json -> /tmp/minio_downloads/1760101983.json
[2025-10-14T14:18:12.919+0000] {logging_mixin.py:188} INFO - Downloaded AAPL/1760101993.json -> /tmp/minio_downloads/1760101993.json
[2025-10-14T14:18:12.926+0000] {logging_mixin.py:188} INFO - Downloaded AAPL/1760102003.json -> /tmp/minio_downloads/1760102003.json
[2025-10-14T14:18:12.933+0000] {logging_mixin.py:188} INFO - Downloaded AAPL/1760102012.json -> /tmp/minio_downloads/1760102012.json
[2025-10-14T14:18:12.942+0000] {logging_mixin.py:188} INFO - Downloaded AAPL/1760102021.json -> /tmp/minio_downloads/1760102021.json
[2025-10-14T14:18:12.950+0000] {logging_mixin.py:188} INFO - Downloaded AAPL/1760102031.json -> /tmp/minio_downloads/1760102031.json
[2025-10-14T14:18:12.958+0000] {logging_mixin.py:188} INFO - Downloaded AAPL/1760102040.json -> /tmp/minio_downloads/1760102040.json
[2025-10-14T14:18:12.964+0000] {logging_mixin.py:188} INFO - Downloaded AAPL/1760102050.json -> /tmp/minio_downloads/1760102050.json
[2025-10-14T14:18:12.970+0000] {logging_mixin.py:188} INFO - Downloaded AAPL/1760102060.json -> /tmp/minio_downloads/1760102060.json
[2025-10-14T14:18:12.977+0000] {logging_mixin.py:188} INFO - Downloaded AAPL/1760102069.json -> /tmp/minio_downloads/1760102069.json
[2025-10-14T14:18:12.984+0000] {logging_mixin.py:188} INFO - Downloaded AAPL/1760102078.json -> /tmp/minio_downloads/1760102078.json
[2025-10-14T14:18:12.991+0000] {logging_mixin.py:188} INFO - Downloaded AMZN/1760097976.json -> /tmp/minio_downloads/1760097976.json
[2025-10-14T14:18:12.997+0000] {logging_mixin.py:188} INFO - Downloaded AMZN/1760097985.json -> /tmp/minio_downloads/1760097985.json
[2025-10-14T14:18:13.004+0000] {logging_mixin.py:188} INFO - Downloaded AMZN/1760097994.json -> /tmp/minio_downloads/1760097994.json
[2025-10-14T14:18:13.011+0000] {logging_mixin.py:188} INFO - Downloaded AMZN/1760098004.json -> /tmp/minio_downloads/1760098004.json
[2025-10-14T14:18:13.020+0000] {logging_mixin.py:188} INFO - Downloaded AMZN/1760098013.json -> /tmp/minio_downloads/1760098013.json
[2025-10-14T14:18:13.031+0000] {logging_mixin.py:188} INFO - Downloaded AMZN/1760098022.json -> /tmp/minio_downloads/1760098022.json
[2025-10-14T14:18:13.041+0000] {logging_mixin.py:188} INFO - Downloaded AMZN/1760098031.json -> /tmp/minio_downloads/1760098031.json
[2025-10-14T14:18:13.048+0000] {logging_mixin.py:188} INFO - Downloaded AMZN/1760098040.json -> /tmp/minio_downloads/1760098040.json
[2025-10-14T14:18:13.055+0000] {logging_mixin.py:188} INFO - Downloaded AMZN/1760098049.json -> /tmp/minio_downloads/1760098049.json
[2025-10-14T14:18:13.062+0000] {logging_mixin.py:188} INFO - Downloaded AMZN/1760098058.json -> /tmp/minio_downloads/1760098058.json
[2025-10-14T14:18:13.069+0000] {logging_mixin.py:188} INFO - Downloaded AMZN/1760098066.json -> /tmp/minio_downloads/1760098066.json
[2025-10-14T14:18:13.076+0000] {logging_mixin.py:188} INFO - Downloaded AMZN/1760098075.json -> /tmp/minio_downloads/1760098075.json
[2025-10-14T14:18:13.083+0000] {logging_mixin.py:188} INFO - Downloaded AMZN/1760098084.json -> /tmp/minio_downloads/1760098084.json
[2025-10-14T14:18:13.089+0000] {logging_mixin.py:188} INFO - Downloaded AMZN/1760098093.json -> /tmp/minio_downloads/1760098093.json
[2025-10-14T14:18:13.098+0000] {logging_mixin.py:188} INFO - Downloaded AMZN/1760098103.json -> /tmp/minio_downloads/1760098103.json
[2025-10-14T14:18:13.108+0000] {logging_mixin.py:188} INFO - Downloaded AMZN/1760098112.json -> /tmp/minio_downloads/1760098112.json
[2025-10-14T14:18:13.117+0000] {logging_mixin.py:188} INFO - Downloaded AMZN/1760098121.json -> /tmp/minio_downloads/1760098121.json
[2025-10-14T14:18:13.128+0000] {logging_mixin.py:188} INFO - Downloaded AMZN/1760098130.json -> /tmp/minio_downloads/1760098130.json
[2025-10-14T14:18:13.138+0000] {logging_mixin.py:188} INFO - Downloaded AMZN/1760098139.json -> /tmp/minio_downloads/1760098139.json
[2025-10-14T14:18:13.148+0000] {logging_mixin.py:188} INFO - Downloaded AMZN/1760098147.json -> /tmp/minio_downloads/1760098147.json
[2025-10-14T14:18:13.159+0000] {logging_mixin.py:188} INFO - Downloaded AMZN/1760098156.json -> /tmp/minio_downloads/1760098156.json
[2025-10-14T14:18:13.167+0000] {logging_mixin.py:188} INFO - Downloaded AMZN/1760098406.json -> /tmp/minio_downloads/1760098406.json
[2025-10-14T14:18:13.177+0000] {logging_mixin.py:188} INFO - Downloaded AMZN/1760098415.json -> /tmp/minio_downloads/1760098415.json
[2025-10-14T14:18:13.186+0000] {logging_mixin.py:188} INFO - Downloaded AMZN/1760098425.json -> /tmp/minio_downloads/1760098425.json
[2025-10-14T14:18:13.194+0000] {logging_mixin.py:188} INFO - Downloaded AMZN/1760098435.json -> /tmp/minio_downloads/1760098435.json
[2025-10-14T14:18:13.202+0000] {logging_mixin.py:188} INFO - Downloaded AMZN/1760098444.json -> /tmp/minio_downloads/1760098444.json
[2025-10-14T14:18:13.209+0000] {logging_mixin.py:188} INFO - Downloaded AMZN/1760098454.json -> /tmp/minio_downloads/1760098454.json
[2025-10-14T14:18:13.216+0000] {logging_mixin.py:188} INFO - Downloaded AMZN/1760098463.json -> /tmp/minio_downloads/1760098463.json
[2025-10-14T14:18:13.222+0000] {logging_mixin.py:188} INFO - Downloaded AMZN/1760098473.json -> /tmp/minio_downloads/1760098473.json
[2025-10-14T14:18:13.228+0000] {logging_mixin.py:188} INFO - Downloaded AMZN/1760098483.json -> /tmp/minio_downloads/1760098483.json
[2025-10-14T14:18:13.235+0000] {logging_mixin.py:188} INFO - Downloaded AMZN/1760098492.json -> /tmp/minio_downloads/1760098492.json
[2025-10-14T14:18:13.241+0000] {logging_mixin.py:188} INFO - Downloaded AMZN/1760098502.json -> /tmp/minio_downloads/1760098502.json
[2025-10-14T14:18:13.248+0000] {logging_mixin.py:188} INFO - Downloaded AMZN/1760098511.json -> /tmp/minio_downloads/1760098511.json
[2025-10-14T14:18:13.254+0000] {logging_mixin.py:188} INFO - Downloaded AMZN/1760098520.json -> /tmp/minio_downloads/1760098520.json
[2025-10-14T14:18:13.260+0000] {logging_mixin.py:188} INFO - Downloaded AMZN/1760098530.json -> /tmp/minio_downloads/1760098530.json
[2025-10-14T14:18:13.266+0000] {logging_mixin.py:188} INFO - Downloaded AMZN/1760098540.json -> /tmp/minio_downloads/1760098540.json
[2025-10-14T14:18:13.272+0000] {logging_mixin.py:188} INFO - Downloaded AMZN/1760098549.json -> /tmp/minio_downloads/1760098549.json
[2025-10-14T14:18:13.278+0000] {logging_mixin.py:188} INFO - Downloaded AMZN/1760098559.json -> /tmp/minio_downloads/1760098559.json
[2025-10-14T14:18:13.284+0000] {logging_mixin.py:188} INFO - Downloaded AMZN/1760098568.json -> /tmp/minio_downloads/1760098568.json
[2025-10-14T14:18:13.291+0000] {logging_mixin.py:188} INFO - Downloaded AMZN/1760098578.json -> /tmp/minio_downloads/1760098578.json
[2025-10-14T14:18:13.299+0000] {logging_mixin.py:188} INFO - Downloaded AMZN/1760098587.json -> /tmp/minio_downloads/1760098587.json
[2025-10-14T14:18:13.305+0000] {logging_mixin.py:188} INFO - Downloaded AMZN/1760098597.json -> /tmp/minio_downloads/1760098597.json
[2025-10-14T14:18:13.312+0000] {logging_mixin.py:188} INFO - Downloaded AMZN/1760098607.json -> /tmp/minio_downloads/1760098607.json
[2025-10-14T14:18:13.318+0000] {logging_mixin.py:188} INFO - Downloaded AMZN/1760098617.json -> /tmp/minio_downloads/1760098617.json
[2025-10-14T14:18:13.326+0000] {logging_mixin.py:188} INFO - Downloaded AMZN/1760098627.json -> /tmp/minio_downloads/1760098627.json
[2025-10-14T14:18:13.333+0000] {logging_mixin.py:188} INFO - Downloaded AMZN/1760098636.json -> /tmp/minio_downloads/1760098636.json
[2025-10-14T14:18:13.340+0000] {logging_mixin.py:188} INFO - Downloaded AMZN/1760098646.json -> /tmp/minio_downloads/1760098646.json
[2025-10-14T14:18:13.347+0000] {logging_mixin.py:188} INFO - Downloaded AMZN/1760098656.json -> /tmp/minio_downloads/1760098656.json
[2025-10-14T14:18:13.354+0000] {logging_mixin.py:188} INFO - Downloaded AMZN/1760098665.json -> /tmp/minio_downloads/1760098665.json
[2025-10-14T14:18:13.362+0000] {logging_mixin.py:188} INFO - Downloaded AMZN/1760098675.json -> /tmp/minio_downloads/1760098675.json
[2025-10-14T14:18:13.369+0000] {logging_mixin.py:188} INFO - Downloaded AMZN/1760098684.json -> /tmp/minio_downloads/1760098684.json
[2025-10-14T14:18:13.377+0000] {logging_mixin.py:188} INFO - Downloaded AMZN/1760098694.json -> /tmp/minio_downloads/1760098694.json
[2025-10-14T14:18:13.387+0000] {logging_mixin.py:188} INFO - Downloaded AMZN/1760098703.json -> /tmp/minio_downloads/1760098703.json
[2025-10-14T14:18:13.396+0000] {logging_mixin.py:188} INFO - Downloaded AMZN/1760098712.json -> /tmp/minio_downloads/1760098712.json
[2025-10-14T14:18:13.404+0000] {logging_mixin.py:188} INFO - Downloaded AMZN/1760098721.json -> /tmp/minio_downloads/1760098721.json
[2025-10-14T14:18:13.411+0000] {logging_mixin.py:188} INFO - Downloaded AMZN/1760098731.json -> /tmp/minio_downloads/1760098731.json
[2025-10-14T14:18:13.419+0000] {logging_mixin.py:188} INFO - Downloaded AMZN/1760098741.json -> /tmp/minio_downloads/1760098741.json
[2025-10-14T14:18:13.428+0000] {logging_mixin.py:188} INFO - Downloaded AMZN/1760098750.json -> /tmp/minio_downloads/1760098750.json
[2025-10-14T14:18:13.435+0000] {logging_mixin.py:188} INFO - Downloaded AMZN/1760098760.json -> /tmp/minio_downloads/1760098760.json
[2025-10-14T14:18:13.442+0000] {logging_mixin.py:188} INFO - Downloaded AMZN/1760098769.json -> /tmp/minio_downloads/1760098769.json
[2025-10-14T14:18:13.449+0000] {logging_mixin.py:188} INFO - Downloaded AMZN/1760098778.json -> /tmp/minio_downloads/1760098778.json
[2025-10-14T14:18:13.455+0000] {logging_mixin.py:188} INFO - Downloaded AMZN/1760098788.json -> /tmp/minio_downloads/1760098788.json
[2025-10-14T14:18:13.461+0000] {logging_mixin.py:188} INFO - Downloaded AMZN/1760098797.json -> /tmp/minio_downloads/1760098797.json
[2025-10-14T14:18:13.468+0000] {logging_mixin.py:188} INFO - Downloaded AMZN/1760098807.json -> /tmp/minio_downloads/1760098807.json
[2025-10-14T14:18:13.475+0000] {logging_mixin.py:188} INFO - Downloaded AMZN/1760098817.json -> /tmp/minio_downloads/1760098817.json
[2025-10-14T14:18:13.482+0000] {logging_mixin.py:188} INFO - Downloaded AMZN/1760098826.json -> /tmp/minio_downloads/1760098826.json
[2025-10-14T14:18:13.490+0000] {logging_mixin.py:188} INFO - Downloaded AMZN/1760098835.json -> /tmp/minio_downloads/1760098835.json
[2025-10-14T14:18:13.496+0000] {logging_mixin.py:188} INFO - Downloaded AMZN/1760098844.json -> /tmp/minio_downloads/1760098844.json
[2025-10-14T14:18:13.503+0000] {logging_mixin.py:188} INFO - Downloaded AMZN/1760098854.json -> /tmp/minio_downloads/1760098854.json
[2025-10-14T14:18:13.511+0000] {logging_mixin.py:188} INFO - Downloaded AMZN/1760098863.json -> /tmp/minio_downloads/1760098863.json
[2025-10-14T14:18:13.518+0000] {logging_mixin.py:188} INFO - Downloaded AMZN/1760098872.json -> /tmp/minio_downloads/1760098872.json
[2025-10-14T14:18:13.526+0000] {logging_mixin.py:188} INFO - Downloaded AMZN/1760098881.json -> /tmp/minio_downloads/1760098881.json
[2025-10-14T14:18:13.533+0000] {logging_mixin.py:188} INFO - Downloaded AMZN/1760098890.json -> /tmp/minio_downloads/1760098890.json
[2025-10-14T14:18:13.539+0000] {logging_mixin.py:188} INFO - Downloaded AMZN/1760098899.json -> /tmp/minio_downloads/1760098899.json
[2025-10-14T14:18:13.546+0000] {logging_mixin.py:188} INFO - Downloaded AMZN/1760098909.json -> /tmp/minio_downloads/1760098909.json
[2025-10-14T14:18:13.552+0000] {logging_mixin.py:188} INFO - Downloaded AMZN/1760098918.json -> /tmp/minio_downloads/1760098918.json
[2025-10-14T14:18:13.559+0000] {logging_mixin.py:188} INFO - Downloaded AMZN/1760098928.json -> /tmp/minio_downloads/1760098928.json
[2025-10-14T14:18:13.565+0000] {logging_mixin.py:188} INFO - Downloaded AMZN/1760098937.json -> /tmp/minio_downloads/1760098937.json
[2025-10-14T14:18:13.574+0000] {logging_mixin.py:188} INFO - Downloaded AMZN/1760098947.json -> /tmp/minio_downloads/1760098947.json
[2025-10-14T14:18:13.583+0000] {logging_mixin.py:188} INFO - Downloaded AMZN/1760098957.json -> /tmp/minio_downloads/1760098957.json
[2025-10-14T14:18:13.591+0000] {logging_mixin.py:188} INFO - Downloaded AMZN/1760098967.json -> /tmp/minio_downloads/1760098967.json
[2025-10-14T14:18:13.599+0000] {logging_mixin.py:188} INFO - Downloaded AMZN/1760098976.json -> /tmp/minio_downloads/1760098976.json
[2025-10-14T14:18:13.607+0000] {logging_mixin.py:188} INFO - Downloaded AMZN/1760098986.json -> /tmp/minio_downloads/1760098986.json
[2025-10-14T14:18:13.615+0000] {logging_mixin.py:188} INFO - Downloaded AMZN/1760098995.json -> /tmp/minio_downloads/1760098995.json
[2025-10-14T14:18:13.624+0000] {logging_mixin.py:188} INFO - Downloaded AMZN/1760099005.json -> /tmp/minio_downloads/1760099005.json
[2025-10-14T14:18:13.630+0000] {logging_mixin.py:188} INFO - Downloaded AMZN/1760099014.json -> /tmp/minio_downloads/1760099014.json
[2025-10-14T14:18:13.636+0000] {logging_mixin.py:188} INFO - Downloaded AMZN/1760099024.json -> /tmp/minio_downloads/1760099024.json
[2025-10-14T14:18:13.643+0000] {logging_mixin.py:188} INFO - Downloaded AMZN/1760099033.json -> /tmp/minio_downloads/1760099033.json
[2025-10-14T14:18:13.649+0000] {logging_mixin.py:188} INFO - Downloaded AMZN/1760099042.json -> /tmp/minio_downloads/1760099042.json
[2025-10-14T14:18:13.656+0000] {logging_mixin.py:188} INFO - Downloaded AMZN/1760099051.json -> /tmp/minio_downloads/1760099051.json
[2025-10-14T14:18:13.662+0000] {logging_mixin.py:188} INFO - Downloaded AMZN/1760099061.json -> /tmp/minio_downloads/1760099061.json
[2025-10-14T14:18:13.669+0000] {logging_mixin.py:188} INFO - Downloaded AMZN/1760099070.json -> /tmp/minio_downloads/1760099070.json
[2025-10-14T14:18:13.675+0000] {logging_mixin.py:188} INFO - Downloaded AMZN/1760099080.json -> /tmp/minio_downloads/1760099080.json
[2025-10-14T14:18:13.681+0000] {logging_mixin.py:188} INFO - Downloaded AMZN/1760099089.json -> /tmp/minio_downloads/1760099089.json
[2025-10-14T14:18:13.687+0000] {logging_mixin.py:188} INFO - Downloaded AMZN/1760099098.json -> /tmp/minio_downloads/1760099098.json
[2025-10-14T14:18:13.694+0000] {logging_mixin.py:188} INFO - Downloaded AMZN/1760099108.json -> /tmp/minio_downloads/1760099108.json
[2025-10-14T14:18:13.701+0000] {logging_mixin.py:188} INFO - Downloaded AMZN/1760099118.json -> /tmp/minio_downloads/1760099118.json
[2025-10-14T14:18:13.707+0000] {logging_mixin.py:188} INFO - Downloaded AMZN/1760099128.json -> /tmp/minio_downloads/1760099128.json
[2025-10-14T14:18:13.714+0000] {logging_mixin.py:188} INFO - Downloaded AMZN/1760099137.json -> /tmp/minio_downloads/1760099137.json
[2025-10-14T14:18:13.721+0000] {logging_mixin.py:188} INFO - Downloaded AMZN/1760099147.json -> /tmp/minio_downloads/1760099147.json
[2025-10-14T14:18:13.728+0000] {logging_mixin.py:188} INFO - Downloaded AMZN/1760099157.json -> /tmp/minio_downloads/1760099157.json
[2025-10-14T14:18:13.735+0000] {logging_mixin.py:188} INFO - Downloaded AMZN/1760099167.json -> /tmp/minio_downloads/1760099167.json
[2025-10-14T14:18:13.741+0000] {logging_mixin.py:188} INFO - Downloaded AMZN/1760099176.json -> /tmp/minio_downloads/1760099176.json
[2025-10-14T14:18:13.749+0000] {logging_mixin.py:188} INFO - Downloaded AMZN/1760099185.json -> /tmp/minio_downloads/1760099185.json
[2025-10-14T14:18:13.756+0000] {logging_mixin.py:188} INFO - Downloaded AMZN/1760099195.json -> /tmp/minio_downloads/1760099195.json
[2025-10-14T14:18:13.763+0000] {logging_mixin.py:188} INFO - Downloaded AMZN/1760099204.json -> /tmp/minio_downloads/1760099204.json
[2025-10-14T14:18:13.771+0000] {logging_mixin.py:188} INFO - Downloaded AMZN/1760099213.json -> /tmp/minio_downloads/1760099213.json
[2025-10-14T14:18:13.778+0000] {logging_mixin.py:188} INFO - Downloaded AMZN/1760099222.json -> /tmp/minio_downloads/1760099222.json
[2025-10-14T14:18:13.784+0000] {logging_mixin.py:188} INFO - Downloaded AMZN/1760099231.json -> /tmp/minio_downloads/1760099231.json
[2025-10-14T14:18:13.792+0000] {logging_mixin.py:188} INFO - Downloaded AMZN/1760099241.json -> /tmp/minio_downloads/1760099241.json
[2025-10-14T14:18:13.801+0000] {logging_mixin.py:188} INFO - Downloaded AMZN/1760099250.json -> /tmp/minio_downloads/1760099250.json
[2025-10-14T14:18:13.808+0000] {logging_mixin.py:188} INFO - Downloaded AMZN/1760099259.json -> /tmp/minio_downloads/1760099259.json
[2025-10-14T14:18:13.816+0000] {logging_mixin.py:188} INFO - Downloaded AMZN/1760099268.json -> /tmp/minio_downloads/1760099268.json
[2025-10-14T14:18:13.822+0000] {logging_mixin.py:188} INFO - Downloaded AMZN/1760099278.json -> /tmp/minio_downloads/1760099278.json
[2025-10-14T14:18:13.830+0000] {logging_mixin.py:188} INFO - Downloaded AMZN/1760099287.json -> /tmp/minio_downloads/1760099287.json
[2025-10-14T14:18:13.839+0000] {logging_mixin.py:188} INFO - Downloaded AMZN/1760099296.json -> /tmp/minio_downloads/1760099296.json
[2025-10-14T14:18:13.849+0000] {logging_mixin.py:188} INFO - Downloaded AMZN/1760099305.json -> /tmp/minio_downloads/1760099305.json
[2025-10-14T14:18:13.859+0000] {logging_mixin.py:188} INFO - Downloaded AMZN/1760099315.json -> /tmp/minio_downloads/1760099315.json
[2025-10-14T14:18:13.866+0000] {logging_mixin.py:188} INFO - Downloaded AMZN/1760099324.json -> /tmp/minio_downloads/1760099324.json
[2025-10-14T14:18:13.872+0000] {logging_mixin.py:188} INFO - Downloaded AMZN/1760099333.json -> /tmp/minio_downloads/1760099333.json
[2025-10-14T14:18:13.879+0000] {logging_mixin.py:188} INFO - Downloaded AMZN/1760099342.json -> /tmp/minio_downloads/1760099342.json
[2025-10-14T14:18:13.885+0000] {logging_mixin.py:188} INFO - Downloaded AMZN/1760099352.json -> /tmp/minio_downloads/1760099352.json
[2025-10-14T14:18:13.892+0000] {logging_mixin.py:188} INFO - Downloaded AMZN/1760099362.json -> /tmp/minio_downloads/1760099362.json
[2025-10-14T14:18:13.899+0000] {logging_mixin.py:188} INFO - Downloaded AMZN/1760099371.json -> /tmp/minio_downloads/1760099371.json
[2025-10-14T14:18:13.906+0000] {logging_mixin.py:188} INFO - Downloaded AMZN/1760099381.json -> /tmp/minio_downloads/1760099381.json
[2025-10-14T14:18:13.913+0000] {logging_mixin.py:188} INFO - Downloaded AMZN/1760099390.json -> /tmp/minio_downloads/1760099390.json
[2025-10-14T14:18:13.919+0000] {logging_mixin.py:188} INFO - Downloaded AMZN/1760099400.json -> /tmp/minio_downloads/1760099400.json
[2025-10-14T14:18:13.926+0000] {logging_mixin.py:188} INFO - Downloaded AMZN/1760099409.json -> /tmp/minio_downloads/1760099409.json
[2025-10-14T14:18:13.932+0000] {logging_mixin.py:188} INFO - Downloaded AMZN/1760099418.json -> /tmp/minio_downloads/1760099418.json
[2025-10-14T14:18:13.939+0000] {logging_mixin.py:188} INFO - Downloaded AMZN/1760099428.json -> /tmp/minio_downloads/1760099428.json
[2025-10-14T14:18:13.945+0000] {logging_mixin.py:188} INFO - Downloaded AMZN/1760099437.json -> /tmp/minio_downloads/1760099437.json
[2025-10-14T14:18:13.952+0000] {logging_mixin.py:188} INFO - Downloaded AMZN/1760099446.json -> /tmp/minio_downloads/1760099446.json
[2025-10-14T14:18:13.960+0000] {logging_mixin.py:188} INFO - Downloaded AMZN/1760099456.json -> /tmp/minio_downloads/1760099456.json
[2025-10-14T14:18:13.969+0000] {logging_mixin.py:188} INFO - Downloaded AMZN/1760099486.json -> /tmp/minio_downloads/1760099486.json
[2025-10-14T14:18:13.977+0000] {logging_mixin.py:188} INFO - Downloaded AMZN/1760099496.json -> /tmp/minio_downloads/1760099496.json
[2025-10-14T14:18:13.985+0000] {logging_mixin.py:188} INFO - Downloaded AMZN/1760099506.json -> /tmp/minio_downloads/1760099506.json
[2025-10-14T14:18:13.993+0000] {logging_mixin.py:188} INFO - Downloaded AMZN/1760099515.json -> /tmp/minio_downloads/1760099515.json
[2025-10-14T14:18:14.001+0000] {logging_mixin.py:188} INFO - Downloaded AMZN/1760099525.json -> /tmp/minio_downloads/1760099525.json
[2025-10-14T14:18:14.011+0000] {logging_mixin.py:188} INFO - Downloaded AMZN/1760099534.json -> /tmp/minio_downloads/1760099534.json
[2025-10-14T14:18:14.020+0000] {logging_mixin.py:188} INFO - Downloaded AMZN/1760099543.json -> /tmp/minio_downloads/1760099543.json
[2025-10-14T14:18:14.031+0000] {logging_mixin.py:188} INFO - Downloaded AMZN/1760099553.json -> /tmp/minio_downloads/1760099553.json
[2025-10-14T14:18:14.041+0000] {logging_mixin.py:188} INFO - Downloaded AMZN/1760099562.json -> /tmp/minio_downloads/1760099562.json
[2025-10-14T14:18:14.051+0000] {logging_mixin.py:188} INFO - Downloaded AMZN/1760099571.json -> /tmp/minio_downloads/1760099571.json
[2025-10-14T14:18:14.060+0000] {logging_mixin.py:188} INFO - Downloaded AMZN/1760099581.json -> /tmp/minio_downloads/1760099581.json
[2025-10-14T14:18:14.070+0000] {logging_mixin.py:188} INFO - Downloaded AMZN/1760099590.json -> /tmp/minio_downloads/1760099590.json
[2025-10-14T14:18:14.079+0000] {logging_mixin.py:188} INFO - Downloaded AMZN/1760099599.json -> /tmp/minio_downloads/1760099599.json
[2025-10-14T14:18:14.088+0000] {logging_mixin.py:188} INFO - Downloaded AMZN/1760099609.json -> /tmp/minio_downloads/1760099609.json
[2025-10-14T14:18:14.095+0000] {logging_mixin.py:188} INFO - Downloaded AMZN/1760099619.json -> /tmp/minio_downloads/1760099619.json
[2025-10-14T14:18:14.102+0000] {logging_mixin.py:188} INFO - Downloaded AMZN/1760099628.json -> /tmp/minio_downloads/1760099628.json
[2025-10-14T14:18:14.110+0000] {logging_mixin.py:188} INFO - Downloaded AMZN/1760099638.json -> /tmp/minio_downloads/1760099638.json
[2025-10-14T14:18:14.118+0000] {logging_mixin.py:188} INFO - Downloaded AMZN/1760099648.json -> /tmp/minio_downloads/1760099648.json
[2025-10-14T14:18:14.126+0000] {logging_mixin.py:188} INFO - Downloaded AMZN/1760099657.json -> /tmp/minio_downloads/1760099657.json
[2025-10-14T14:18:14.135+0000] {logging_mixin.py:188} INFO - Downloaded AMZN/1760099666.json -> /tmp/minio_downloads/1760099666.json
[2025-10-14T14:18:14.142+0000] {logging_mixin.py:188} INFO - Downloaded AMZN/1760099676.json -> /tmp/minio_downloads/1760099676.json
[2025-10-14T14:18:14.151+0000] {logging_mixin.py:188} INFO - Downloaded AMZN/1760099685.json -> /tmp/minio_downloads/1760099685.json
[2025-10-14T14:18:14.160+0000] {logging_mixin.py:188} INFO - Downloaded AMZN/1760099694.json -> /tmp/minio_downloads/1760099694.json
[2025-10-14T14:18:14.170+0000] {logging_mixin.py:188} INFO - Downloaded AMZN/1760099703.json -> /tmp/minio_downloads/1760099703.json
[2025-10-14T14:18:14.179+0000] {logging_mixin.py:188} INFO - Downloaded AMZN/1760099712.json -> /tmp/minio_downloads/1760099712.json
[2025-10-14T14:18:14.187+0000] {logging_mixin.py:188} INFO - Downloaded AMZN/1760099722.json -> /tmp/minio_downloads/1760099722.json
[2025-10-14T14:18:14.193+0000] {logging_mixin.py:188} INFO - Downloaded AMZN/1760099731.json -> /tmp/minio_downloads/1760099731.json
[2025-10-14T14:18:14.200+0000] {logging_mixin.py:188} INFO - Downloaded AMZN/1760099740.json -> /tmp/minio_downloads/1760099740.json
[2025-10-14T14:18:14.206+0000] {logging_mixin.py:188} INFO - Downloaded AMZN/1760099749.json -> /tmp/minio_downloads/1760099749.json
[2025-10-14T14:18:14.215+0000] {logging_mixin.py:188} INFO - Downloaded AMZN/1760099758.json -> /tmp/minio_downloads/1760099758.json
[2025-10-14T14:18:14.224+0000] {logging_mixin.py:188} INFO - Downloaded AMZN/1760099768.json -> /tmp/minio_downloads/1760099768.json
[2025-10-14T14:18:14.233+0000] {logging_mixin.py:188} INFO - Downloaded AMZN/1760099777.json -> /tmp/minio_downloads/1760099777.json
[2025-10-14T14:18:14.240+0000] {logging_mixin.py:188} INFO - Downloaded AMZN/1760099787.json -> /tmp/minio_downloads/1760099787.json
[2025-10-14T14:18:14.247+0000] {logging_mixin.py:188} INFO - Downloaded AMZN/1760099796.json -> /tmp/minio_downloads/1760099796.json
[2025-10-14T14:18:14.254+0000] {logging_mixin.py:188} INFO - Downloaded AMZN/1760099806.json -> /tmp/minio_downloads/1760099806.json
[2025-10-14T14:18:14.260+0000] {logging_mixin.py:188} INFO - Downloaded AMZN/1760099815.json -> /tmp/minio_downloads/1760099815.json
[2025-10-14T14:18:14.267+0000] {logging_mixin.py:188} INFO - Downloaded AMZN/1760099825.json -> /tmp/minio_downloads/1760099825.json
[2025-10-14T14:18:14.273+0000] {logging_mixin.py:188} INFO - Downloaded AMZN/1760099834.json -> /tmp/minio_downloads/1760099834.json
[2025-10-14T14:18:14.280+0000] {logging_mixin.py:188} INFO - Downloaded AMZN/1760099844.json -> /tmp/minio_downloads/1760099844.json
[2025-10-14T14:18:14.287+0000] {logging_mixin.py:188} INFO - Downloaded AMZN/1760099853.json -> /tmp/minio_downloads/1760099853.json
[2025-10-14T14:18:14.294+0000] {logging_mixin.py:188} INFO - Downloaded AMZN/1760099862.json -> /tmp/minio_downloads/1760099862.json
[2025-10-14T14:18:14.300+0000] {logging_mixin.py:188} INFO - Downloaded AMZN/1760099871.json -> /tmp/minio_downloads/1760099871.json
[2025-10-14T14:18:14.308+0000] {logging_mixin.py:188} INFO - Downloaded AMZN/1760099880.json -> /tmp/minio_downloads/1760099880.json
[2025-10-14T14:18:14.314+0000] {logging_mixin.py:188} INFO - Downloaded AMZN/1760099890.json -> /tmp/minio_downloads/1760099890.json
[2025-10-14T14:18:14.320+0000] {logging_mixin.py:188} INFO - Downloaded AMZN/1760099899.json -> /tmp/minio_downloads/1760099899.json
[2025-10-14T14:18:14.327+0000] {logging_mixin.py:188} INFO - Downloaded AMZN/1760099908.json -> /tmp/minio_downloads/1760099908.json
[2025-10-14T14:18:14.333+0000] {logging_mixin.py:188} INFO - Downloaded AMZN/1760099918.json -> /tmp/minio_downloads/1760099918.json
[2025-10-14T14:18:14.339+0000] {logging_mixin.py:188} INFO - Downloaded AMZN/1760099927.json -> /tmp/minio_downloads/1760099927.json
[2025-10-14T14:18:14.345+0000] {logging_mixin.py:188} INFO - Downloaded AMZN/1760099936.json -> /tmp/minio_downloads/1760099936.json
[2025-10-14T14:18:14.352+0000] {logging_mixin.py:188} INFO - Downloaded AMZN/1760099946.json -> /tmp/minio_downloads/1760099946.json
[2025-10-14T14:18:14.358+0000] {logging_mixin.py:188} INFO - Downloaded AMZN/1760099955.json -> /tmp/minio_downloads/1760099955.json
[2025-10-14T14:18:14.365+0000] {logging_mixin.py:188} INFO - Downloaded AMZN/1760099964.json -> /tmp/minio_downloads/1760099964.json
[2025-10-14T14:18:14.371+0000] {logging_mixin.py:188} INFO - Downloaded AMZN/1760099974.json -> /tmp/minio_downloads/1760099974.json
[2025-10-14T14:18:14.377+0000] {logging_mixin.py:188} INFO - Downloaded AMZN/1760099983.json -> /tmp/minio_downloads/1760099983.json
[2025-10-14T14:18:14.385+0000] {logging_mixin.py:188} INFO - Downloaded AMZN/1760099992.json -> /tmp/minio_downloads/1760099992.json
[2025-10-14T14:18:14.392+0000] {logging_mixin.py:188} INFO - Downloaded AMZN/1760100001.json -> /tmp/minio_downloads/1760100001.json
[2025-10-14T14:18:14.399+0000] {logging_mixin.py:188} INFO - Downloaded AMZN/1760100011.json -> /tmp/minio_downloads/1760100011.json
[2025-10-14T14:18:14.407+0000] {logging_mixin.py:188} INFO - Downloaded AMZN/1760100020.json -> /tmp/minio_downloads/1760100020.json
[2025-10-14T14:18:14.414+0000] {logging_mixin.py:188} INFO - Downloaded AMZN/1760100030.json -> /tmp/minio_downloads/1760100030.json
[2025-10-14T14:18:14.421+0000] {logging_mixin.py:188} INFO - Downloaded AMZN/1760100039.json -> /tmp/minio_downloads/1760100039.json
[2025-10-14T14:18:14.428+0000] {logging_mixin.py:188} INFO - Downloaded AMZN/1760100048.json -> /tmp/minio_downloads/1760100048.json
[2025-10-14T14:18:14.435+0000] {logging_mixin.py:188} INFO - Downloaded AMZN/1760100058.json -> /tmp/minio_downloads/1760100058.json
[2025-10-14T14:18:14.441+0000] {logging_mixin.py:188} INFO - Downloaded AMZN/1760100067.json -> /tmp/minio_downloads/1760100067.json
[2025-10-14T14:18:14.448+0000] {logging_mixin.py:188} INFO - Downloaded AMZN/1760100076.json -> /tmp/minio_downloads/1760100076.json
[2025-10-14T14:18:14.455+0000] {logging_mixin.py:188} INFO - Downloaded AMZN/1760100086.json -> /tmp/minio_downloads/1760100086.json
[2025-10-14T14:18:14.462+0000] {logging_mixin.py:188} INFO - Downloaded AMZN/1760100095.json -> /tmp/minio_downloads/1760100095.json
[2025-10-14T14:18:14.470+0000] {logging_mixin.py:188} INFO - Downloaded AMZN/1760100105.json -> /tmp/minio_downloads/1760100105.json
[2025-10-14T14:18:14.477+0000] {logging_mixin.py:188} INFO - Downloaded AMZN/1760100114.json -> /tmp/minio_downloads/1760100114.json
[2025-10-14T14:18:14.484+0000] {logging_mixin.py:188} INFO - Downloaded AMZN/1760100123.json -> /tmp/minio_downloads/1760100123.json
[2025-10-14T14:18:14.491+0000] {logging_mixin.py:188} INFO - Downloaded AMZN/1760100133.json -> /tmp/minio_downloads/1760100133.json
[2025-10-14T14:18:14.498+0000] {logging_mixin.py:188} INFO - Downloaded AMZN/1760100142.json -> /tmp/minio_downloads/1760100142.json
[2025-10-14T14:18:14.506+0000] {logging_mixin.py:188} INFO - Downloaded AMZN/1760100152.json -> /tmp/minio_downloads/1760100152.json
[2025-10-14T14:18:14.512+0000] {logging_mixin.py:188} INFO - Downloaded AMZN/1760100161.json -> /tmp/minio_downloads/1760100161.json
[2025-10-14T14:18:14.520+0000] {logging_mixin.py:188} INFO - Downloaded AMZN/1760100170.json -> /tmp/minio_downloads/1760100170.json
[2025-10-14T14:18:14.528+0000] {logging_mixin.py:188} INFO - Downloaded AMZN/1760100179.json -> /tmp/minio_downloads/1760100179.json
[2025-10-14T14:18:14.535+0000] {logging_mixin.py:188} INFO - Downloaded AMZN/1760100188.json -> /tmp/minio_downloads/1760100188.json
[2025-10-14T14:18:14.542+0000] {logging_mixin.py:188} INFO - Downloaded AMZN/1760100198.json -> /tmp/minio_downloads/1760100198.json
[2025-10-14T14:18:14.549+0000] {logging_mixin.py:188} INFO - Downloaded AMZN/1760100207.json -> /tmp/minio_downloads/1760100207.json
[2025-10-14T14:18:14.556+0000] {logging_mixin.py:188} INFO - Downloaded AMZN/1760100217.json -> /tmp/minio_downloads/1760100217.json
[2025-10-14T14:18:14.562+0000] {logging_mixin.py:188} INFO - Downloaded AMZN/1760100226.json -> /tmp/minio_downloads/1760100226.json
[2025-10-14T14:18:14.569+0000] {logging_mixin.py:188} INFO - Downloaded AMZN/1760100236.json -> /tmp/minio_downloads/1760100236.json
[2025-10-14T14:18:14.576+0000] {logging_mixin.py:188} INFO - Downloaded AMZN/1760100246.json -> /tmp/minio_downloads/1760100246.json
[2025-10-14T14:18:14.584+0000] {logging_mixin.py:188} INFO - Downloaded AMZN/1760100255.json -> /tmp/minio_downloads/1760100255.json
[2025-10-14T14:18:14.593+0000] {logging_mixin.py:188} INFO - Downloaded AMZN/1760100264.json -> /tmp/minio_downloads/1760100264.json
[2025-10-14T14:18:14.601+0000] {logging_mixin.py:188} INFO - Downloaded AMZN/1760100273.json -> /tmp/minio_downloads/1760100273.json
[2025-10-14T14:18:14.609+0000] {logging_mixin.py:188} INFO - Downloaded AMZN/1760100283.json -> /tmp/minio_downloads/1760100283.json
[2025-10-14T14:18:14.618+0000] {logging_mixin.py:188} INFO - Downloaded AMZN/1760100292.json -> /tmp/minio_downloads/1760100292.json
[2025-10-14T14:18:14.625+0000] {logging_mixin.py:188} INFO - Downloaded AMZN/1760100301.json -> /tmp/minio_downloads/1760100301.json
[2025-10-14T14:18:14.634+0000] {logging_mixin.py:188} INFO - Downloaded AMZN/1760100310.json -> /tmp/minio_downloads/1760100310.json
[2025-10-14T14:18:14.642+0000] {logging_mixin.py:188} INFO - Downloaded AMZN/1760100319.json -> /tmp/minio_downloads/1760100319.json
[2025-10-14T14:18:14.650+0000] {logging_mixin.py:188} INFO - Downloaded AMZN/1760100329.json -> /tmp/minio_downloads/1760100329.json
[2025-10-14T14:18:14.656+0000] {logging_mixin.py:188} INFO - Downloaded AMZN/1760100338.json -> /tmp/minio_downloads/1760100338.json
[2025-10-14T14:18:14.663+0000] {logging_mixin.py:188} INFO - Downloaded AMZN/1760100348.json -> /tmp/minio_downloads/1760100348.json
[2025-10-14T14:18:14.671+0000] {logging_mixin.py:188} INFO - Downloaded AMZN/1760100357.json -> /tmp/minio_downloads/1760100357.json
[2025-10-14T14:18:14.678+0000] {logging_mixin.py:188} INFO - Downloaded AMZN/1760100366.json -> /tmp/minio_downloads/1760100366.json
[2025-10-14T14:18:14.686+0000] {logging_mixin.py:188} INFO - Downloaded AMZN/1760100375.json -> /tmp/minio_downloads/1760100375.json
[2025-10-14T14:18:14.694+0000] {logging_mixin.py:188} INFO - Downloaded AMZN/1760100385.json -> /tmp/minio_downloads/1760100385.json
[2025-10-14T14:18:14.701+0000] {logging_mixin.py:188} INFO - Downloaded AMZN/1760100394.json -> /tmp/minio_downloads/1760100394.json
[2025-10-14T14:18:14.709+0000] {logging_mixin.py:188} INFO - Downloaded AMZN/1760100403.json -> /tmp/minio_downloads/1760100403.json
[2025-10-14T14:18:14.716+0000] {logging_mixin.py:188} INFO - Downloaded AMZN/1760100412.json -> /tmp/minio_downloads/1760100412.json
[2025-10-14T14:18:14.725+0000] {logging_mixin.py:188} INFO - Downloaded AMZN/1760100421.json -> /tmp/minio_downloads/1760100421.json
[2025-10-14T14:18:14.734+0000] {logging_mixin.py:188} INFO - Downloaded AMZN/1760100431.json -> /tmp/minio_downloads/1760100431.json
[2025-10-14T14:18:14.743+0000] {logging_mixin.py:188} INFO - Downloaded AMZN/1760100440.json -> /tmp/minio_downloads/1760100440.json
[2025-10-14T14:18:14.752+0000] {logging_mixin.py:188} INFO - Downloaded AMZN/1760100449.json -> /tmp/minio_downloads/1760100449.json
[2025-10-14T14:18:14.761+0000] {logging_mixin.py:188} INFO - Downloaded AMZN/1760100458.json -> /tmp/minio_downloads/1760100458.json
[2025-10-14T14:18:14.769+0000] {logging_mixin.py:188} INFO - Downloaded AMZN/1760100467.json -> /tmp/minio_downloads/1760100467.json
[2025-10-14T14:18:14.777+0000] {logging_mixin.py:188} INFO - Downloaded AMZN/1760100477.json -> /tmp/minio_downloads/1760100477.json
[2025-10-14T14:18:14.785+0000] {logging_mixin.py:188} INFO - Downloaded AMZN/1760100486.json -> /tmp/minio_downloads/1760100486.json
[2025-10-14T14:18:14.794+0000] {logging_mixin.py:188} INFO - Downloaded AMZN/1760100496.json -> /tmp/minio_downloads/1760100496.json
[2025-10-14T14:18:14.804+0000] {logging_mixin.py:188} INFO - Downloaded AMZN/1760100505.json -> /tmp/minio_downloads/1760100505.json
[2025-10-14T14:18:14.814+0000] {logging_mixin.py:188} INFO - Downloaded AMZN/1760100514.json -> /tmp/minio_downloads/1760100514.json
[2025-10-14T14:18:14.823+0000] {logging_mixin.py:188} INFO - Downloaded AMZN/1760100523.json -> /tmp/minio_downloads/1760100523.json
[2025-10-14T14:18:14.832+0000] {logging_mixin.py:188} INFO - Downloaded AMZN/1760100533.json -> /tmp/minio_downloads/1760100533.json
[2025-10-14T14:18:14.840+0000] {logging_mixin.py:188} INFO - Downloaded AMZN/1760100542.json -> /tmp/minio_downloads/1760100542.json
[2025-10-14T14:18:14.849+0000] {logging_mixin.py:188} INFO - Downloaded AMZN/1760100551.json -> /tmp/minio_downloads/1760100551.json
[2025-10-14T14:18:14.859+0000] {logging_mixin.py:188} INFO - Downloaded AMZN/1760100560.json -> /tmp/minio_downloads/1760100560.json
[2025-10-14T14:18:14.870+0000] {logging_mixin.py:188} INFO - Downloaded AMZN/1760100569.json -> /tmp/minio_downloads/1760100569.json
[2025-10-14T14:18:14.881+0000] {logging_mixin.py:188} INFO - Downloaded AMZN/1760100578.json -> /tmp/minio_downloads/1760100578.json
[2025-10-14T14:18:14.889+0000] {logging_mixin.py:188} INFO - Downloaded AMZN/1760100588.json -> /tmp/minio_downloads/1760100588.json
[2025-10-14T14:18:14.897+0000] {logging_mixin.py:188} INFO - Downloaded AMZN/1760100597.json -> /tmp/minio_downloads/1760100597.json
[2025-10-14T14:18:14.905+0000] {logging_mixin.py:188} INFO - Downloaded AMZN/1760100607.json -> /tmp/minio_downloads/1760100607.json
[2025-10-14T14:18:14.912+0000] {logging_mixin.py:188} INFO - Downloaded AMZN/1760100617.json -> /tmp/minio_downloads/1760100617.json
[2025-10-14T14:18:14.920+0000] {logging_mixin.py:188} INFO - Downloaded AMZN/1760100626.json -> /tmp/minio_downloads/1760100626.json
[2025-10-14T14:18:14.928+0000] {logging_mixin.py:188} INFO - Downloaded AMZN/1760100635.json -> /tmp/minio_downloads/1760100635.json
[2025-10-14T14:18:14.936+0000] {logging_mixin.py:188} INFO - Downloaded AMZN/1760100645.json -> /tmp/minio_downloads/1760100645.json
[2025-10-14T14:18:14.943+0000] {logging_mixin.py:188} INFO - Downloaded AMZN/1760100655.json -> /tmp/minio_downloads/1760100655.json
[2025-10-14T14:18:14.950+0000] {logging_mixin.py:188} INFO - Downloaded AMZN/1760100664.json -> /tmp/minio_downloads/1760100664.json
[2025-10-14T14:18:14.956+0000] {logging_mixin.py:188} INFO - Downloaded AMZN/1760100673.json -> /tmp/minio_downloads/1760100673.json
[2025-10-14T14:18:14.962+0000] {logging_mixin.py:188} INFO - Downloaded AMZN/1760100683.json -> /tmp/minio_downloads/1760100683.json
[2025-10-14T14:18:14.968+0000] {logging_mixin.py:188} INFO - Downloaded AMZN/1760100692.json -> /tmp/minio_downloads/1760100692.json
[2025-10-14T14:18:14.975+0000] {logging_mixin.py:188} INFO - Downloaded AMZN/1760100701.json -> /tmp/minio_downloads/1760100701.json
[2025-10-14T14:18:14.981+0000] {logging_mixin.py:188} INFO - Downloaded AMZN/1760100710.json -> /tmp/minio_downloads/1760100710.json
[2025-10-14T14:18:14.987+0000] {logging_mixin.py:188} INFO - Downloaded AMZN/1760100720.json -> /tmp/minio_downloads/1760100720.json
[2025-10-14T14:18:14.993+0000] {logging_mixin.py:188} INFO - Downloaded AMZN/1760100729.json -> /tmp/minio_downloads/1760100729.json
[2025-10-14T14:18:14.999+0000] {logging_mixin.py:188} INFO - Downloaded AMZN/1760100738.json -> /tmp/minio_downloads/1760100738.json
[2025-10-14T14:18:15.006+0000] {logging_mixin.py:188} INFO - Downloaded AMZN/1760100748.json -> /tmp/minio_downloads/1760100748.json
[2025-10-14T14:18:15.012+0000] {logging_mixin.py:188} INFO - Downloaded AMZN/1760100758.json -> /tmp/minio_downloads/1760100758.json
[2025-10-14T14:18:15.018+0000] {logging_mixin.py:188} INFO - Downloaded AMZN/1760100767.json -> /tmp/minio_downloads/1760100767.json
[2025-10-14T14:18:15.025+0000] {logging_mixin.py:188} INFO - Downloaded AMZN/1760100777.json -> /tmp/minio_downloads/1760100777.json
[2025-10-14T14:18:15.031+0000] {logging_mixin.py:188} INFO - Downloaded AMZN/1760100786.json -> /tmp/minio_downloads/1760100786.json
[2025-10-14T14:18:15.039+0000] {logging_mixin.py:188} INFO - Downloaded AMZN/1760100796.json -> /tmp/minio_downloads/1760100796.json
[2025-10-14T14:18:15.045+0000] {logging_mixin.py:188} INFO - Downloaded AMZN/1760100805.json -> /tmp/minio_downloads/1760100805.json
[2025-10-14T14:18:15.051+0000] {logging_mixin.py:188} INFO - Downloaded AMZN/1760100814.json -> /tmp/minio_downloads/1760100814.json
[2025-10-14T14:18:15.058+0000] {logging_mixin.py:188} INFO - Downloaded AMZN/1760100823.json -> /tmp/minio_downloads/1760100823.json
[2025-10-14T14:18:15.064+0000] {logging_mixin.py:188} INFO - Downloaded AMZN/1760100833.json -> /tmp/minio_downloads/1760100833.json
[2025-10-14T14:18:15.071+0000] {logging_mixin.py:188} INFO - Downloaded AMZN/1760100842.json -> /tmp/minio_downloads/1760100842.json
[2025-10-14T14:18:15.077+0000] {logging_mixin.py:188} INFO - Downloaded AMZN/1760100851.json -> /tmp/minio_downloads/1760100851.json
[2025-10-14T14:18:15.084+0000] {logging_mixin.py:188} INFO - Downloaded AMZN/1760100861.json -> /tmp/minio_downloads/1760100861.json
[2025-10-14T14:18:15.090+0000] {logging_mixin.py:188} INFO - Downloaded AMZN/1760100870.json -> /tmp/minio_downloads/1760100870.json
[2025-10-14T14:18:15.098+0000] {logging_mixin.py:188} INFO - Downloaded AMZN/1760100880.json -> /tmp/minio_downloads/1760100880.json
[2025-10-14T14:18:15.108+0000] {logging_mixin.py:188} INFO - Downloaded AMZN/1760100889.json -> /tmp/minio_downloads/1760100889.json
[2025-10-14T14:18:15.118+0000] {logging_mixin.py:188} INFO - Downloaded AMZN/1760100898.json -> /tmp/minio_downloads/1760100898.json
[2025-10-14T14:18:15.125+0000] {logging_mixin.py:188} INFO - Downloaded AMZN/1760100908.json -> /tmp/minio_downloads/1760100908.json
[2025-10-14T14:18:15.133+0000] {logging_mixin.py:188} INFO - Downloaded AMZN/1760100917.json -> /tmp/minio_downloads/1760100917.json
[2025-10-14T14:18:15.139+0000] {logging_mixin.py:188} INFO - Downloaded AMZN/1760100927.json -> /tmp/minio_downloads/1760100927.json
[2025-10-14T14:18:15.150+0000] {logging_mixin.py:188} INFO - Downloaded AMZN/1760100936.json -> /tmp/minio_downloads/1760100936.json
[2025-10-14T14:18:15.157+0000] {logging_mixin.py:188} INFO - Downloaded AMZN/1760100946.json -> /tmp/minio_downloads/1760100946.json
[2025-10-14T14:18:15.164+0000] {logging_mixin.py:188} INFO - Downloaded AMZN/1760100956.json -> /tmp/minio_downloads/1760100956.json
[2025-10-14T14:18:15.171+0000] {logging_mixin.py:188} INFO - Downloaded AMZN/1760100965.json -> /tmp/minio_downloads/1760100965.json
[2025-10-14T14:18:15.178+0000] {logging_mixin.py:188} INFO - Downloaded AMZN/1760100974.json -> /tmp/minio_downloads/1760100974.json
[2025-10-14T14:18:15.185+0000] {logging_mixin.py:188} INFO - Downloaded AMZN/1760100984.json -> /tmp/minio_downloads/1760100984.json
[2025-10-14T14:18:15.194+0000] {logging_mixin.py:188} INFO - Downloaded AMZN/1760100994.json -> /tmp/minio_downloads/1760100994.json
[2025-10-14T14:18:15.201+0000] {logging_mixin.py:188} INFO - Downloaded AMZN/1760101004.json -> /tmp/minio_downloads/1760101004.json
[2025-10-14T14:18:15.208+0000] {logging_mixin.py:188} INFO - Downloaded AMZN/1760101014.json -> /tmp/minio_downloads/1760101014.json
[2025-10-14T14:18:15.215+0000] {logging_mixin.py:188} INFO - Downloaded AMZN/1760101023.json -> /tmp/minio_downloads/1760101023.json
[2025-10-14T14:18:15.221+0000] {logging_mixin.py:188} INFO - Downloaded AMZN/1760101032.json -> /tmp/minio_downloads/1760101032.json
[2025-10-14T14:18:15.228+0000] {logging_mixin.py:188} INFO - Downloaded AMZN/1760101041.json -> /tmp/minio_downloads/1760101041.json
[2025-10-14T14:18:15.236+0000] {logging_mixin.py:188} INFO - Downloaded AMZN/1760101051.json -> /tmp/minio_downloads/1760101051.json
[2025-10-14T14:18:15.243+0000] {logging_mixin.py:188} INFO - Downloaded AMZN/1760101060.json -> /tmp/minio_downloads/1760101060.json
[2025-10-14T14:18:15.249+0000] {logging_mixin.py:188} INFO - Downloaded AMZN/1760101069.json -> /tmp/minio_downloads/1760101069.json
[2025-10-14T14:18:15.257+0000] {logging_mixin.py:188} INFO - Downloaded AMZN/1760101079.json -> /tmp/minio_downloads/1760101079.json
[2025-10-14T14:18:15.263+0000] {logging_mixin.py:188} INFO - Downloaded AMZN/1760101089.json -> /tmp/minio_downloads/1760101089.json
[2025-10-14T14:18:15.269+0000] {logging_mixin.py:188} INFO - Downloaded AMZN/1760101099.json -> /tmp/minio_downloads/1760101099.json
[2025-10-14T14:18:15.278+0000] {logging_mixin.py:188} INFO - Downloaded AMZN/1760101109.json -> /tmp/minio_downloads/1760101109.json
[2025-10-14T14:18:15.284+0000] {logging_mixin.py:188} INFO - Downloaded AMZN/1760101118.json -> /tmp/minio_downloads/1760101118.json
[2025-10-14T14:18:15.291+0000] {logging_mixin.py:188} INFO - Downloaded AMZN/1760101128.json -> /tmp/minio_downloads/1760101128.json
[2025-10-14T14:18:15.298+0000] {logging_mixin.py:188} INFO - Downloaded AMZN/1760101137.json -> /tmp/minio_downloads/1760101137.json
[2025-10-14T14:18:15.304+0000] {logging_mixin.py:188} INFO - Downloaded AMZN/1760101146.json -> /tmp/minio_downloads/1760101146.json
[2025-10-14T14:18:15.310+0000] {logging_mixin.py:188} INFO - Downloaded AMZN/1760101156.json -> /tmp/minio_downloads/1760101156.json
[2025-10-14T14:18:15.318+0000] {logging_mixin.py:188} INFO - Downloaded AMZN/1760101165.json -> /tmp/minio_downloads/1760101165.json
[2025-10-14T14:18:15.325+0000] {logging_mixin.py:188} INFO - Downloaded AMZN/1760101174.json -> /tmp/minio_downloads/1760101174.json
[2025-10-14T14:18:15.331+0000] {logging_mixin.py:188} INFO - Downloaded AMZN/1760101183.json -> /tmp/minio_downloads/1760101183.json
[2025-10-14T14:18:15.337+0000] {logging_mixin.py:188} INFO - Downloaded AMZN/1760101194.json -> /tmp/minio_downloads/1760101194.json
[2025-10-14T14:18:15.344+0000] {logging_mixin.py:188} INFO - Downloaded AMZN/1760101204.json -> /tmp/minio_downloads/1760101204.json
[2025-10-14T14:18:15.350+0000] {logging_mixin.py:188} INFO - Downloaded AMZN/1760101213.json -> /tmp/minio_downloads/1760101213.json
[2025-10-14T14:18:15.356+0000] {logging_mixin.py:188} INFO - Downloaded AMZN/1760101223.json -> /tmp/minio_downloads/1760101223.json
[2025-10-14T14:18:15.362+0000] {logging_mixin.py:188} INFO - Downloaded AMZN/1760101233.json -> /tmp/minio_downloads/1760101233.json
[2025-10-14T14:18:15.368+0000] {logging_mixin.py:188} INFO - Downloaded AMZN/1760101242.json -> /tmp/minio_downloads/1760101242.json
[2025-10-14T14:18:15.374+0000] {logging_mixin.py:188} INFO - Downloaded AMZN/1760101252.json -> /tmp/minio_downloads/1760101252.json
[2025-10-14T14:18:15.380+0000] {logging_mixin.py:188} INFO - Downloaded AMZN/1760101262.json -> /tmp/minio_downloads/1760101262.json
[2025-10-14T14:18:15.385+0000] {logging_mixin.py:188} INFO - Downloaded AMZN/1760101271.json -> /tmp/minio_downloads/1760101271.json
[2025-10-14T14:18:15.391+0000] {logging_mixin.py:188} INFO - Downloaded AMZN/1760101280.json -> /tmp/minio_downloads/1760101280.json
[2025-10-14T14:18:15.397+0000] {logging_mixin.py:188} INFO - Downloaded AMZN/1760101290.json -> /tmp/minio_downloads/1760101290.json
[2025-10-14T14:18:15.403+0000] {logging_mixin.py:188} INFO - Downloaded AMZN/1760101299.json -> /tmp/minio_downloads/1760101299.json
[2025-10-14T14:18:15.409+0000] {logging_mixin.py:188} INFO - Downloaded AMZN/1760101309.json -> /tmp/minio_downloads/1760101309.json
[2025-10-14T14:18:15.415+0000] {logging_mixin.py:188} INFO - Downloaded AMZN/1760101318.json -> /tmp/minio_downloads/1760101318.json
[2025-10-14T14:18:15.421+0000] {logging_mixin.py:188} INFO - Downloaded AMZN/1760101328.json -> /tmp/minio_downloads/1760101328.json
[2025-10-14T14:18:15.427+0000] {logging_mixin.py:188} INFO - Downloaded AMZN/1760101337.json -> /tmp/minio_downloads/1760101337.json
[2025-10-14T14:18:15.432+0000] {logging_mixin.py:188} INFO - Downloaded AMZN/1760101347.json -> /tmp/minio_downloads/1760101347.json
[2025-10-14T14:18:15.441+0000] {logging_mixin.py:188} INFO - Downloaded AMZN/1760101356.json -> /tmp/minio_downloads/1760101356.json
[2025-10-14T14:18:15.449+0000] {logging_mixin.py:188} INFO - Downloaded AMZN/1760101366.json -> /tmp/minio_downloads/1760101366.json
[2025-10-14T14:18:15.455+0000] {logging_mixin.py:188} INFO - Downloaded AMZN/1760101375.json -> /tmp/minio_downloads/1760101375.json
[2025-10-14T14:18:15.467+0000] {logging_mixin.py:188} INFO - Downloaded AMZN/1760101385.json -> /tmp/minio_downloads/1760101385.json
[2025-10-14T14:18:15.476+0000] {logging_mixin.py:188} INFO - Downloaded AMZN/1760101394.json -> /tmp/minio_downloads/1760101394.json
[2025-10-14T14:18:15.483+0000] {logging_mixin.py:188} INFO - Downloaded AMZN/1760101404.json -> /tmp/minio_downloads/1760101404.json
[2025-10-14T14:18:15.490+0000] {logging_mixin.py:188} INFO - Downloaded AMZN/1760101415.json -> /tmp/minio_downloads/1760101415.json
[2025-10-14T14:18:15.497+0000] {logging_mixin.py:188} INFO - Downloaded AMZN/1760101424.json -> /tmp/minio_downloads/1760101424.json
[2025-10-14T14:18:15.504+0000] {logging_mixin.py:188} INFO - Downloaded AMZN/1760101433.json -> /tmp/minio_downloads/1760101433.json
[2025-10-14T14:18:15.511+0000] {logging_mixin.py:188} INFO - Downloaded AMZN/1760101443.json -> /tmp/minio_downloads/1760101443.json
[2025-10-14T14:18:15.519+0000] {logging_mixin.py:188} INFO - Downloaded AMZN/1760101453.json -> /tmp/minio_downloads/1760101453.json
[2025-10-14T14:18:15.526+0000] {logging_mixin.py:188} INFO - Downloaded AMZN/1760101463.json -> /tmp/minio_downloads/1760101463.json
[2025-10-14T14:18:15.532+0000] {logging_mixin.py:188} INFO - Downloaded AMZN/1760101473.json -> /tmp/minio_downloads/1760101473.json
[2025-10-14T14:18:15.538+0000] {logging_mixin.py:188} INFO - Downloaded AMZN/1760101482.json -> /tmp/minio_downloads/1760101482.json
[2025-10-14T14:18:15.545+0000] {logging_mixin.py:188} INFO - Downloaded AMZN/1760101492.json -> /tmp/minio_downloads/1760101492.json
[2025-10-14T14:18:15.552+0000] {logging_mixin.py:188} INFO - Downloaded AMZN/1760101501.json -> /tmp/minio_downloads/1760101501.json
[2025-10-14T14:18:15.558+0000] {logging_mixin.py:188} INFO - Downloaded AMZN/1760101511.json -> /tmp/minio_downloads/1760101511.json
[2025-10-14T14:18:15.566+0000] {logging_mixin.py:188} INFO - Downloaded AMZN/1760101520.json -> /tmp/minio_downloads/1760101520.json
[2025-10-14T14:18:15.573+0000] {logging_mixin.py:188} INFO - Downloaded AMZN/1760101530.json -> /tmp/minio_downloads/1760101530.json
[2025-10-14T14:18:15.581+0000] {logging_mixin.py:188} INFO - Downloaded AMZN/1760101539.json -> /tmp/minio_downloads/1760101539.json
[2025-10-14T14:18:15.590+0000] {logging_mixin.py:188} INFO - Downloaded AMZN/1760101549.json -> /tmp/minio_downloads/1760101549.json
[2025-10-14T14:18:15.597+0000] {logging_mixin.py:188} INFO - Downloaded AMZN/1760101558.json -> /tmp/minio_downloads/1760101558.json
[2025-10-14T14:18:15.604+0000] {logging_mixin.py:188} INFO - Downloaded AMZN/1760101568.json -> /tmp/minio_downloads/1760101568.json
[2025-10-14T14:18:15.610+0000] {logging_mixin.py:188} INFO - Downloaded AMZN/1760101578.json -> /tmp/minio_downloads/1760101578.json
[2025-10-14T14:18:15.616+0000] {logging_mixin.py:188} INFO - Downloaded AMZN/1760101587.json -> /tmp/minio_downloads/1760101587.json
[2025-10-14T14:18:15.622+0000] {logging_mixin.py:188} INFO - Downloaded AMZN/1760101596.json -> /tmp/minio_downloads/1760101596.json
[2025-10-14T14:18:15.628+0000] {logging_mixin.py:188} INFO - Downloaded AMZN/1760101606.json -> /tmp/minio_downloads/1760101606.json
[2025-10-14T14:18:15.634+0000] {logging_mixin.py:188} INFO - Downloaded AMZN/1760101615.json -> /tmp/minio_downloads/1760101615.json
[2025-10-14T14:18:15.641+0000] {logging_mixin.py:188} INFO - Downloaded AMZN/1760101625.json -> /tmp/minio_downloads/1760101625.json
[2025-10-14T14:18:15.647+0000] {logging_mixin.py:188} INFO - Downloaded AMZN/1760101634.json -> /tmp/minio_downloads/1760101634.json
[2025-10-14T14:18:15.653+0000] {logging_mixin.py:188} INFO - Downloaded AMZN/1760101643.json -> /tmp/minio_downloads/1760101643.json
[2025-10-14T14:18:15.659+0000] {logging_mixin.py:188} INFO - Downloaded AMZN/1760101652.json -> /tmp/minio_downloads/1760101652.json
[2025-10-14T14:18:15.665+0000] {logging_mixin.py:188} INFO - Downloaded AMZN/1760101662.json -> /tmp/minio_downloads/1760101662.json
[2025-10-14T14:18:15.671+0000] {logging_mixin.py:188} INFO - Downloaded AMZN/1760101671.json -> /tmp/minio_downloads/1760101671.json
[2025-10-14T14:18:15.677+0000] {logging_mixin.py:188} INFO - Downloaded AMZN/1760101680.json -> /tmp/minio_downloads/1760101680.json
[2025-10-14T14:18:15.684+0000] {logging_mixin.py:188} INFO - Downloaded AMZN/1760101689.json -> /tmp/minio_downloads/1760101689.json
[2025-10-14T14:18:15.691+0000] {logging_mixin.py:188} INFO - Downloaded AMZN/1760101699.json -> /tmp/minio_downloads/1760101699.json
[2025-10-14T14:18:15.697+0000] {logging_mixin.py:188} INFO - Downloaded AMZN/1760101708.json -> /tmp/minio_downloads/1760101708.json
[2025-10-14T14:18:15.704+0000] {logging_mixin.py:188} INFO - Downloaded AMZN/1760101717.json -> /tmp/minio_downloads/1760101717.json
[2025-10-14T14:18:15.710+0000] {logging_mixin.py:188} INFO - Downloaded AMZN/1760101727.json -> /tmp/minio_downloads/1760101727.json
[2025-10-14T14:18:15.716+0000] {logging_mixin.py:188} INFO - Downloaded AMZN/1760101736.json -> /tmp/minio_downloads/1760101736.json
[2025-10-14T14:18:15.722+0000] {logging_mixin.py:188} INFO - Downloaded AMZN/1760101745.json -> /tmp/minio_downloads/1760101745.json
[2025-10-14T14:18:15.728+0000] {logging_mixin.py:188} INFO - Downloaded AMZN/1760101755.json -> /tmp/minio_downloads/1760101755.json
[2025-10-14T14:18:15.735+0000] {logging_mixin.py:188} INFO - Downloaded AMZN/1760101765.json -> /tmp/minio_downloads/1760101765.json
[2025-10-14T14:18:15.741+0000] {logging_mixin.py:188} INFO - Downloaded AMZN/1760101775.json -> /tmp/minio_downloads/1760101775.json
[2025-10-14T14:18:15.747+0000] {logging_mixin.py:188} INFO - Downloaded AMZN/1760101784.json -> /tmp/minio_downloads/1760101784.json
[2025-10-14T14:18:15.754+0000] {logging_mixin.py:188} INFO - Downloaded AMZN/1760101794.json -> /tmp/minio_downloads/1760101794.json
[2025-10-14T14:18:15.761+0000] {logging_mixin.py:188} INFO - Downloaded AMZN/1760101804.json -> /tmp/minio_downloads/1760101804.json
[2025-10-14T14:18:15.769+0000] {logging_mixin.py:188} INFO - Downloaded AMZN/1760101813.json -> /tmp/minio_downloads/1760101813.json
[2025-10-14T14:18:15.777+0000] {logging_mixin.py:188} INFO - Downloaded AMZN/1760101823.json -> /tmp/minio_downloads/1760101823.json
[2025-10-14T14:18:15.784+0000] {logging_mixin.py:188} INFO - Downloaded AMZN/1760101832.json -> /tmp/minio_downloads/1760101832.json
[2025-10-14T14:18:15.792+0000] {logging_mixin.py:188} INFO - Downloaded AMZN/1760101841.json -> /tmp/minio_downloads/1760101841.json
[2025-10-14T14:18:15.799+0000] {logging_mixin.py:188} INFO - Downloaded AMZN/1760101850.json -> /tmp/minio_downloads/1760101850.json
[2025-10-14T14:18:15.807+0000] {logging_mixin.py:188} INFO - Downloaded AMZN/1760101860.json -> /tmp/minio_downloads/1760101860.json
[2025-10-14T14:18:15.814+0000] {logging_mixin.py:188} INFO - Downloaded AMZN/1760101870.json -> /tmp/minio_downloads/1760101870.json
[2025-10-14T14:18:15.821+0000] {logging_mixin.py:188} INFO - Downloaded AMZN/1760101879.json -> /tmp/minio_downloads/1760101879.json
[2025-10-14T14:18:15.828+0000] {logging_mixin.py:188} INFO - Downloaded AMZN/1760101889.json -> /tmp/minio_downloads/1760101889.json
[2025-10-14T14:18:15.835+0000] {logging_mixin.py:188} INFO - Downloaded AMZN/1760101899.json -> /tmp/minio_downloads/1760101899.json
[2025-10-14T14:18:15.843+0000] {logging_mixin.py:188} INFO - Downloaded AMZN/1760101908.json -> /tmp/minio_downloads/1760101908.json
[2025-10-14T14:18:15.849+0000] {logging_mixin.py:188} INFO - Downloaded AMZN/1760101918.json -> /tmp/minio_downloads/1760101918.json
[2025-10-14T14:18:15.857+0000] {logging_mixin.py:188} INFO - Downloaded AMZN/1760101928.json -> /tmp/minio_downloads/1760101928.json
[2025-10-14T14:18:15.864+0000] {logging_mixin.py:188} INFO - Downloaded AMZN/1760101938.json -> /tmp/minio_downloads/1760101938.json
[2025-10-14T14:18:15.872+0000] {logging_mixin.py:188} INFO - Downloaded AMZN/1760101948.json -> /tmp/minio_downloads/1760101948.json
[2025-10-14T14:18:15.881+0000] {logging_mixin.py:188} INFO - Downloaded AMZN/1760101957.json -> /tmp/minio_downloads/1760101957.json
[2025-10-14T14:18:15.890+0000] {logging_mixin.py:188} INFO - Downloaded AMZN/1760101967.json -> /tmp/minio_downloads/1760101967.json
[2025-10-14T14:18:15.899+0000] {logging_mixin.py:188} INFO - Downloaded AMZN/1760101976.json -> /tmp/minio_downloads/1760101976.json
[2025-10-14T14:18:15.907+0000] {logging_mixin.py:188} INFO - Downloaded AMZN/1760101986.json -> /tmp/minio_downloads/1760101986.json
[2025-10-14T14:18:15.918+0000] {logging_mixin.py:188} INFO - Downloaded AMZN/1760101996.json -> /tmp/minio_downloads/1760101996.json
[2025-10-14T14:18:15.926+0000] {logging_mixin.py:188} INFO - Downloaded AMZN/1760102005.json -> /tmp/minio_downloads/1760102005.json
[2025-10-14T14:18:15.934+0000] {logging_mixin.py:188} INFO - Downloaded AMZN/1760102015.json -> /tmp/minio_downloads/1760102015.json
[2025-10-14T14:18:15.942+0000] {logging_mixin.py:188} INFO - Downloaded AMZN/1760102024.json -> /tmp/minio_downloads/1760102024.json
[2025-10-14T14:18:15.950+0000] {logging_mixin.py:188} INFO - Downloaded AMZN/1760102034.json -> /tmp/minio_downloads/1760102034.json
[2025-10-14T14:18:15.957+0000] {logging_mixin.py:188} INFO - Downloaded AMZN/1760102043.json -> /tmp/minio_downloads/1760102043.json
[2025-10-14T14:18:15.963+0000] {logging_mixin.py:188} INFO - Downloaded AMZN/1760102053.json -> /tmp/minio_downloads/1760102053.json
[2025-10-14T14:18:15.970+0000] {logging_mixin.py:188} INFO - Downloaded AMZN/1760102063.json -> /tmp/minio_downloads/1760102063.json
[2025-10-14T14:18:15.977+0000] {logging_mixin.py:188} INFO - Downloaded AMZN/1760102072.json -> /tmp/minio_downloads/1760102072.json
[2025-10-14T14:18:15.985+0000] {logging_mixin.py:188} INFO - Downloaded AMZN/1760102081.json -> /tmp/minio_downloads/1760102081.json
[2025-10-14T14:18:15.992+0000] {logging_mixin.py:188} INFO - Downloaded GOOGL/1760097976.json -> /tmp/minio_downloads/1760097976.json
[2025-10-14T14:18:15.999+0000] {logging_mixin.py:188} INFO - Downloaded GOOGL/1760097985.json -> /tmp/minio_downloads/1760097985.json
[2025-10-14T14:18:16.007+0000] {logging_mixin.py:188} INFO - Downloaded GOOGL/1760097993.json -> /tmp/minio_downloads/1760097993.json
[2025-10-14T14:18:16.016+0000] {logging_mixin.py:188} INFO - Downloaded GOOGL/1760098003.json -> /tmp/minio_downloads/1760098003.json
[2025-10-14T14:18:16.024+0000] {logging_mixin.py:188} INFO - Downloaded GOOGL/1760098012.json -> /tmp/minio_downloads/1760098012.json
[2025-10-14T14:18:16.031+0000] {logging_mixin.py:188} INFO - Downloaded GOOGL/1760098022.json -> /tmp/minio_downloads/1760098022.json
[2025-10-14T14:18:16.039+0000] {logging_mixin.py:188} INFO - Downloaded GOOGL/1760098031.json -> /tmp/minio_downloads/1760098031.json
[2025-10-14T14:18:16.048+0000] {logging_mixin.py:188} INFO - Downloaded GOOGL/1760098039.json -> /tmp/minio_downloads/1760098039.json
[2025-10-14T14:18:16.055+0000] {logging_mixin.py:188} INFO - Downloaded GOOGL/1760098049.json -> /tmp/minio_downloads/1760098049.json
[2025-10-14T14:18:16.062+0000] {logging_mixin.py:188} INFO - Downloaded GOOGL/1760098057.json -> /tmp/minio_downloads/1760098057.json
[2025-10-14T14:18:16.069+0000] {logging_mixin.py:188} INFO - Downloaded GOOGL/1760098066.json -> /tmp/minio_downloads/1760098066.json
[2025-10-14T14:18:16.078+0000] {logging_mixin.py:188} INFO - Downloaded GOOGL/1760098075.json -> /tmp/minio_downloads/1760098075.json
[2025-10-14T14:18:16.085+0000] {logging_mixin.py:188} INFO - Downloaded GOOGL/1760098084.json -> /tmp/minio_downloads/1760098084.json
[2025-10-14T14:18:16.093+0000] {logging_mixin.py:188} INFO - Downloaded GOOGL/1760098092.json -> /tmp/minio_downloads/1760098092.json
[2025-10-14T14:18:16.101+0000] {logging_mixin.py:188} INFO - Downloaded GOOGL/1760098102.json -> /tmp/minio_downloads/1760098102.json
[2025-10-14T14:18:16.110+0000] {logging_mixin.py:188} INFO - Downloaded GOOGL/1760098112.json -> /tmp/minio_downloads/1760098112.json
[2025-10-14T14:18:16.120+0000] {logging_mixin.py:188} INFO - Downloaded GOOGL/1760098120.json -> /tmp/minio_downloads/1760098120.json
[2025-10-14T14:18:16.129+0000] {logging_mixin.py:188} INFO - Downloaded GOOGL/1760098130.json -> /tmp/minio_downloads/1760098130.json
[2025-10-14T14:18:16.139+0000] {logging_mixin.py:188} INFO - Downloaded GOOGL/1760098138.json -> /tmp/minio_downloads/1760098138.json
[2025-10-14T14:18:16.153+0000] {logging_mixin.py:188} INFO - Downloaded GOOGL/1760098147.json -> /tmp/minio_downloads/1760098147.json
[2025-10-14T14:18:16.164+0000] {logging_mixin.py:188} INFO - Downloaded GOOGL/1760098156.json -> /tmp/minio_downloads/1760098156.json
[2025-10-14T14:18:16.174+0000] {logging_mixin.py:188} INFO - Downloaded GOOGL/1760098405.json -> /tmp/minio_downloads/1760098405.json
[2025-10-14T14:18:16.186+0000] {logging_mixin.py:188} INFO - Downloaded GOOGL/1760098415.json -> /tmp/minio_downloads/1760098415.json
[2025-10-14T14:18:16.194+0000] {logging_mixin.py:188} INFO - Downloaded GOOGL/1760098424.json -> /tmp/minio_downloads/1760098424.json
[2025-10-14T14:18:16.203+0000] {logging_mixin.py:188} INFO - Downloaded GOOGL/1760098434.json -> /tmp/minio_downloads/1760098434.json
[2025-10-14T14:18:16.211+0000] {logging_mixin.py:188} INFO - Downloaded GOOGL/1760098443.json -> /tmp/minio_downloads/1760098443.json
[2025-10-14T14:18:16.222+0000] {logging_mixin.py:188} INFO - Downloaded GOOGL/1760098453.json -> /tmp/minio_downloads/1760098453.json
[2025-10-14T14:18:16.234+0000] {logging_mixin.py:188} INFO - Downloaded GOOGL/1760098463.json -> /tmp/minio_downloads/1760098463.json
[2025-10-14T14:18:16.244+0000] {logging_mixin.py:188} INFO - Downloaded GOOGL/1760098472.json -> /tmp/minio_downloads/1760098472.json
[2025-10-14T14:18:16.256+0000] {logging_mixin.py:188} INFO - Downloaded GOOGL/1760098482.json -> /tmp/minio_downloads/1760098482.json
[2025-10-14T14:18:16.266+0000] {logging_mixin.py:188} INFO - Downloaded GOOGL/1760098492.json -> /tmp/minio_downloads/1760098492.json
[2025-10-14T14:18:16.275+0000] {logging_mixin.py:188} INFO - Downloaded GOOGL/1760098501.json -> /tmp/minio_downloads/1760098501.json
[2025-10-14T14:18:16.284+0000] {logging_mixin.py:188} INFO - Downloaded GOOGL/1760098510.json -> /tmp/minio_downloads/1760098510.json
[2025-10-14T14:18:16.292+0000] {logging_mixin.py:188} INFO - Downloaded GOOGL/1760098520.json -> /tmp/minio_downloads/1760098520.json
[2025-10-14T14:18:16.299+0000] {logging_mixin.py:188} INFO - Downloaded GOOGL/1760098529.json -> /tmp/minio_downloads/1760098529.json
[2025-10-14T14:18:16.306+0000] {logging_mixin.py:188} INFO - Downloaded GOOGL/1760098539.json -> /tmp/minio_downloads/1760098539.json
[2025-10-14T14:18:16.313+0000] {logging_mixin.py:188} INFO - Downloaded GOOGL/1760098549.json -> /tmp/minio_downloads/1760098549.json
[2025-10-14T14:18:16.320+0000] {logging_mixin.py:188} INFO - Downloaded GOOGL/1760098558.json -> /tmp/minio_downloads/1760098558.json
[2025-10-14T14:18:16.327+0000] {logging_mixin.py:188} INFO - Downloaded GOOGL/1760098568.json -> /tmp/minio_downloads/1760098568.json
[2025-10-14T14:18:16.333+0000] {logging_mixin.py:188} INFO - Downloaded GOOGL/1760098577.json -> /tmp/minio_downloads/1760098577.json
[2025-10-14T14:18:16.341+0000] {logging_mixin.py:188} INFO - Downloaded GOOGL/1760098586.json -> /tmp/minio_downloads/1760098586.json
[2025-10-14T14:18:16.348+0000] {logging_mixin.py:188} INFO - Downloaded GOOGL/1760098596.json -> /tmp/minio_downloads/1760098596.json
[2025-10-14T14:18:16.354+0000] {logging_mixin.py:188} INFO - Downloaded GOOGL/1760098606.json -> /tmp/minio_downloads/1760098606.json
[2025-10-14T14:18:16.361+0000] {logging_mixin.py:188} INFO - Downloaded GOOGL/1760098616.json -> /tmp/minio_downloads/1760098616.json
[2025-10-14T14:18:16.367+0000] {logging_mixin.py:188} INFO - Downloaded GOOGL/1760098626.json -> /tmp/minio_downloads/1760098626.json
[2025-10-14T14:18:16.372+0000] {logging_mixin.py:188} INFO - Downloaded GOOGL/1760098636.json -> /tmp/minio_downloads/1760098636.json
[2025-10-14T14:18:16.379+0000] {logging_mixin.py:188} INFO - Downloaded GOOGL/1760098645.json -> /tmp/minio_downloads/1760098645.json
[2025-10-14T14:18:16.386+0000] {logging_mixin.py:188} INFO - Downloaded GOOGL/1760098655.json -> /tmp/minio_downloads/1760098655.json
[2025-10-14T14:18:16.393+0000] {logging_mixin.py:188} INFO - Downloaded GOOGL/1760098665.json -> /tmp/minio_downloads/1760098665.json
[2025-10-14T14:18:16.399+0000] {logging_mixin.py:188} INFO - Downloaded GOOGL/1760098674.json -> /tmp/minio_downloads/1760098674.json
[2025-10-14T14:18:16.406+0000] {logging_mixin.py:188} INFO - Downloaded GOOGL/1760098683.json -> /tmp/minio_downloads/1760098683.json
[2025-10-14T14:18:16.411+0000] {logging_mixin.py:188} INFO - Downloaded GOOGL/1760098693.json -> /tmp/minio_downloads/1760098693.json
[2025-10-14T14:18:16.417+0000] {logging_mixin.py:188} INFO - Downloaded GOOGL/1760098702.json -> /tmp/minio_downloads/1760098702.json
[2025-10-14T14:18:16.423+0000] {logging_mixin.py:188} INFO - Downloaded GOOGL/1760098712.json -> /tmp/minio_downloads/1760098712.json
[2025-10-14T14:18:16.430+0000] {logging_mixin.py:188} INFO - Downloaded GOOGL/1760098721.json -> /tmp/minio_downloads/1760098721.json
[2025-10-14T14:18:16.437+0000] {logging_mixin.py:188} INFO - Downloaded GOOGL/1760098731.json -> /tmp/minio_downloads/1760098731.json
[2025-10-14T14:18:16.444+0000] {logging_mixin.py:188} INFO - Downloaded GOOGL/1760098740.json -> /tmp/minio_downloads/1760098740.json
[2025-10-14T14:18:16.453+0000] {logging_mixin.py:188} INFO - Downloaded GOOGL/1760098749.json -> /tmp/minio_downloads/1760098749.json
[2025-10-14T14:18:16.463+0000] {logging_mixin.py:188} INFO - Downloaded GOOGL/1760098759.json -> /tmp/minio_downloads/1760098759.json
[2025-10-14T14:18:16.471+0000] {logging_mixin.py:188} INFO - Downloaded GOOGL/1760098769.json -> /tmp/minio_downloads/1760098769.json
[2025-10-14T14:18:16.480+0000] {logging_mixin.py:188} INFO - Downloaded GOOGL/1760098778.json -> /tmp/minio_downloads/1760098778.json
[2025-10-14T14:18:16.486+0000] {logging_mixin.py:188} INFO - Downloaded GOOGL/1760098787.json -> /tmp/minio_downloads/1760098787.json
[2025-10-14T14:18:16.494+0000] {logging_mixin.py:188} INFO - Downloaded GOOGL/1760098796.json -> /tmp/minio_downloads/1760098796.json
[2025-10-14T14:18:16.501+0000] {logging_mixin.py:188} INFO - Downloaded GOOGL/1760098807.json -> /tmp/minio_downloads/1760098807.json
[2025-10-14T14:18:16.510+0000] {logging_mixin.py:188} INFO - Downloaded GOOGL/1760098816.json -> /tmp/minio_downloads/1760098816.json
[2025-10-14T14:18:16.517+0000] {logging_mixin.py:188} INFO - Downloaded GOOGL/1760098825.json -> /tmp/minio_downloads/1760098825.json
[2025-10-14T14:18:16.525+0000] {logging_mixin.py:188} INFO - Downloaded GOOGL/1760098835.json -> /tmp/minio_downloads/1760098835.json
[2025-10-14T14:18:16.531+0000] {logging_mixin.py:188} INFO - Downloaded GOOGL/1760098844.json -> /tmp/minio_downloads/1760098844.json
[2025-10-14T14:18:16.540+0000] {logging_mixin.py:188} INFO - Downloaded GOOGL/1760098853.json -> /tmp/minio_downloads/1760098853.json
[2025-10-14T14:18:16.551+0000] {logging_mixin.py:188} INFO - Downloaded GOOGL/1760098862.json -> /tmp/minio_downloads/1760098862.json
[2025-10-14T14:18:16.564+0000] {logging_mixin.py:188} INFO - Downloaded GOOGL/1760098871.json -> /tmp/minio_downloads/1760098871.json
[2025-10-14T14:18:16.575+0000] {logging_mixin.py:188} INFO - Downloaded GOOGL/1760098880.json -> /tmp/minio_downloads/1760098880.json
[2025-10-14T14:18:16.589+0000] {logging_mixin.py:188} INFO - Downloaded GOOGL/1760098890.json -> /tmp/minio_downloads/1760098890.json
[2025-10-14T14:18:16.601+0000] {logging_mixin.py:188} INFO - Downloaded GOOGL/1760098899.json -> /tmp/minio_downloads/1760098899.json
[2025-10-14T14:18:16.612+0000] {logging_mixin.py:188} INFO - Downloaded GOOGL/1760098908.json -> /tmp/minio_downloads/1760098908.json
[2025-10-14T14:18:16.625+0000] {logging_mixin.py:188} INFO - Downloaded GOOGL/1760098917.json -> /tmp/minio_downloads/1760098917.json
[2025-10-14T14:18:16.638+0000] {logging_mixin.py:188} INFO - Downloaded GOOGL/1760098927.json -> /tmp/minio_downloads/1760098927.json
[2025-10-14T14:18:16.650+0000] {logging_mixin.py:188} INFO - Downloaded GOOGL/1760098936.json -> /tmp/minio_downloads/1760098936.json
[2025-10-14T14:18:16.668+0000] {logging_mixin.py:188} INFO - Downloaded GOOGL/1760098946.json -> /tmp/minio_downloads/1760098946.json
[2025-10-14T14:18:16.679+0000] {logging_mixin.py:188} INFO - Downloaded GOOGL/1760098957.json -> /tmp/minio_downloads/1760098957.json
[2025-10-14T14:18:16.691+0000] {logging_mixin.py:188} INFO - Downloaded GOOGL/1760098966.json -> /tmp/minio_downloads/1760098966.json
[2025-10-14T14:18:16.704+0000] {logging_mixin.py:188} INFO - Downloaded GOOGL/1760098976.json -> /tmp/minio_downloads/1760098976.json
[2025-10-14T14:18:16.716+0000] {logging_mixin.py:188} INFO - Downloaded GOOGL/1760098985.json -> /tmp/minio_downloads/1760098985.json
[2025-10-14T14:18:16.728+0000] {logging_mixin.py:188} INFO - Downloaded GOOGL/1760098995.json -> /tmp/minio_downloads/1760098995.json
[2025-10-14T14:18:16.741+0000] {logging_mixin.py:188} INFO - Downloaded GOOGL/1760099004.json -> /tmp/minio_downloads/1760099004.json
[2025-10-14T14:18:16.752+0000] {logging_mixin.py:188} INFO - Downloaded GOOGL/1760099013.json -> /tmp/minio_downloads/1760099013.json
[2025-10-14T14:18:16.763+0000] {logging_mixin.py:188} INFO - Downloaded GOOGL/1760099023.json -> /tmp/minio_downloads/1760099023.json
[2025-10-14T14:18:16.774+0000] {logging_mixin.py:188} INFO - Downloaded GOOGL/1760099032.json -> /tmp/minio_downloads/1760099032.json
[2025-10-14T14:18:16.784+0000] {logging_mixin.py:188} INFO - Downloaded GOOGL/1760099041.json -> /tmp/minio_downloads/1760099041.json
[2025-10-14T14:18:16.793+0000] {logging_mixin.py:188} INFO - Downloaded GOOGL/1760099051.json -> /tmp/minio_downloads/1760099051.json
[2025-10-14T14:18:16.805+0000] {logging_mixin.py:188} INFO - Downloaded GOOGL/1760099060.json -> /tmp/minio_downloads/1760099060.json
[2025-10-14T14:18:16.814+0000] {logging_mixin.py:188} INFO - Downloaded GOOGL/1760099070.json -> /tmp/minio_downloads/1760099070.json
[2025-10-14T14:18:16.823+0000] {logging_mixin.py:188} INFO - Downloaded GOOGL/1760099079.json -> /tmp/minio_downloads/1760099079.json
[2025-10-14T14:18:16.832+0000] {logging_mixin.py:188} INFO - Downloaded GOOGL/1760099088.json -> /tmp/minio_downloads/1760099088.json
[2025-10-14T14:18:16.842+0000] {logging_mixin.py:188} INFO - Downloaded GOOGL/1760099098.json -> /tmp/minio_downloads/1760099098.json
[2025-10-14T14:18:16.852+0000] {logging_mixin.py:188} INFO - Downloaded GOOGL/1760099107.json -> /tmp/minio_downloads/1760099107.json
[2025-10-14T14:18:16.861+0000] {logging_mixin.py:188} INFO - Downloaded GOOGL/1760099117.json -> /tmp/minio_downloads/1760099117.json
[2025-10-14T14:18:16.870+0000] {logging_mixin.py:188} INFO - Downloaded GOOGL/1760099127.json -> /tmp/minio_downloads/1760099127.json
[2025-10-14T14:18:16.879+0000] {logging_mixin.py:188} INFO - Downloaded GOOGL/1760099136.json -> /tmp/minio_downloads/1760099136.json
[2025-10-14T14:18:16.890+0000] {logging_mixin.py:188} INFO - Downloaded GOOGL/1760099146.json -> /tmp/minio_downloads/1760099146.json
[2025-10-14T14:18:16.906+0000] {logging_mixin.py:188} INFO - Downloaded GOOGL/1760099156.json -> /tmp/minio_downloads/1760099156.json
[2025-10-14T14:18:16.920+0000] {logging_mixin.py:188} INFO - Downloaded GOOGL/1760099166.json -> /tmp/minio_downloads/1760099166.json
[2025-10-14T14:18:16.939+0000] {logging_mixin.py:188} INFO - Downloaded GOOGL/1760099176.json -> /tmp/minio_downloads/1760099176.json
[2025-10-14T14:18:16.950+0000] {logging_mixin.py:188} INFO - Downloaded GOOGL/1760099185.json -> /tmp/minio_downloads/1760099185.json
[2025-10-14T14:18:16.962+0000] {logging_mixin.py:188} INFO - Downloaded GOOGL/1760099194.json -> /tmp/minio_downloads/1760099194.json
[2025-10-14T14:18:16.973+0000] {logging_mixin.py:188} INFO - Downloaded GOOGL/1760099203.json -> /tmp/minio_downloads/1760099203.json
[2025-10-14T14:18:16.983+0000] {logging_mixin.py:188} INFO - Downloaded GOOGL/1760099212.json -> /tmp/minio_downloads/1760099212.json
[2025-10-14T14:18:16.993+0000] {logging_mixin.py:188} INFO - Downloaded GOOGL/1760099222.json -> /tmp/minio_downloads/1760099222.json
[2025-10-14T14:18:17.003+0000] {logging_mixin.py:188} INFO - Downloaded GOOGL/1760099231.json -> /tmp/minio_downloads/1760099231.json
[2025-10-14T14:18:17.011+0000] {logging_mixin.py:188} INFO - Downloaded GOOGL/1760099240.json -> /tmp/minio_downloads/1760099240.json
[2025-10-14T14:18:17.021+0000] {logging_mixin.py:188} INFO - Downloaded GOOGL/1760099249.json -> /tmp/minio_downloads/1760099249.json
[2025-10-14T14:18:17.028+0000] {logging_mixin.py:188} INFO - Downloaded GOOGL/1760099258.json -> /tmp/minio_downloads/1760099258.json
[2025-10-14T14:18:17.035+0000] {logging_mixin.py:188} INFO - Downloaded GOOGL/1760099268.json -> /tmp/minio_downloads/1760099268.json
[2025-10-14T14:18:17.042+0000] {logging_mixin.py:188} INFO - Downloaded GOOGL/1760099277.json -> /tmp/minio_downloads/1760099277.json
[2025-10-14T14:18:17.049+0000] {logging_mixin.py:188} INFO - Downloaded GOOGL/1760099287.json -> /tmp/minio_downloads/1760099287.json
[2025-10-14T14:18:17.057+0000] {logging_mixin.py:188} INFO - Downloaded GOOGL/1760099296.json -> /tmp/minio_downloads/1760099296.json
[2025-10-14T14:18:17.065+0000] {logging_mixin.py:188} INFO - Downloaded GOOGL/1760099305.json -> /tmp/minio_downloads/1760099305.json
[2025-10-14T14:18:17.072+0000] {logging_mixin.py:188} INFO - Downloaded GOOGL/1760099314.json -> /tmp/minio_downloads/1760099314.json
[2025-10-14T14:18:17.079+0000] {logging_mixin.py:188} INFO - Downloaded GOOGL/1760099323.json -> /tmp/minio_downloads/1760099323.json
[2025-10-14T14:18:17.085+0000] {logging_mixin.py:188} INFO - Downloaded GOOGL/1760099333.json -> /tmp/minio_downloads/1760099333.json
[2025-10-14T14:18:17.091+0000] {logging_mixin.py:188} INFO - Downloaded GOOGL/1760099342.json -> /tmp/minio_downloads/1760099342.json
[2025-10-14T14:18:17.097+0000] {logging_mixin.py:188} INFO - Downloaded GOOGL/1760099351.json -> /tmp/minio_downloads/1760099351.json
[2025-10-14T14:18:17.103+0000] {logging_mixin.py:188} INFO - Downloaded GOOGL/1760099361.json -> /tmp/minio_downloads/1760099361.json
[2025-10-14T14:18:17.109+0000] {logging_mixin.py:188} INFO - Downloaded GOOGL/1760099371.json -> /tmp/minio_downloads/1760099371.json
[2025-10-14T14:18:17.115+0000] {logging_mixin.py:188} INFO - Downloaded GOOGL/1760099380.json -> /tmp/minio_downloads/1760099380.json
[2025-10-14T14:18:17.121+0000] {logging_mixin.py:188} INFO - Downloaded GOOGL/1760099389.json -> /tmp/minio_downloads/1760099389.json
[2025-10-14T14:18:17.127+0000] {logging_mixin.py:188} INFO - Downloaded GOOGL/1760099399.json -> /tmp/minio_downloads/1760099399.json
[2025-10-14T14:18:17.133+0000] {logging_mixin.py:188} INFO - Downloaded GOOGL/1760099408.json -> /tmp/minio_downloads/1760099408.json
[2025-10-14T14:18:17.139+0000] {logging_mixin.py:188} INFO - Downloaded GOOGL/1760099417.json -> /tmp/minio_downloads/1760099417.json
[2025-10-14T14:18:17.146+0000] {logging_mixin.py:188} INFO - Downloaded GOOGL/1760099427.json -> /tmp/minio_downloads/1760099427.json
[2025-10-14T14:18:17.152+0000] {logging_mixin.py:188} INFO - Downloaded GOOGL/1760099437.json -> /tmp/minio_downloads/1760099437.json
[2025-10-14T14:18:17.158+0000] {logging_mixin.py:188} INFO - Downloaded GOOGL/1760099446.json -> /tmp/minio_downloads/1760099446.json
[2025-10-14T14:18:17.166+0000] {logging_mixin.py:188} INFO - Downloaded GOOGL/1760099455.json -> /tmp/minio_downloads/1760099455.json
[2025-10-14T14:18:17.175+0000] {logging_mixin.py:188} INFO - Downloaded GOOGL/1760099485.json -> /tmp/minio_downloads/1760099485.json
[2025-10-14T14:18:17.182+0000] {logging_mixin.py:188} INFO - Downloaded GOOGL/1760099495.json -> /tmp/minio_downloads/1760099495.json
[2025-10-14T14:18:17.190+0000] {logging_mixin.py:188} INFO - Downloaded GOOGL/1760099505.json -> /tmp/minio_downloads/1760099505.json
[2025-10-14T14:18:17.197+0000] {logging_mixin.py:188} INFO - Downloaded GOOGL/1760099515.json -> /tmp/minio_downloads/1760099515.json
[2025-10-14T14:18:17.205+0000] {logging_mixin.py:188} INFO - Downloaded GOOGL/1760099524.json -> /tmp/minio_downloads/1760099524.json
[2025-10-14T14:18:17.214+0000] {logging_mixin.py:188} INFO - Downloaded GOOGL/1760099533.json -> /tmp/minio_downloads/1760099533.json
[2025-10-14T14:18:17.224+0000] {logging_mixin.py:188} INFO - Downloaded GOOGL/1760099543.json -> /tmp/minio_downloads/1760099543.json
[2025-10-14T14:18:17.232+0000] {logging_mixin.py:188} INFO - Downloaded GOOGL/1760099552.json -> /tmp/minio_downloads/1760099552.json
[2025-10-14T14:18:17.240+0000] {logging_mixin.py:188} INFO - Downloaded GOOGL/1760099561.json -> /tmp/minio_downloads/1760099561.json
[2025-10-14T14:18:17.248+0000] {logging_mixin.py:188} INFO - Downloaded GOOGL/1760099570.json -> /tmp/minio_downloads/1760099570.json
[2025-10-14T14:18:17.258+0000] {logging_mixin.py:188} INFO - Downloaded GOOGL/1760099580.json -> /tmp/minio_downloads/1760099580.json
[2025-10-14T14:18:17.267+0000] {logging_mixin.py:188} INFO - Downloaded GOOGL/1760099590.json -> /tmp/minio_downloads/1760099590.json
[2025-10-14T14:18:17.277+0000] {logging_mixin.py:188} INFO - Downloaded GOOGL/1760099599.json -> /tmp/minio_downloads/1760099599.json
[2025-10-14T14:18:17.285+0000] {logging_mixin.py:188} INFO - Downloaded GOOGL/1760099608.json -> /tmp/minio_downloads/1760099608.json
[2025-10-14T14:18:17.292+0000] {logging_mixin.py:188} INFO - Downloaded GOOGL/1760099618.json -> /tmp/minio_downloads/1760099618.json
[2025-10-14T14:18:17.299+0000] {logging_mixin.py:188} INFO - Downloaded GOOGL/1760099627.json -> /tmp/minio_downloads/1760099627.json
[2025-10-14T14:18:17.306+0000] {logging_mixin.py:188} INFO - Downloaded GOOGL/1760099637.json -> /tmp/minio_downloads/1760099637.json
[2025-10-14T14:18:17.312+0000] {logging_mixin.py:188} INFO - Downloaded GOOGL/1760099647.json -> /tmp/minio_downloads/1760099647.json
[2025-10-14T14:18:17.319+0000] {logging_mixin.py:188} INFO - Downloaded GOOGL/1760099657.json -> /tmp/minio_downloads/1760099657.json
[2025-10-14T14:18:17.325+0000] {logging_mixin.py:188} INFO - Downloaded GOOGL/1760099666.json -> /tmp/minio_downloads/1760099666.json
[2025-10-14T14:18:17.332+0000] {logging_mixin.py:188} INFO - Downloaded GOOGL/1760099675.json -> /tmp/minio_downloads/1760099675.json
[2025-10-14T14:18:17.339+0000] {logging_mixin.py:188} INFO - Downloaded GOOGL/1760099684.json -> /tmp/minio_downloads/1760099684.json
[2025-10-14T14:18:17.345+0000] {logging_mixin.py:188} INFO - Downloaded GOOGL/1760099693.json -> /tmp/minio_downloads/1760099693.json
[2025-10-14T14:18:17.351+0000] {logging_mixin.py:188} INFO - Downloaded GOOGL/1760099703.json -> /tmp/minio_downloads/1760099703.json
[2025-10-14T14:18:17.357+0000] {logging_mixin.py:188} INFO - Downloaded GOOGL/1760099712.json -> /tmp/minio_downloads/1760099712.json
[2025-10-14T14:18:17.364+0000] {logging_mixin.py:188} INFO - Downloaded GOOGL/1760099721.json -> /tmp/minio_downloads/1760099721.json
[2025-10-14T14:18:17.370+0000] {logging_mixin.py:188} INFO - Downloaded GOOGL/1760099730.json -> /tmp/minio_downloads/1760099730.json
[2025-10-14T14:18:17.377+0000] {logging_mixin.py:188} INFO - Downloaded GOOGL/1760099739.json -> /tmp/minio_downloads/1760099739.json
[2025-10-14T14:18:17.385+0000] {logging_mixin.py:188} INFO - Downloaded GOOGL/1760099748.json -> /tmp/minio_downloads/1760099748.json
[2025-10-14T14:18:17.392+0000] {logging_mixin.py:188} INFO - Downloaded GOOGL/1760099758.json -> /tmp/minio_downloads/1760099758.json
[2025-10-14T14:18:17.399+0000] {logging_mixin.py:188} INFO - Downloaded GOOGL/1760099767.json -> /tmp/minio_downloads/1760099767.json
[2025-10-14T14:18:17.406+0000] {logging_mixin.py:188} INFO - Downloaded GOOGL/1760099777.json -> /tmp/minio_downloads/1760099777.json
[2025-10-14T14:18:17.411+0000] {logging_mixin.py:188} INFO - Downloaded GOOGL/1760099786.json -> /tmp/minio_downloads/1760099786.json
[2025-10-14T14:18:17.418+0000] {logging_mixin.py:188} INFO - Downloaded GOOGL/1760099795.json -> /tmp/minio_downloads/1760099795.json
[2025-10-14T14:18:17.424+0000] {logging_mixin.py:188} INFO - Downloaded GOOGL/1760099805.json -> /tmp/minio_downloads/1760099805.json
[2025-10-14T14:18:17.430+0000] {logging_mixin.py:188} INFO - Downloaded GOOGL/1760099815.json -> /tmp/minio_downloads/1760099815.json
[2025-10-14T14:18:17.437+0000] {logging_mixin.py:188} INFO - Downloaded GOOGL/1760099824.json -> /tmp/minio_downloads/1760099824.json
[2025-10-14T14:18:17.443+0000] {logging_mixin.py:188} INFO - Downloaded GOOGL/1760099834.json -> /tmp/minio_downloads/1760099834.json
[2025-10-14T14:18:17.449+0000] {logging_mixin.py:188} INFO - Downloaded GOOGL/1760099843.json -> /tmp/minio_downloads/1760099843.json
[2025-10-14T14:18:17.455+0000] {logging_mixin.py:188} INFO - Downloaded GOOGL/1760099852.json -> /tmp/minio_downloads/1760099852.json
[2025-10-14T14:18:17.462+0000] {logging_mixin.py:188} INFO - Downloaded GOOGL/1760099862.json -> /tmp/minio_downloads/1760099862.json
[2025-10-14T14:18:17.469+0000] {logging_mixin.py:188} INFO - Downloaded GOOGL/1760099871.json -> /tmp/minio_downloads/1760099871.json
[2025-10-14T14:18:17.477+0000] {logging_mixin.py:188} INFO - Downloaded GOOGL/1760099880.json -> /tmp/minio_downloads/1760099880.json
[2025-10-14T14:18:17.484+0000] {logging_mixin.py:188} INFO - Downloaded GOOGL/1760099889.json -> /tmp/minio_downloads/1760099889.json
[2025-10-14T14:18:17.491+0000] {logging_mixin.py:188} INFO - Downloaded GOOGL/1760099898.json -> /tmp/minio_downloads/1760099898.json
[2025-10-14T14:18:17.498+0000] {logging_mixin.py:188} INFO - Downloaded GOOGL/1760099907.json -> /tmp/minio_downloads/1760099907.json
[2025-10-14T14:18:17.504+0000] {logging_mixin.py:188} INFO - Downloaded GOOGL/1760099917.json -> /tmp/minio_downloads/1760099917.json
[2025-10-14T14:18:17.506+0000] {python.py:237} INFO - Done. Returned value was: ['/tmp/minio_downloads/1760097974.json', '/tmp/minio_downloads/1760097983.json', '/tmp/minio_downloads/1760097992.json', '/tmp/minio_downloads/1760098000.json', '/tmp/minio_downloads/1760098010.json', '/tmp/minio_downloads/1760098020.json', '/tmp/minio_downloads/1760098029.json', '/tmp/minio_downloads/1760098038.json', '/tmp/minio_downloads/1760098047.json', '/tmp/minio_downloads/1760098056.json', '/tmp/minio_downloads/1760098064.json', '/tmp/minio_downloads/1760098073.json', '/tmp/minio_downloads/1760098082.json', '/tmp/minio_downloads/1760098091.json', '/tmp/minio_downloads/1760098101.json', '/tmp/minio_downloads/1760098110.json', '/tmp/minio_downloads/1760098119.json', '/tmp/minio_downloads/1760098127.json', '/tmp/minio_downloads/1760098137.json', '/tmp/minio_downloads/1760098145.json', '/tmp/minio_downloads/1760098154.json', '/tmp/minio_downloads/1760098163.json', '/tmp/minio_downloads/1760098403.json', '/tmp/minio_downloads/1760098412.json', '/tmp/minio_downloads/1760098422.json', '/tmp/minio_downloads/1760098432.json', '/tmp/minio_downloads/1760098441.json', '/tmp/minio_downloads/1760098451.json', '/tmp/minio_downloads/1760098461.json', '/tmp/minio_downloads/1760098470.json', '/tmp/minio_downloads/1760098480.json', '/tmp/minio_downloads/1760098489.json', '/tmp/minio_downloads/1760098499.json', '/tmp/minio_downloads/1760098508.json', '/tmp/minio_downloads/1760098517.json', '/tmp/minio_downloads/1760098527.json', '/tmp/minio_downloads/1760098536.json', '/tmp/minio_downloads/1760098546.json', '/tmp/minio_downloads/1760098556.json', '/tmp/minio_downloads/1760098566.json', '/tmp/minio_downloads/1760098575.json', '/tmp/minio_downloads/1760098584.json', '/tmp/minio_downloads/1760098594.json', '/tmp/minio_downloads/1760098604.json', '/tmp/minio_downloads/1760098614.json', '/tmp/minio_downloads/1760098624.json', '/tmp/minio_downloads/1760098634.json', '/tmp/minio_downloads/1760098643.json', '/tmp/minio_downloads/1760098653.json', '/tmp/minio_downloads/1760098662.json', '/tmp/minio_downloads/1760098672.json', '/tmp/minio_downloads/1760098681.json', '/tmp/minio_downloads/1760098691.json', '/tmp/minio_downloads/1760098701.json', '/tmp/minio_downloads/1760098710.json', '/tmp/minio_downloads/1760098719.json', '/tmp/minio_downloads/1760098728.json', '/tmp/minio_downloads/1760098738.json', '/tmp/minio_downloads/1760098747.json', '/tmp/minio_downloads/1760098757.json', '/tmp/minio_downloads/1760098767.json', '/tmp/minio_downloads/1760098776.json', '/tmp/minio_downloads/1760098785.json', '/tmp/minio_downloads/1760098794.json', '/tmp/minio_downloads/1760098804.json', '/tmp/minio_downloads/1760098814.json', '/tmp/minio_downloads/1760098823.json', '/tmp/minio_downloads/1760098833.json', '/tmp/minio_downloads/1760098842.json', '/tmp/minio_downloads/1760098851.json', '/tmp/minio_downloads/1760098860.json', '/tmp/minio_downloads/1760098869.json', '/tmp/minio_downloads/1760098878.json', '/tmp/minio_downloads/1760098888.json', '/tmp/minio_downloads/1760098897.json', '/tmp/minio_downloads/1760098906.json', '/tmp/minio_downloads/1760098915.json', '/tmp/minio_downloads/1760098925.json', '/tmp/minio_downloads/1760098934.json', '/tmp/minio_downloads/1760098944.json', '/tmp/minio_downloads/1760098954.json', '/tmp/minio_downloads/1760098964.json', '/tmp/minio_downloads/1760098973.json', '/tmp/minio_downloads/1760098983.json', '/tmp/minio_downloads/1760098992.json', '/tmp/minio_downloads/1760099002.json', '/tmp/minio_downloads/1760099012.json', '/tmp/minio_downloads/1760099021.json', '/tmp/minio_downloads/1760099030.json', '/tmp/minio_downloads/1760099039.json', '/tmp/minio_downloads/1760099049.json', '/tmp/minio_downloads/1760099058.json', '/tmp/minio_downloads/1760099068.json', '/tmp/minio_downloads/1760099077.json', '/tmp/minio_downloads/1760099086.json', '/tmp/minio_downloads/1760099096.json', '/tmp/minio_downloads/1760099105.json', '/tmp/minio_downloads/1760099115.json', '/tmp/minio_downloads/1760099125.json', '/tmp/minio_downloads/1760099134.json', '/tmp/minio_downloads/1760099144.json', '/tmp/minio_downloads/1760099154.json', '/tmp/minio_downloads/1760099163.json', '/tmp/minio_downloads/1760099173.json', '/tmp/minio_downloads/1760099183.json', '/tmp/minio_downloads/1760099192.json', '/tmp/minio_downloads/1760099201.json', '/tmp/minio_downloads/1760099210.json', '/tmp/minio_downloads/1760099220.json', '/tmp/minio_downloads/1760099229.json', '/tmp/minio_downloads/1760099238.json', '/tmp/minio_downloads/1760099247.json', '/tmp/minio_downloads/1760099256.json', '/tmp/minio_downloads/1760099266.json', '/tmp/minio_downloads/1760099275.json', '/tmp/minio_downloads/1760099285.json', '/tmp/minio_downloads/1760099294.json', '/tmp/minio_downloads/1760099303.json', '/tmp/minio_downloads/1760099312.json', '/tmp/minio_downloads/1760099322.json', '/tmp/minio_downloads/1760099331.json', '/tmp/minio_downloads/1760099340.json', '/tmp/minio_downloads/1760099349.json', '/tmp/minio_downloads/1760099358.json', '/tmp/minio_downloads/1760099368.json', '/tmp/minio_downloads/1760099378.json', '/tmp/minio_downloads/1760099387.json', '/tmp/minio_downloads/1760099397.json', '/tmp/minio_downloads/1760099406.json', '/tmp/minio_downloads/1760099415.json', '/tmp/minio_downloads/1760099425.json', '/tmp/minio_downloads/1760099435.json', '/tmp/minio_downloads/1760099444.json', '/tmp/minio_downloads/1760099453.json', '/tmp/minio_downloads/1760099463.json', '/tmp/minio_downloads/1760099483.json', '/tmp/minio_downloads/1760099493.json', '/tmp/minio_downloads/1760099503.json', '/tmp/minio_downloads/1760099513.json', '/tmp/minio_downloads/1760099522.json', '/tmp/minio_downloads/1760099532.json', '/tmp/minio_downloads/1760099541.json', '/tmp/minio_downloads/1760099550.json', '/tmp/minio_downloads/1760099559.json', '/tmp/minio_downloads/1760099568.json', '/tmp/minio_downloads/1760099578.json', '/tmp/minio_downloads/1760099588.json', '/tmp/minio_downloads/1760099597.json', '/tmp/minio_downloads/1760099606.json', '/tmp/minio_downloads/1760099616.json', '/tmp/minio_downloads/1760099625.json', '/tmp/minio_downloads/1760099635.json', '/tmp/minio_downloads/1760099645.json', '/tmp/minio_downloads/1760099655.json', '/tmp/minio_downloads/1760099664.json', '/tmp/minio_downloads/1760099673.json', '/tmp/minio_downloads/1760099682.json', '/tmp/minio_downloads/1760099692.json', '/tmp/minio_downloads/1760099701.json', '/tmp/minio_downloads/1760099710.json', '/tmp/minio_downloads/1760099719.json', '/tmp/minio_downloads/1760099728.json', '/tmp/minio_downloads/1760099737.json', '/tmp/minio_downloads/1760099746.json', '/tmp/minio_downloads/1760099756.json', '/tmp/minio_downloads/1760099765.json', '/tmp/minio_downloads/1760099775.json', '/tmp/minio_downloads/1760099784.json', '/tmp/minio_downloads/1760099793.json', '/tmp/minio_downloads/1760099803.json', '/tmp/minio_downloads/1760099812.json', '/tmp/minio_downloads/1760099822.json', '/tmp/minio_downloads/1760099832.json', '/tmp/minio_downloads/1760099841.json', '/tmp/minio_downloads/1760099850.json', '/tmp/minio_downloads/1760099860.json', '/tmp/minio_downloads/1760099869.json', '/tmp/minio_downloads/1760099878.json', '/tmp/minio_downloads/1760099887.json', '/tmp/minio_downloads/1760099896.json', '/tmp/minio_downloads/1760099905.json', '/tmp/minio_downloads/1760099915.json', '/tmp/minio_downloads/1760099925.json', '/tmp/minio_downloads/1760099934.json', '/tmp/minio_downloads/1760099943.json', '/tmp/minio_downloads/1760099952.json', '/tmp/minio_downloads/1760099962.json', '/tmp/minio_downloads/1760099971.json', '/tmp/minio_downloads/1760099980.json', '/tmp/minio_downloads/1760099989.json', '/tmp/minio_downloads/1760099999.json', '/tmp/minio_downloads/1760100008.json', '/tmp/minio_downloads/1760100017.json', '/tmp/minio_downloads/1760100027.json', '/tmp/minio_downloads/1760100036.json', '/tmp/minio_downloads/1760100046.json', '/tmp/minio_downloads/1760100055.json', '/tmp/minio_downloads/1760100064.json', '/tmp/minio_downloads/1760100074.json', '/tmp/minio_downloads/1760100083.json', '/tmp/minio_downloads/1760100092.json', '/tmp/minio_downloads/1760100102.json', '/tmp/minio_downloads/1760100112.json', '/tmp/minio_downloads/1760100121.json', '/tmp/minio_downloads/1760100130.json', '/tmp/minio_downloads/1760100139.json', '/tmp/minio_downloads/1760100149.json', '/tmp/minio_downloads/1760100159.json', '/tmp/minio_downloads/1760100168.json', '/tmp/minio_downloads/1760100177.json', '/tmp/minio_downloads/1760100186.json', '/tmp/minio_downloads/1760100195.json', '/tmp/minio_downloads/1760100205.json', '/tmp/minio_downloads/1760100214.json', '/tmp/minio_downloads/1760100224.json', '/tmp/minio_downloads/1760100233.json', '/tmp/minio_downloads/1760100243.json', '/tmp/minio_downloads/1760100253.json', '/tmp/minio_downloads/1760100262.json', '/tmp/minio_downloads/1760100271.json', '/tmp/minio_downloads/1760100280.json', '/tmp/minio_downloads/1760100289.json', '/tmp/minio_downloads/1760100299.json', '/tmp/minio_downloads/1760100308.json', '/tmp/minio_downloads/1760100317.json', '/tmp/minio_downloads/1760100326.json', '/tmp/minio_downloads/1760100335.json', '/tmp/minio_downloads/1760100345.json', '/tmp/minio_downloads/1760100354.json', '/tmp/minio_downloads/1760100363.json', '/tmp/minio_downloads/1760100373.json', '/tmp/minio_downloads/1760100382.json', '/tmp/minio_downloads/1760100391.json', '/tmp/minio_downloads/1760100400.json', '/tmp/minio_downloads/1760100409.json', '/tmp/minio_downloads/1760100419.json', '/tmp/minio_downloads/1760100428.json', '/tmp/minio_downloads/1760100437.json', '/tmp/minio_downloads/1760100446.json', '/tmp/minio_downloads/1760100456.json', '/tmp/minio_downloads/1760100464.json', '/tmp/minio_downloads/1760100474.json', '/tmp/minio_downloads/1760100484.json', '/tmp/minio_downloads/1760100493.json', '/tmp/minio_downloads/1760100502.json', '/tmp/minio_downloads/1760100512.json', '/tmp/minio_downloads/1760100521.json', '/tmp/minio_downloads/1760100530.json', '/tmp/minio_downloads/1760100539.json', '/tmp/minio_downloads/1760100548.json', '/tmp/minio_downloads/1760100558.json', '/tmp/minio_downloads/1760100566.json', '/tmp/minio_downloads/1760100576.json', '/tmp/minio_downloads/1760100585.json', '/tmp/minio_downloads/1760100594.json', '/tmp/minio_downloads/1760100604.json', '/tmp/minio_downloads/1760100613.json', '/tmp/minio_downloads/1760100623.json', '/tmp/minio_downloads/1760100633.json', '/tmp/minio_downloads/1760100642.json', '/tmp/minio_downloads/1760100652.json', '/tmp/minio_downloads/1760100661.json', '/tmp/minio_downloads/1760100671.json', '/tmp/minio_downloads/1760100680.json', '/tmp/minio_downloads/1760100689.json', '/tmp/minio_downloads/1760100698.json', '/tmp/minio_downloads/1760100708.json', '/tmp/minio_downloads/1760100717.json', '/tmp/minio_downloads/1760100726.json', '/tmp/minio_downloads/1760100736.json', '/tmp/minio_downloads/1760100745.json', '/tmp/minio_downloads/1760100755.json', '/tmp/minio_downloads/1760100764.json', '/tmp/minio_downloads/1760100774.json', '/tmp/minio_downloads/1760100783.json', '/tmp/minio_downloads/1760100793.json', '/tmp/minio_downloads/1760100802.json', '/tmp/minio_downloads/1760100811.json', '/tmp/minio_downloads/1760100820.json', '/tmp/minio_downloads/1760100830.json', '/tmp/minio_downloads/1760100840.json', '/tmp/minio_downloads/1760100849.json', '/tmp/minio_downloads/1760100858.json', '/tmp/minio_downloads/1760100867.json', '/tmp/minio_downloads/1760100876.json', '/tmp/minio_downloads/1760100886.json', '/tmp/minio_downloads/1760100896.json', '/tmp/minio_downloads/1760100905.json', '/tmp/minio_downloads/1760100915.json', '/tmp/minio_downloads/1760100924.json', '/tmp/minio_downloads/1760100933.json', '/tmp/minio_downloads/1760100943.json', '/tmp/minio_downloads/1760100953.json', '/tmp/minio_downloads/1760100962.json', '/tmp/minio_downloads/1760100972.json', '/tmp/minio_downloads/1760100981.json', '/tmp/minio_downloads/1760100991.json', '/tmp/minio_downloads/1760101001.json', '/tmp/minio_downloads/1760101010.json', '/tmp/minio_downloads/1760101020.json', '/tmp/minio_downloads/1760101030.json', '/tmp/minio_downloads/1760101039.json', '/tmp/minio_downloads/1760101048.json', '/tmp/minio_downloads/1760101057.json', '/tmp/minio_downloads/1760101067.json', '/tmp/minio_downloads/1760101076.json', '/tmp/minio_downloads/1760101086.json', '/tmp/minio_downloads/1760101096.json', '/tmp/minio_downloads/1760101106.json', '/tmp/minio_downloads/1760101115.json', '/tmp/minio_downloads/1760101125.json', '/tmp/minio_downloads/1760101134.json', '/tmp/minio_downloads/1760101144.json', '/tmp/minio_downloads/1760101153.json', '/tmp/minio_downloads/1760101163.json', '/tmp/minio_downloads/1760101172.json', '/tmp/minio_downloads/1760101181.json', '/tmp/minio_downloads/1760101190.json', '/tmp/minio_downloads/1760101200.json', '/tmp/minio_downloads/1760101210.json', '/tmp/minio_downloads/1760101220.json', '/tmp/minio_downloads/1760101229.json', '/tmp/minio_downloads/1760101239.json', '/tmp/minio_downloads/1760101249.json', '/tmp/minio_downloads/1760101259.json', '/tmp/minio_downloads/1760101268.json', '/tmp/minio_downloads/1760101278.json', '/tmp/minio_downloads/1760101287.json', '/tmp/minio_downloads/1760101296.json', '/tmp/minio_downloads/1760101306.json', '/tmp/minio_downloads/1760101316.json', '/tmp/minio_downloads/1760101325.json', '/tmp/minio_downloads/1760101335.json', '/tmp/minio_downloads/1760101344.json', '/tmp/minio_downloads/1760101354.json', '/tmp/minio_downloads/1760101363.json', '/tmp/minio_downloads/1760101373.json', '/tmp/minio_downloads/1760101382.json', '/tmp/minio_downloads/1760101391.json', '/tmp/minio_downloads/1760101401.json', '/tmp/minio_downloads/1760101410.json', '/tmp/minio_downloads/1760101421.json', '/tmp/minio_downloads/1760101430.json', '/tmp/minio_downloads/1760101440.json', '/tmp/minio_downloads/1760101450.json', '/tmp/minio_downloads/1760101460.json', '/tmp/minio_downloads/1760101470.json', '/tmp/minio_downloads/1760101479.json', '/tmp/minio_downloads/1760101489.json', '/tmp/minio_downloads/1760101499.json', '/tmp/minio_downloads/1760101508.json', '/tmp/minio_downloads/1760101518.json', '/tmp/minio_downloads/1760101527.json', '/tmp/minio_downloads/1760101537.json', '/tmp/minio_downloads/1760101546.json', '/tmp/minio_downloads/1760101555.json', '/tmp/minio_downloads/1760101565.json', '/tmp/minio_downloads/1760101575.json', '/tmp/minio_downloads/1760101584.json', '/tmp/minio_downloads/1760101594.json', '/tmp/minio_downloads/1760101603.json', '/tmp/minio_downloads/1760101613.json', '/tmp/minio_downloads/1760101622.json', '/tmp/minio_downloads/1760101631.json', '/tmp/minio_downloads/1760101641.json', '/tmp/minio_downloads/1760101650.json', '/tmp/minio_downloads/1760101659.json', '/tmp/minio_downloads/1760101668.json', '/tmp/minio_downloads/1760101677.json', '/tmp/minio_downloads/1760101687.json', '/tmp/minio_downloads/1760101696.json', '/tmp/minio_downloads/1760101705.json', '/tmp/minio_downloads/1760101715.json', '/tmp/minio_downloads/1760101724.json', '/tmp/minio_downloads/1760101733.json', '/tmp/minio_downloads/1760101743.json', '/tmp/minio_downloads/1760101752.json', '/tmp/minio_downloads/1760101762.json', '/tmp/minio_downloads/1760101772.json', '/tmp/minio_downloads/1760101781.json', '/tmp/minio_downloads/1760101791.json', '/tmp/minio_downloads/1760101801.json', '/tmp/minio_downloads/1760101810.json', '/tmp/minio_downloads/1760101819.json', '/tmp/minio_downloads/1760101829.json', '/tmp/minio_downloads/1760101838.json', '/tmp/minio_downloads/1760101848.json', '/tmp/minio_downloads/1760101857.json', '/tmp/minio_downloads/1760101867.json', '/tmp/minio_downloads/1760101877.json', '/tmp/minio_downloads/1760101886.json', '/tmp/minio_downloads/1760101896.json', '/tmp/minio_downloads/1760101905.json', '/tmp/minio_downloads/1760101915.json', '/tmp/minio_downloads/1760101925.json', '/tmp/minio_downloads/1760101935.json', '/tmp/minio_downloads/1760101944.json', '/tmp/minio_downloads/1760101954.json', '/tmp/minio_downloads/1760101964.json', '/tmp/minio_downloads/1760101974.json', '/tmp/minio_downloads/1760101983.json', '/tmp/minio_downloads/1760101993.json', '/tmp/minio_downloads/1760102003.json', '/tmp/minio_downloads/1760102012.json', '/tmp/minio_downloads/1760102021.json', '/tmp/minio_downloads/1760102031.json', '/tmp/minio_downloads/1760102040.json', '/tmp/minio_downloads/1760102050.json', '/tmp/minio_downloads/1760102060.json', '/tmp/minio_downloads/1760102069.json', '/tmp/minio_downloads/1760102078.json', '/tmp/minio_downloads/1760097976.json', '/tmp/minio_downloads/1760097985.json', '/tmp/minio_downloads/1760097994.json', '/tmp/minio_downloads/1760098004.json', '/tmp/minio_downloads/1760098013.json', '/tmp/minio_downloads/1760098022.json', '/tmp/minio_downloads/1760098031.json', '/tmp/minio_downloads/1760098040.json', '/tmp/minio_downloads/1760098049.json', '/tmp/minio_downloads/1760098058.json', '/tmp/minio_downloads/1760098066.json', '/tmp/minio_downloads/1760098075.json', '/tmp/minio_downloads/1760098084.json', '/tmp/minio_downloads/1760098093.json', '/tmp/minio_downloads/1760098103.json', '/tmp/minio_downloads/1760098112.json', '/tmp/minio_downloads/1760098121.json', '/tmp/minio_downloads/1760098130.json', '/tmp/minio_downloads/1760098139.json', '/tmp/minio_downloads/1760098147.json', '/tmp/minio_downloads/1760098156.json', '/tmp/minio_downloads/1760098406.json', '/tmp/minio_downloads/1760098415.json', '/tmp/minio_downloads/1760098425.json', '/tmp/minio_downloads/1760098435.json', '/tmp/minio_downloads/1760098444.json', '/tmp/minio_downloads/1760098454.json', '/tmp/minio_downloads/1760098463.json', '/tmp/minio_downloads/1760098473.json', '/tmp/minio_downloads/1760098483.json', '/tmp/minio_downloads/1760098492.json', '/tmp/minio_downloads/1760098502.json', '/tmp/minio_downloads/1760098511.json', '/tmp/minio_downloads/1760098520.json', '/tmp/minio_downloads/1760098530.json', '/tmp/minio_downloads/1760098540.json', '/tmp/minio_downloads/1760098549.json', '/tmp/minio_downloads/1760098559.json', '/tmp/minio_downloads/1760098568.json', '/tmp/minio_downloads/1760098578.json', '/tmp/minio_downloads/1760098587.json', '/tmp/minio_downloads/1760098597.json', '/tmp/minio_downloads/1760098607.json', '/tmp/minio_downloads/1760098617.json', '/tmp/minio_downloads/1760098627.json', '/tmp/minio_downloads/1760098636.json', '/tmp/minio_downloads/1760098646.json', '/tmp/minio_downloads/1760098656.json', '/tmp/minio_downloads/1760098665.json', '/tmp/minio_downloads/1760098675.json', '/tmp/minio_downloads/1760098684.json', '/tmp/minio_downloads/1760098694.json', '/tmp/minio_downloads/1760098703.json', '/tmp/minio_downloads/1760098712.json', '/tmp/minio_downloads/1760098721.json', '/tmp/minio_downloads/1760098731.json', '/tmp/minio_downloads/1760098741.json', '/tmp/minio_downloads/1760098750.json', '/tmp/minio_downloads/1760098760.json', '/tmp/minio_downloads/1760098769.json', '/tmp/minio_downloads/1760098778.json', '/tmp/minio_downloads/1760098788.json', '/tmp/minio_downloads/1760098797.json', '/tmp/minio_downloads/1760098807.json', '/tmp/minio_downloads/1760098817.json', '/tmp/minio_downloads/1760098826.json', '/tmp/minio_downloads/1760098835.json', '/tmp/minio_downloads/1760098844.json', '/tmp/minio_downloads/1760098854.json', '/tmp/minio_downloads/1760098863.json', '/tmp/minio_downloads/1760098872.json', '/tmp/minio_downloads/1760098881.json', '/tmp/minio_downloads/1760098890.json', '/tmp/minio_downloads/1760098899.json', '/tmp/minio_downloads/1760098909.json', '/tmp/minio_downloads/1760098918.json', '/tmp/minio_downloads/1760098928.json', '/tmp/minio_downloads/1760098937.json', '/tmp/minio_downloads/1760098947.json', '/tmp/minio_downloads/1760098957.json', '/tmp/minio_downloads/1760098967.json', '/tmp/minio_downloads/1760098976.json', '/tmp/minio_downloads/1760098986.json', '/tmp/minio_downloads/1760098995.json', '/tmp/minio_downloads/1760099005.json', '/tmp/minio_downloads/1760099014.json', '/tmp/minio_downloads/1760099024.json', '/tmp/minio_downloads/1760099033.json', '/tmp/minio_downloads/1760099042.json', '/tmp/minio_downloads/1760099051.json', '/tmp/minio_downloads/1760099061.json', '/tmp/minio_downloads/1760099070.json', '/tmp/minio_downloads/1760099080.json', '/tmp/minio_downloads/1760099089.json', '/tmp/minio_downloads/1760099098.json', '/tmp/minio_downloads/1760099108.json', '/tmp/minio_downloads/1760099118.json', '/tmp/minio_downloads/1760099128.json', '/tmp/minio_downloads/1760099137.json', '/tmp/minio_downloads/1760099147.json', '/tmp/minio_downloads/1760099157.json', '/tmp/minio_downloads/1760099167.json', '/tmp/minio_downloads/1760099176.json', '/tmp/minio_downloads/1760099185.json', '/tmp/minio_downloads/1760099195.json', '/tmp/minio_downloads/1760099204.json', '/tmp/minio_downloads/1760099213.json', '/tmp/minio_downloads/1760099222.json', '/tmp/minio_downloads/1760099231.json', '/tmp/minio_downloads/1760099241.json', '/tmp/minio_downloads/1760099250.json', '/tmp/minio_downloads/1760099259.json', '/tmp/minio_downloads/1760099268.json', '/tmp/minio_downloads/1760099278.json', '/tmp/minio_downloads/1760099287.json', '/tmp/minio_downloads/1760099296.json', '/tmp/minio_downloads/1760099305.json', '/tmp/minio_downloads/1760099315.json', '/tmp/minio_downloads/1760099324.json', '/tmp/minio_downloads/1760099333.json', '/tmp/minio_downloads/1760099342.json', '/tmp/minio_downloads/1760099352.json', '/tmp/minio_downloads/1760099362.json', '/tmp/minio_downloads/1760099371.json', '/tmp/minio_downloads/1760099381.json', '/tmp/minio_downloads/1760099390.json', '/tmp/minio_downloads/1760099400.json', '/tmp/minio_downloads/1760099409.json', '/tmp/minio_downloads/1760099418.json', '/tmp/minio_downloads/1760099428.json', '/tmp/minio_downloads/1760099437.json', '/tmp/minio_downloads/1760099446.json', '/tmp/minio_downloads/1760099456.json', '/tmp/minio_downloads/1760099486.json', '/tmp/minio_downloads/1760099496.json', '/tmp/minio_downloads/1760099506.json', '/tmp/minio_downloads/1760099515.json', '/tmp/minio_downloads/1760099525.json', '/tmp/minio_downloads/1760099534.json', '/tmp/minio_downloads/1760099543.json', '/tmp/minio_downloads/1760099553.json', '/tmp/minio_downloads/1760099562.json', '/tmp/minio_downloads/1760099571.json', '/tmp/minio_downloads/1760099581.json', '/tmp/minio_downloads/1760099590.json', '/tmp/minio_downloads/1760099599.json', '/tmp/minio_downloads/1760099609.json', '/tmp/minio_downloads/1760099619.json', '/tmp/minio_downloads/1760099628.json', '/tmp/minio_downloads/1760099638.json', '/tmp/minio_downloads/1760099648.json', '/tmp/minio_downloads/1760099657.json', '/tmp/minio_downloads/1760099666.json', '/tmp/minio_downloads/1760099676.json', '/tmp/minio_downloads/1760099685.json', '/tmp/minio_downloads/1760099694.json', '/tmp/minio_downloads/1760099703.json', '/tmp/minio_downloads/1760099712.json', '/tmp/minio_downloads/1760099722.json', '/tmp/minio_downloads/1760099731.json', '/tmp/minio_downloads/1760099740.json', '/tmp/minio_downloads/1760099749.json', '/tmp/minio_downloads/1760099758.json', '/tmp/minio_downloads/1760099768.json', '/tmp/minio_downloads/1760099777.json', '/tmp/minio_downloads/1760099787.json', '/tmp/minio_downloads/1760099796.json', '/tmp/minio_downloads/1760099806.json', '/tmp/minio_downloads/1760099815.json', '/tmp/minio_downloads/1760099825.json', '/tmp/minio_downloads/1760099834.json', '/tmp/minio_downloads/1760099844.json', '/tmp/minio_downloads/1760099853.json', '/tmp/minio_downloads/1760099862.json', '/tmp/minio_downloads/1760099871.json', '/tmp/minio_downloads/1760099880.json', '/tmp/minio_downloads/1760099890.json', '/tmp/minio_downloads/1760099899.json', '/tmp/minio_downloads/1760099908.json', '/tmp/minio_downloads/1760099918.json', '/tmp/minio_downloads/1760099927.json', '/tmp/minio_downloads/1760099936.json', '/tmp/minio_downloads/1760099946.json', '/tmp/minio_downloads/1760099955.json', '/tmp/minio_downloads/1760099964.json', '/tmp/minio_downloads/1760099974.json', '/tmp/minio_downloads/1760099983.json', '/tmp/minio_downloads/1760099992.json', '/tmp/minio_downloads/1760100001.json', '/tmp/minio_downloads/1760100011.json', '/tmp/minio_downloads/1760100020.json', '/tmp/minio_downloads/1760100030.json', '/tmp/minio_downloads/1760100039.json', '/tmp/minio_downloads/1760100048.json', '/tmp/minio_downloads/1760100058.json', '/tmp/minio_downloads/1760100067.json', '/tmp/minio_downloads/1760100076.json', '/tmp/minio_downloads/1760100086.json', '/tmp/minio_downloads/1760100095.json', '/tmp/minio_downloads/1760100105.json', '/tmp/minio_downloads/1760100114.json', '/tmp/minio_downloads/1760100123.json', '/tmp/minio_downloads/1760100133.json', '/tmp/minio_downloads/1760100142.json', '/tmp/minio_downloads/1760100152.json', '/tmp/minio_downloads/1760100161.json', '/tmp/minio_downloads/1760100170.json', '/tmp/minio_downloads/1760100179.json', '/tmp/minio_downloads/1760100188.json', '/tmp/minio_downloads/1760100198.json', '/tmp/minio_downloads/1760100207.json', '/tmp/minio_downloads/1760100217.json', '/tmp/minio_downloads/1760100226.json', '/tmp/minio_downloads/1760100236.json', '/tmp/minio_downloads/1760100246.json', '/tmp/minio_downloads/1760100255.json', '/tmp/minio_downloads/1760100264.json', '/tmp/minio_downloads/1760100273.json', '/tmp/minio_downloads/1760100283.json', '/tmp/minio_downloads/1760100292.json', '/tmp/minio_downloads/1760100301.json', '/tmp/minio_downloads/1760100310.json', '/tmp/minio_downloads/1760100319.json', '/tmp/minio_downloads/1760100329.json', '/tmp/minio_downloads/1760100338.json', '/tmp/minio_downloads/1760100348.json', '/tmp/minio_downloads/1760100357.json', '/tmp/minio_downloads/1760100366.json', '/tmp/minio_downloads/1760100375.json', '/tmp/minio_downloads/1760100385.json', '/tmp/minio_downloads/1760100394.json', '/tmp/minio_downloads/1760100403.json', '/tmp/minio_downloads/1760100412.json', '/tmp/minio_downloads/1760100421.json', '/tmp/minio_downloads/1760100431.json', '/tmp/minio_downloads/1760100440.json', '/tmp/minio_downloads/1760100449.json', '/tmp/minio_downloads/1760100458.json', '/tmp/minio_downloads/1760100467.json', '/tmp/minio_downloads/1760100477.json', '/tmp/minio_downloads/1760100486.json', '/tmp/minio_downloads/1760100496.json', '/tmp/minio_downloads/1760100505.json', '/tmp/minio_downloads/1760100514.json', '/tmp/minio_downloads/1760100523.json', '/tmp/minio_downloads/1760100533.json', '/tmp/minio_downloads/1760100542.json', '/tmp/minio_downloads/1760100551.json', '/tmp/minio_downloads/1760100560.json', '/tmp/minio_downloads/1760100569.json', '/tmp/minio_downloads/1760100578.json', '/tmp/minio_downloads/1760100588.json', '/tmp/minio_downloads/1760100597.json', '/tmp/minio_downloads/1760100607.json', '/tmp/minio_downloads/1760100617.json', '/tmp/minio_downloads/1760100626.json', '/tmp/minio_downloads/1760100635.json', '/tmp/minio_downloads/1760100645.json', '/tmp/minio_downloads/1760100655.json', '/tmp/minio_downloads/1760100664.json', '/tmp/minio_downloads/1760100673.json', '/tmp/minio_downloads/1760100683.json', '/tmp/minio_downloads/1760100692.json', '/tmp/minio_downloads/1760100701.json', '/tmp/minio_downloads/1760100710.json', '/tmp/minio_downloads/1760100720.json', '/tmp/minio_downloads/1760100729.json', '/tmp/minio_downloads/1760100738.json', '/tmp/minio_downloads/1760100748.json', '/tmp/minio_downloads/1760100758.json', '/tmp/minio_downloads/1760100767.json', '/tmp/minio_downloads/1760100777.json', '/tmp/minio_downloads/1760100786.json', '/tmp/minio_downloads/1760100796.json', '/tmp/minio_downloads/1760100805.json', '/tmp/minio_downloads/1760100814.json', '/tmp/minio_downloads/1760100823.json', '/tmp/minio_downloads/1760100833.json', '/tmp/minio_downloads/1760100842.json', '/tmp/minio_downloads/1760100851.json', '/tmp/minio_downloads/1760100861.json', '/tmp/minio_downloads/1760100870.json', '/tmp/minio_downloads/1760100880.json', '/tmp/minio_downloads/1760100889.json', '/tmp/minio_downloads/1760100898.json', '/tmp/minio_downloads/1760100908.json', '/tmp/minio_downloads/1760100917.json', '/tmp/minio_downloads/1760100927.json', '/tmp/minio_downloads/1760100936.json', '/tmp/minio_downloads/1760100946.json', '/tmp/minio_downloads/1760100956.json', '/tmp/minio_downloads/1760100965.json', '/tmp/minio_downloads/1760100974.json', '/tmp/minio_downloads/1760100984.json', '/tmp/minio_downloads/1760100994.json', '/tmp/minio_downloads/1760101004.json', '/tmp/minio_downloads/1760101014.json', '/tmp/minio_downloads/1760101023.json', '/tmp/minio_downloads/1760101032.json', '/tmp/minio_downloads/1760101041.json', '/tmp/minio_downloads/1760101051.json', '/tmp/minio_downloads/1760101060.json', '/tmp/minio_downloads/1760101069.json', '/tmp/minio_downloads/1760101079.json', '/tmp/minio_downloads/1760101089.json', '/tmp/minio_downloads/1760101099.json', '/tmp/minio_downloads/1760101109.json', '/tmp/minio_downloads/1760101118.json', '/tmp/minio_downloads/1760101128.json', '/tmp/minio_downloads/1760101137.json', '/tmp/minio_downloads/1760101146.json', '/tmp/minio_downloads/1760101156.json', '/tmp/minio_downloads/1760101165.json', '/tmp/minio_downloads/1760101174.json', '/tmp/minio_downloads/1760101183.json', '/tmp/minio_downloads/1760101194.json', '/tmp/minio_downloads/1760101204.json', '/tmp/minio_downloads/1760101213.json', '/tmp/minio_downloads/1760101223.json', '/tmp/minio_downloads/1760101233.json', '/tmp/minio_downloads/1760101242.json', '/tmp/minio_downloads/1760101252.json', '/tmp/minio_downloads/1760101262.json', '/tmp/minio_downloads/1760101271.json', '/tmp/minio_downloads/1760101280.json', '/tmp/minio_downloads/1760101290.json', '/tmp/minio_downloads/1760101299.json', '/tmp/minio_downloads/1760101309.json', '/tmp/minio_downloads/1760101318.json', '/tmp/minio_downloads/1760101328.json', '/tmp/minio_downloads/1760101337.json', '/tmp/minio_downloads/1760101347.json', '/tmp/minio_downloads/1760101356.json', '/tmp/minio_downloads/1760101366.json', '/tmp/minio_downloads/1760101375.json', '/tmp/minio_downloads/1760101385.json', '/tmp/minio_downloads/1760101394.json', '/tmp/minio_downloads/1760101404.json', '/tmp/minio_downloads/1760101415.json', '/tmp/minio_downloads/1760101424.json', '/tmp/minio_downloads/1760101433.json', '/tmp/minio_downloads/1760101443.json', '/tmp/minio_downloads/1760101453.json', '/tmp/minio_downloads/1760101463.json', '/tmp/minio_downloads/1760101473.json', '/tmp/minio_downloads/1760101482.json', '/tmp/minio_downloads/1760101492.json', '/tmp/minio_downloads/1760101501.json', '/tmp/minio_downloads/1760101511.json', '/tmp/minio_downloads/1760101520.json', '/tmp/minio_downloads/1760101530.json', '/tmp/minio_downloads/1760101539.json', '/tmp/minio_downloads/1760101549.json', '/tmp/minio_downloads/1760101558.json', '/tmp/minio_downloads/1760101568.json', '/tmp/minio_downloads/1760101578.json', '/tmp/minio_downloads/1760101587.json', '/tmp/minio_downloads/1760101596.json', '/tmp/minio_downloads/1760101606.json', '/tmp/minio_downloads/1760101615.json', '/tmp/minio_downloads/1760101625.json', '/tmp/minio_downloads/1760101634.json', '/tmp/minio_downloads/1760101643.json', '/tmp/minio_downloads/1760101652.json', '/tmp/minio_downloads/1760101662.json', '/tmp/minio_downloads/1760101671.json', '/tmp/minio_downloads/1760101680.json', '/tmp/minio_downloads/1760101689.json', '/tmp/minio_downloads/1760101699.json', '/tmp/minio_downloads/1760101708.json', '/tmp/minio_downloads/1760101717.json', '/tmp/minio_downloads/1760101727.json', '/tmp/minio_downloads/1760101736.json', '/tmp/minio_downloads/1760101745.json', '/tmp/minio_downloads/1760101755.json', '/tmp/minio_downloads/1760101765.json', '/tmp/minio_downloads/1760101775.json', '/tmp/minio_downloads/1760101784.json', '/tmp/minio_downloads/1760101794.json', '/tmp/minio_downloads/1760101804.json', '/tmp/minio_downloads/1760101813.json', '/tmp/minio_downloads/1760101823.json', '/tmp/minio_downloads/1760101832.json', '/tmp/minio_downloads/1760101841.json', '/tmp/minio_downloads/1760101850.json', '/tmp/minio_downloads/1760101860.json', '/tmp/minio_downloads/1760101870.json', '/tmp/minio_downloads/1760101879.json', '/tmp/minio_downloads/1760101889.json', '/tmp/minio_downloads/1760101899.json', '/tmp/minio_downloads/1760101908.json', '/tmp/minio_downloads/1760101918.json', '/tmp/minio_downloads/1760101928.json', '/tmp/minio_downloads/1760101938.json', '/tmp/minio_downloads/1760101948.json', '/tmp/minio_downloads/1760101957.json', '/tmp/minio_downloads/1760101967.json', '/tmp/minio_downloads/1760101976.json', '/tmp/minio_downloads/1760101986.json', '/tmp/minio_downloads/1760101996.json', '/tmp/minio_downloads/1760102005.json', '/tmp/minio_downloads/1760102015.json', '/tmp/minio_downloads/1760102024.json', '/tmp/minio_downloads/1760102034.json', '/tmp/minio_downloads/1760102043.json', '/tmp/minio_downloads/1760102053.json', '/tmp/minio_downloads/1760102063.json', '/tmp/minio_downloads/1760102072.json', '/tmp/minio_downloads/1760102081.json', '/tmp/minio_downloads/1760097976.json', '/tmp/minio_downloads/1760097985.json', '/tmp/minio_downloads/1760097993.json', '/tmp/minio_downloads/1760098003.json', '/tmp/minio_downloads/1760098012.json', '/tmp/minio_downloads/1760098022.json', '/tmp/minio_downloads/1760098031.json', '/tmp/minio_downloads/1760098039.json', '/tmp/minio_downloads/1760098049.json', '/tmp/minio_downloads/1760098057.json', '/tmp/minio_downloads/1760098066.json', '/tmp/minio_downloads/1760098075.json', '/tmp/minio_downloads/1760098084.json', '/tmp/minio_downloads/1760098092.json', '/tmp/minio_downloads/1760098102.json', '/tmp/minio_downloads/1760098112.json', '/tmp/minio_downloads/1760098120.json', '/tmp/minio_downloads/1760098130.json', '/tmp/minio_downloads/1760098138.json', '/tmp/minio_downloads/1760098147.json', '/tmp/minio_downloads/1760098156.json', '/tmp/minio_downloads/1760098405.json', '/tmp/minio_downloads/1760098415.json', '/tmp/minio_downloads/1760098424.json', '/tmp/minio_downloads/1760098434.json', '/tmp/minio_downloads/1760098443.json', '/tmp/minio_downloads/1760098453.json', '/tmp/minio_downloads/1760098463.json', '/tmp/minio_downloads/1760098472.json', '/tmp/minio_downloads/1760098482.json', '/tmp/minio_downloads/1760098492.json', '/tmp/minio_downloads/1760098501.json', '/tmp/minio_downloads/1760098510.json', '/tmp/minio_downloads/1760098520.json', '/tmp/minio_downloads/1760098529.json', '/tmp/minio_downloads/1760098539.json', '/tmp/minio_downloads/1760098549.json', '/tmp/minio_downloads/1760098558.json', '/tmp/minio_downloads/1760098568.json', '/tmp/minio_downloads/1760098577.json', '/tmp/minio_downloads/1760098586.json', '/tmp/minio_downloads/1760098596.json', '/tmp/minio_downloads/1760098606.json', '/tmp/minio_downloads/1760098616.json', '/tmp/minio_downloads/1760098626.json', '/tmp/minio_downloads/1760098636.json', '/tmp/minio_downloads/1760098645.json', '/tmp/minio_downloads/1760098655.json', '/tmp/minio_downloads/1760098665.json', '/tmp/minio_downloads/1760098674.json', '/tmp/minio_downloads/1760098683.json', '/tmp/minio_downloads/1760098693.json', '/tmp/minio_downloads/1760098702.json', '/tmp/minio_downloads/1760098712.json', '/tmp/minio_downloads/1760098721.json', '/tmp/minio_downloads/1760098731.json', '/tmp/minio_downloads/1760098740.json', '/tmp/minio_downloads/1760098749.json', '/tmp/minio_downloads/1760098759.json', '/tmp/minio_downloads/1760098769.json', '/tmp/minio_downloads/1760098778.json', '/tmp/minio_downloads/1760098787.json', '/tmp/minio_downloads/1760098796.json', '/tmp/minio_downloads/1760098807.json', '/tmp/minio_downloads/1760098816.json', '/tmp/minio_downloads/1760098825.json', '/tmp/minio_downloads/1760098835.json', '/tmp/minio_downloads/1760098844.json', '/tmp/minio_downloads/1760098853.json', '/tmp/minio_downloads/1760098862.json', '/tmp/minio_downloads/1760098871.json', '/tmp/minio_downloads/1760098880.json', '/tmp/minio_downloads/1760098890.json', '/tmp/minio_downloads/1760098899.json', '/tmp/minio_downloads/1760098908.json', '/tmp/minio_downloads/1760098917.json', '/tmp/minio_downloads/1760098927.json', '/tmp/minio_downloads/1760098936.json', '/tmp/minio_downloads/1760098946.json', '/tmp/minio_downloads/1760098957.json', '/tmp/minio_downloads/1760098966.json', '/tmp/minio_downloads/1760098976.json', '/tmp/minio_downloads/1760098985.json', '/tmp/minio_downloads/1760098995.json', '/tmp/minio_downloads/1760099004.json', '/tmp/minio_downloads/1760099013.json', '/tmp/minio_downloads/1760099023.json', '/tmp/minio_downloads/1760099032.json', '/tmp/minio_downloads/1760099041.json', '/tmp/minio_downloads/1760099051.json', '/tmp/minio_downloads/1760099060.json', '/tmp/minio_downloads/1760099070.json', '/tmp/minio_downloads/1760099079.json', '/tmp/minio_downloads/1760099088.json', '/tmp/minio_downloads/1760099098.json', '/tmp/minio_downloads/1760099107.json', '/tmp/minio_downloads/1760099117.json', '/tmp/minio_downloads/1760099127.json', '/tmp/minio_downloads/1760099136.json', '/tmp/minio_downloads/1760099146.json', '/tmp/minio_downloads/1760099156.json', '/tmp/minio_downloads/1760099166.json', '/tmp/minio_downloads/1760099176.json', '/tmp/minio_downloads/1760099185.json', '/tmp/minio_downloads/1760099194.json', '/tmp/minio_downloads/1760099203.json', '/tmp/minio_downloads/1760099212.json', '/tmp/minio_downloads/1760099222.json', '/tmp/minio_downloads/1760099231.json', '/tmp/minio_downloads/1760099240.json', '/tmp/minio_downloads/1760099249.json', '/tmp/minio_downloads/1760099258.json', '/tmp/minio_downloads/1760099268.json', '/tmp/minio_downloads/1760099277.json', '/tmp/minio_downloads/1760099287.json', '/tmp/minio_downloads/1760099296.json', '/tmp/minio_downloads/1760099305.json', '/tmp/minio_downloads/1760099314.json', '/tmp/minio_downloads/1760099323.json', '/tmp/minio_downloads/1760099333.json', '/tmp/minio_downloads/1760099342.json', '/tmp/minio_downloads/1760099351.json', '/tmp/minio_downloads/1760099361.json', '/tmp/minio_downloads/1760099371.json', '/tmp/minio_downloads/1760099380.json', '/tmp/minio_downloads/1760099389.json', '/tmp/minio_downloads/1760099399.json', '/tmp/minio_downloads/1760099408.json', '/tmp/minio_downloads/1760099417.json', '/tmp/minio_downloads/1760099427.json', '/tmp/minio_downloads/1760099437.json', '/tmp/minio_downloads/1760099446.json', '/tmp/minio_downloads/1760099455.json', '/tmp/minio_downloads/1760099485.json', '/tmp/minio_downloads/1760099495.json', '/tmp/minio_downloads/1760099505.json', '/tmp/minio_downloads/1760099515.json', '/tmp/minio_downloads/1760099524.json', '/tmp/minio_downloads/1760099533.json', '/tmp/minio_downloads/1760099543.json', '/tmp/minio_downloads/1760099552.json', '/tmp/minio_downloads/1760099561.json', '/tmp/minio_downloads/1760099570.json', '/tmp/minio_downloads/1760099580.json', '/tmp/minio_downloads/1760099590.json', '/tmp/minio_downloads/1760099599.json', '/tmp/minio_downloads/1760099608.json', '/tmp/minio_downloads/1760099618.json', '/tmp/minio_downloads/1760099627.json', '/tmp/minio_downloads/1760099637.json', '/tmp/minio_downloads/1760099647.json', '/tmp/minio_downloads/1760099657.json', '/tmp/minio_downloads/1760099666.json', '/tmp/minio_downloads/1760099675.json', '/tmp/minio_downloads/1760099684.json', '/tmp/minio_downloads/1760099693.json', '/tmp/minio_downloads/1760099703.json', '/tmp/minio_downloads/1760099712.json', '/tmp/minio_downloads/1760099721.json', '/tmp/minio_downloads/1760099730.json', '/tmp/minio_downloads/1760099739.json', '/tmp/minio_downloads/1760099748.json', '/tmp/minio_downloads/1760099758.json', '/tmp/minio_downloads/1760099767.json', '/tmp/minio_downloads/1760099777.json', '/tmp/minio_downloads/1760099786.json', '/tmp/minio_downloads/1760099795.json', '/tmp/minio_downloads/1760099805.json', '/tmp/minio_downloads/1760099815.json', '/tmp/minio_downloads/1760099824.json', '/tmp/minio_downloads/1760099834.json', '/tmp/minio_downloads/1760099843.json', '/tmp/minio_downloads/1760099852.json', '/tmp/minio_downloads/1760099862.json', '/tmp/minio_downloads/1760099871.json', '/tmp/minio_downloads/1760099880.json', '/tmp/minio_downloads/1760099889.json', '/tmp/minio_downloads/1760099898.json', '/tmp/minio_downloads/1760099907.json', '/tmp/minio_downloads/1760099917.json']
[2025-10-14T14:18:17.512+0000] {taskinstance.py:441} INFO - ::group::Post task execution logs
[2025-10-14T14:18:17.537+0000] {taskinstance.py:1206} INFO - Marking task as SUCCESS. dag_id=minio_to_snowflake, task_id=download_minio, run_id=scheduled__2025-10-14T14:16:00+00:00, execution_date=20251014T141600, start_date=20251014T141809, end_date=20251014T141817
[2025-10-14T14:18:17.558+0000] {local_task_job_runner.py:243} INFO - Task exited with return code 0
[2025-10-14T14:18:17.578+0000] {taskinstance.py:3503} INFO - 1 downstream tasks scheduled from follow-on schedule check
[2025-10-14T14:18:17.581+0000] {local_task_job_runner.py:222} INFO - ::endgroup::
