[2025-10-13T07:04:20.920+0000] {processor.py:161} INFO - Started process (PID=59255) to work on /opt/airflow/dags/minio_to_snowflake.py
[2025-10-13T07:04:20.937+0000] {processor.py:830} INFO - Processing file /opt/airflow/dags/minio_to_snowflake.py for tasks to queue
[2025-10-13T07:04:20.942+0000] {logging_mixin.py:188} INFO - [2025-10-13T07:04:20.942+0000] {dagbag.py:545} INFO - Filling up the DagBag from /opt/airflow/dags/minio_to_snowflake.py
[2025-10-13T07:04:26.730+0000] {processor.py:840} INFO - DAG(s) 'minio_to_snowflake' retrieved from /opt/airflow/dags/minio_to_snowflake.py
[2025-10-13T07:04:26.862+0000] {logging_mixin.py:188} INFO - [2025-10-13T07:04:26.861+0000] {dag.py:3089} INFO - Sync 1 DAGs
[2025-10-13T07:04:26.941+0000] {logging_mixin.py:188} INFO - [2025-10-13T07:04:26.941+0000] {dag.py:3947} INFO - Setting next_dagrun for minio_to_snowflake to 2025-10-13 07:03:00+00:00, run_after=2025-10-13 07:04:00+00:00
[2025-10-13T07:04:27.037+0000] {processor.py:183} INFO - Processing /opt/airflow/dags/minio_to_snowflake.py took 6.143 seconds
[2025-10-13T07:04:57.395+0000] {processor.py:161} INFO - Started process (PID=59258) to work on /opt/airflow/dags/minio_to_snowflake.py
[2025-10-13T07:04:57.397+0000] {processor.py:830} INFO - Processing file /opt/airflow/dags/minio_to_snowflake.py for tasks to queue
[2025-10-13T07:04:57.399+0000] {logging_mixin.py:188} INFO - [2025-10-13T07:04:57.399+0000] {dagbag.py:545} INFO - Filling up the DagBag from /opt/airflow/dags/minio_to_snowflake.py
[2025-10-13T07:04:58.064+0000] {processor.py:840} INFO - DAG(s) 'minio_to_snowflake' retrieved from /opt/airflow/dags/minio_to_snowflake.py
[2025-10-13T07:04:58.087+0000] {logging_mixin.py:188} INFO - [2025-10-13T07:04:58.086+0000] {dag.py:3089} INFO - Sync 1 DAGs
[2025-10-13T07:04:58.106+0000] {logging_mixin.py:188} INFO - [2025-10-13T07:04:58.106+0000] {dag.py:3947} INFO - Setting next_dagrun for minio_to_snowflake to 2025-10-13 07:03:00+00:00, run_after=2025-10-13 07:04:00+00:00
[2025-10-13T07:04:58.124+0000] {processor.py:183} INFO - Processing /opt/airflow/dags/minio_to_snowflake.py took 0.736 seconds
[2025-10-13T07:05:28.323+0000] {processor.py:161} INFO - Started process (PID=59804) to work on /opt/airflow/dags/minio_to_snowflake.py
[2025-10-13T07:05:28.324+0000] {processor.py:830} INFO - Processing file /opt/airflow/dags/minio_to_snowflake.py for tasks to queue
[2025-10-13T07:05:28.326+0000] {logging_mixin.py:188} INFO - [2025-10-13T07:05:28.326+0000] {dagbag.py:545} INFO - Filling up the DagBag from /opt/airflow/dags/minio_to_snowflake.py
[2025-10-13T07:05:29.049+0000] {processor.py:840} INFO - DAG(s) 'minio_to_snowflake' retrieved from /opt/airflow/dags/minio_to_snowflake.py
[2025-10-13T07:05:29.071+0000] {logging_mixin.py:188} INFO - [2025-10-13T07:05:29.070+0000] {dag.py:3089} INFO - Sync 1 DAGs
[2025-10-13T07:05:29.101+0000] {logging_mixin.py:188} INFO - [2025-10-13T07:05:29.101+0000] {dag.py:3947} INFO - Setting next_dagrun for minio_to_snowflake to 2025-10-13 07:04:00+00:00, run_after=2025-10-13 07:05:00+00:00
[2025-10-13T07:05:29.116+0000] {processor.py:183} INFO - Processing /opt/airflow/dags/minio_to_snowflake.py took 0.799 seconds
[2025-10-13T07:05:59.230+0000] {processor.py:161} INFO - Started process (PID=63317) to work on /opt/airflow/dags/minio_to_snowflake.py
[2025-10-13T07:05:59.231+0000] {processor.py:830} INFO - Processing file /opt/airflow/dags/minio_to_snowflake.py for tasks to queue
[2025-10-13T07:05:59.233+0000] {logging_mixin.py:188} INFO - [2025-10-13T07:05:59.233+0000] {dagbag.py:545} INFO - Filling up the DagBag from /opt/airflow/dags/minio_to_snowflake.py
[2025-10-13T07:05:59.879+0000] {processor.py:840} INFO - DAG(s) 'minio_to_snowflake' retrieved from /opt/airflow/dags/minio_to_snowflake.py
[2025-10-13T07:05:59.902+0000] {logging_mixin.py:188} INFO - [2025-10-13T07:05:59.902+0000] {dag.py:3089} INFO - Sync 1 DAGs
[2025-10-13T07:05:59.921+0000] {logging_mixin.py:188} INFO - [2025-10-13T07:05:59.921+0000] {dag.py:3947} INFO - Setting next_dagrun for minio_to_snowflake to 2025-10-13 07:05:00+00:00, run_after=2025-10-13 07:06:00+00:00
[2025-10-13T07:05:59.939+0000] {processor.py:183} INFO - Processing /opt/airflow/dags/minio_to_snowflake.py took 0.715 seconds
[2025-10-13T07:06:30.161+0000] {processor.py:161} INFO - Started process (PID=65344) to work on /opt/airflow/dags/minio_to_snowflake.py
[2025-10-13T07:06:30.162+0000] {processor.py:830} INFO - Processing file /opt/airflow/dags/minio_to_snowflake.py for tasks to queue
[2025-10-13T07:06:30.163+0000] {logging_mixin.py:188} INFO - [2025-10-13T07:06:30.163+0000] {dagbag.py:545} INFO - Filling up the DagBag from /opt/airflow/dags/minio_to_snowflake.py
[2025-10-13T07:06:30.842+0000] {processor.py:840} INFO - DAG(s) 'minio_to_snowflake' retrieved from /opt/airflow/dags/minio_to_snowflake.py
[2025-10-13T07:06:30.864+0000] {logging_mixin.py:188} INFO - [2025-10-13T07:06:30.863+0000] {dag.py:3089} INFO - Sync 1 DAGs
[2025-10-13T07:06:30.887+0000] {logging_mixin.py:188} INFO - [2025-10-13T07:06:30.887+0000] {dag.py:3947} INFO - Setting next_dagrun for minio_to_snowflake to 2025-10-13 07:06:00+00:00, run_after=2025-10-13 07:07:00+00:00
[2025-10-13T07:06:30.908+0000] {processor.py:183} INFO - Processing /opt/airflow/dags/minio_to_snowflake.py took 0.753 seconds
[2025-10-13T07:07:01.135+0000] {processor.py:161} INFO - Started process (PID=65348) to work on /opt/airflow/dags/minio_to_snowflake.py
[2025-10-13T07:07:01.136+0000] {processor.py:830} INFO - Processing file /opt/airflow/dags/minio_to_snowflake.py for tasks to queue
[2025-10-13T07:07:01.138+0000] {logging_mixin.py:188} INFO - [2025-10-13T07:07:01.138+0000] {dagbag.py:545} INFO - Filling up the DagBag from /opt/airflow/dags/minio_to_snowflake.py
[2025-10-13T07:07:01.793+0000] {processor.py:840} INFO - DAG(s) 'minio_to_snowflake' retrieved from /opt/airflow/dags/minio_to_snowflake.py
[2025-10-13T07:07:01.816+0000] {logging_mixin.py:188} INFO - [2025-10-13T07:07:01.815+0000] {dag.py:3089} INFO - Sync 1 DAGs
[2025-10-13T07:07:01.837+0000] {logging_mixin.py:188} INFO - [2025-10-13T07:07:01.836+0000] {dag.py:3947} INFO - Setting next_dagrun for minio_to_snowflake to 2025-10-13 07:07:00+00:00, run_after=2025-10-13 07:08:00+00:00
[2025-10-13T07:07:01.852+0000] {processor.py:183} INFO - Processing /opt/airflow/dags/minio_to_snowflake.py took 0.723 seconds
[2025-10-13T07:07:32.143+0000] {processor.py:161} INFO - Started process (PID=67372) to work on /opt/airflow/dags/minio_to_snowflake.py
[2025-10-13T07:07:32.147+0000] {processor.py:830} INFO - Processing file /opt/airflow/dags/minio_to_snowflake.py for tasks to queue
[2025-10-13T07:07:32.156+0000] {logging_mixin.py:188} INFO - [2025-10-13T07:07:32.155+0000] {dagbag.py:545} INFO - Filling up the DagBag from /opt/airflow/dags/minio_to_snowflake.py
[2025-10-13T07:07:33.109+0000] {processor.py:840} INFO - DAG(s) 'minio_to_snowflake' retrieved from /opt/airflow/dags/minio_to_snowflake.py
[2025-10-13T07:07:33.130+0000] {logging_mixin.py:188} INFO - [2025-10-13T07:07:33.130+0000] {dag.py:3089} INFO - Sync 1 DAGs
[2025-10-13T07:07:33.152+0000] {logging_mixin.py:188} INFO - [2025-10-13T07:07:33.151+0000] {dag.py:3947} INFO - Setting next_dagrun for minio_to_snowflake to 2025-10-13 07:07:00+00:00, run_after=2025-10-13 07:08:00+00:00
[2025-10-13T07:07:33.169+0000] {processor.py:183} INFO - Processing /opt/airflow/dags/minio_to_snowflake.py took 1.044 seconds
[2025-10-13T07:08:03.300+0000] {processor.py:161} INFO - Started process (PID=67383) to work on /opt/airflow/dags/minio_to_snowflake.py
[2025-10-13T07:08:03.301+0000] {processor.py:830} INFO - Processing file /opt/airflow/dags/minio_to_snowflake.py for tasks to queue
[2025-10-13T07:08:03.304+0000] {logging_mixin.py:188} INFO - [2025-10-13T07:08:03.304+0000] {dagbag.py:545} INFO - Filling up the DagBag from /opt/airflow/dags/minio_to_snowflake.py
[2025-10-13T07:08:03.966+0000] {processor.py:840} INFO - DAG(s) 'minio_to_snowflake' retrieved from /opt/airflow/dags/minio_to_snowflake.py
[2025-10-13T07:08:03.990+0000] {logging_mixin.py:188} INFO - [2025-10-13T07:08:03.990+0000] {dag.py:3089} INFO - Sync 1 DAGs
[2025-10-13T07:08:04.008+0000] {logging_mixin.py:188} INFO - [2025-10-13T07:08:04.008+0000] {dag.py:3947} INFO - Setting next_dagrun for minio_to_snowflake to 2025-10-13 07:08:00+00:00, run_after=2025-10-13 07:09:00+00:00
[2025-10-13T07:08:04.024+0000] {processor.py:183} INFO - Processing /opt/airflow/dags/minio_to_snowflake.py took 0.735 seconds
[2025-10-13T07:08:34.248+0000] {processor.py:161} INFO - Started process (PID=69400) to work on /opt/airflow/dags/minio_to_snowflake.py
[2025-10-13T07:08:34.249+0000] {processor.py:830} INFO - Processing file /opt/airflow/dags/minio_to_snowflake.py for tasks to queue
[2025-10-13T07:08:34.252+0000] {logging_mixin.py:188} INFO - [2025-10-13T07:08:34.251+0000] {dagbag.py:545} INFO - Filling up the DagBag from /opt/airflow/dags/minio_to_snowflake.py
[2025-10-13T07:08:35.144+0000] {processor.py:840} INFO - DAG(s) 'minio_to_snowflake' retrieved from /opt/airflow/dags/minio_to_snowflake.py
[2025-10-13T07:08:35.175+0000] {logging_mixin.py:188} INFO - [2025-10-13T07:08:35.175+0000] {dag.py:3089} INFO - Sync 1 DAGs
[2025-10-13T07:08:35.203+0000] {logging_mixin.py:188} INFO - [2025-10-13T07:08:35.203+0000] {dag.py:3947} INFO - Setting next_dagrun for minio_to_snowflake to 2025-10-13 07:08:00+00:00, run_after=2025-10-13 07:09:00+00:00
[2025-10-13T07:08:35.228+0000] {processor.py:183} INFO - Processing /opt/airflow/dags/minio_to_snowflake.py took 0.986 seconds
[2025-10-13T07:09:05.463+0000] {processor.py:161} INFO - Started process (PID=69620) to work on /opt/airflow/dags/minio_to_snowflake.py
[2025-10-13T07:09:05.464+0000] {processor.py:830} INFO - Processing file /opt/airflow/dags/minio_to_snowflake.py for tasks to queue
[2025-10-13T07:09:05.467+0000] {logging_mixin.py:188} INFO - [2025-10-13T07:09:05.467+0000] {dagbag.py:545} INFO - Filling up the DagBag from /opt/airflow/dags/minio_to_snowflake.py
[2025-10-13T07:09:06.443+0000] {processor.py:840} INFO - DAG(s) 'minio_to_snowflake' retrieved from /opt/airflow/dags/minio_to_snowflake.py
[2025-10-13T07:09:06.468+0000] {logging_mixin.py:188} INFO - [2025-10-13T07:09:06.467+0000] {dag.py:3089} INFO - Sync 1 DAGs
[2025-10-13T07:09:06.496+0000] {logging_mixin.py:188} INFO - [2025-10-13T07:09:06.495+0000] {dag.py:3947} INFO - Setting next_dagrun for minio_to_snowflake to 2025-10-13 07:09:00+00:00, run_after=2025-10-13 07:10:00+00:00
[2025-10-13T07:09:06.512+0000] {processor.py:183} INFO - Processing /opt/airflow/dags/minio_to_snowflake.py took 1.056 seconds
[2025-10-13T07:09:36.747+0000] {processor.py:161} INFO - Started process (PID=71428) to work on /opt/airflow/dags/minio_to_snowflake.py
[2025-10-13T07:09:36.748+0000] {processor.py:830} INFO - Processing file /opt/airflow/dags/minio_to_snowflake.py for tasks to queue
[2025-10-13T07:09:36.750+0000] {logging_mixin.py:188} INFO - [2025-10-13T07:09:36.750+0000] {dagbag.py:545} INFO - Filling up the DagBag from /opt/airflow/dags/minio_to_snowflake.py
[2025-10-13T07:09:37.400+0000] {processor.py:840} INFO - DAG(s) 'minio_to_snowflake' retrieved from /opt/airflow/dags/minio_to_snowflake.py
[2025-10-13T07:09:37.423+0000] {logging_mixin.py:188} INFO - [2025-10-13T07:09:37.422+0000] {dag.py:3089} INFO - Sync 1 DAGs
[2025-10-13T07:09:37.445+0000] {logging_mixin.py:188} INFO - [2025-10-13T07:09:37.444+0000] {dag.py:3947} INFO - Setting next_dagrun for minio_to_snowflake to 2025-10-13 07:09:00+00:00, run_after=2025-10-13 07:10:00+00:00
[2025-10-13T07:09:37.464+0000] {processor.py:183} INFO - Processing /opt/airflow/dags/minio_to_snowflake.py took 0.723 seconds
[2025-10-13T07:10:07.714+0000] {processor.py:161} INFO - Started process (PID=72050) to work on /opt/airflow/dags/minio_to_snowflake.py
[2025-10-13T07:10:07.715+0000] {processor.py:830} INFO - Processing file /opt/airflow/dags/minio_to_snowflake.py for tasks to queue
[2025-10-13T07:10:07.722+0000] {logging_mixin.py:188} INFO - [2025-10-13T07:10:07.722+0000] {dagbag.py:545} INFO - Filling up the DagBag from /opt/airflow/dags/minio_to_snowflake.py
[2025-10-13T07:10:09.126+0000] {processor.py:840} INFO - DAG(s) 'minio_to_snowflake' retrieved from /opt/airflow/dags/minio_to_snowflake.py
[2025-10-13T07:10:09.155+0000] {logging_mixin.py:188} INFO - [2025-10-13T07:10:09.155+0000] {dag.py:3089} INFO - Sync 1 DAGs
[2025-10-13T07:10:09.183+0000] {logging_mixin.py:188} INFO - [2025-10-13T07:10:09.183+0000] {dag.py:3947} INFO - Setting next_dagrun for minio_to_snowflake to 2025-10-13 07:10:00+00:00, run_after=2025-10-13 07:11:00+00:00
[2025-10-13T07:10:09.201+0000] {processor.py:183} INFO - Processing /opt/airflow/dags/minio_to_snowflake.py took 1.498 seconds
[2025-10-13T07:10:39.425+0000] {processor.py:161} INFO - Started process (PID=73468) to work on /opt/airflow/dags/minio_to_snowflake.py
[2025-10-13T07:10:39.426+0000] {processor.py:830} INFO - Processing file /opt/airflow/dags/minio_to_snowflake.py for tasks to queue
[2025-10-13T07:10:39.429+0000] {logging_mixin.py:188} INFO - [2025-10-13T07:10:39.429+0000] {dagbag.py:545} INFO - Filling up the DagBag from /opt/airflow/dags/minio_to_snowflake.py
[2025-10-13T07:10:40.108+0000] {processor.py:840} INFO - DAG(s) 'minio_to_snowflake' retrieved from /opt/airflow/dags/minio_to_snowflake.py
[2025-10-13T07:10:40.131+0000] {logging_mixin.py:188} INFO - [2025-10-13T07:10:40.130+0000] {dag.py:3089} INFO - Sync 1 DAGs
[2025-10-13T07:10:40.153+0000] {logging_mixin.py:188} INFO - [2025-10-13T07:10:40.153+0000] {dag.py:3947} INFO - Setting next_dagrun for minio_to_snowflake to 2025-10-13 07:10:00+00:00, run_after=2025-10-13 07:11:00+00:00
[2025-10-13T07:10:40.171+0000] {processor.py:183} INFO - Processing /opt/airflow/dags/minio_to_snowflake.py took 0.754 seconds
[2025-10-13T07:11:10.339+0000] {processor.py:161} INFO - Started process (PID=75388) to work on /opt/airflow/dags/minio_to_snowflake.py
[2025-10-13T07:11:10.340+0000] {processor.py:830} INFO - Processing file /opt/airflow/dags/minio_to_snowflake.py for tasks to queue
[2025-10-13T07:11:10.342+0000] {logging_mixin.py:188} INFO - [2025-10-13T07:11:10.342+0000] {dagbag.py:545} INFO - Filling up the DagBag from /opt/airflow/dags/minio_to_snowflake.py
[2025-10-13T07:11:11.107+0000] {processor.py:840} INFO - DAG(s) 'minio_to_snowflake' retrieved from /opt/airflow/dags/minio_to_snowflake.py
[2025-10-13T07:11:11.136+0000] {logging_mixin.py:188} INFO - [2025-10-13T07:11:11.136+0000] {dag.py:3089} INFO - Sync 1 DAGs
[2025-10-13T07:11:11.158+0000] {logging_mixin.py:188} INFO - [2025-10-13T07:11:11.158+0000] {dag.py:3947} INFO - Setting next_dagrun for minio_to_snowflake to 2025-10-13 07:11:00+00:00, run_after=2025-10-13 07:12:00+00:00
[2025-10-13T07:11:11.177+0000] {processor.py:183} INFO - Processing /opt/airflow/dags/minio_to_snowflake.py took 0.844 seconds
[2025-10-13T07:11:41.459+0000] {processor.py:161} INFO - Started process (PID=75539) to work on /opt/airflow/dags/minio_to_snowflake.py
[2025-10-13T07:11:41.461+0000] {processor.py:830} INFO - Processing file /opt/airflow/dags/minio_to_snowflake.py for tasks to queue
[2025-10-13T07:11:41.463+0000] {logging_mixin.py:188} INFO - [2025-10-13T07:11:41.462+0000] {dagbag.py:545} INFO - Filling up the DagBag from /opt/airflow/dags/minio_to_snowflake.py
[2025-10-13T07:11:42.093+0000] {processor.py:840} INFO - DAG(s) 'minio_to_snowflake' retrieved from /opt/airflow/dags/minio_to_snowflake.py
[2025-10-13T07:11:42.114+0000] {logging_mixin.py:188} INFO - [2025-10-13T07:11:42.114+0000] {dag.py:3089} INFO - Sync 1 DAGs
[2025-10-13T07:11:42.144+0000] {logging_mixin.py:188} INFO - [2025-10-13T07:11:42.144+0000] {dag.py:3947} INFO - Setting next_dagrun for minio_to_snowflake to 2025-10-13 07:11:00+00:00, run_after=2025-10-13 07:12:00+00:00
[2025-10-13T07:11:42.180+0000] {processor.py:183} INFO - Processing /opt/airflow/dags/minio_to_snowflake.py took 0.727 seconds
[2025-10-13T07:12:12.497+0000] {processor.py:161} INFO - Started process (PID=77554) to work on /opt/airflow/dags/minio_to_snowflake.py
[2025-10-13T07:12:12.506+0000] {processor.py:830} INFO - Processing file /opt/airflow/dags/minio_to_snowflake.py for tasks to queue
[2025-10-13T07:12:12.510+0000] {logging_mixin.py:188} INFO - [2025-10-13T07:12:12.509+0000] {dagbag.py:545} INFO - Filling up the DagBag from /opt/airflow/dags/minio_to_snowflake.py
[2025-10-13T07:12:13.488+0000] {processor.py:840} INFO - DAG(s) 'minio_to_snowflake' retrieved from /opt/airflow/dags/minio_to_snowflake.py
[2025-10-13T07:12:13.508+0000] {logging_mixin.py:188} INFO - [2025-10-13T07:12:13.508+0000] {dag.py:3089} INFO - Sync 1 DAGs
[2025-10-13T07:12:13.526+0000] {logging_mixin.py:188} INFO - [2025-10-13T07:12:13.526+0000] {dag.py:3947} INFO - Setting next_dagrun for minio_to_snowflake to 2025-10-13 07:12:00+00:00, run_after=2025-10-13 07:13:00+00:00
[2025-10-13T07:12:13.546+0000] {processor.py:183} INFO - Processing /opt/airflow/dags/minio_to_snowflake.py took 1.060 seconds
[2025-10-13T07:12:43.719+0000] {processor.py:161} INFO - Started process (PID=77578) to work on /opt/airflow/dags/minio_to_snowflake.py
[2025-10-13T07:12:43.721+0000] {processor.py:830} INFO - Processing file /opt/airflow/dags/minio_to_snowflake.py for tasks to queue
[2025-10-13T07:12:43.723+0000] {logging_mixin.py:188} INFO - [2025-10-13T07:12:43.723+0000] {dagbag.py:545} INFO - Filling up the DagBag from /opt/airflow/dags/minio_to_snowflake.py
[2025-10-13T07:12:44.324+0000] {processor.py:840} INFO - DAG(s) 'minio_to_snowflake' retrieved from /opt/airflow/dags/minio_to_snowflake.py
[2025-10-13T07:12:44.347+0000] {logging_mixin.py:188} INFO - [2025-10-13T07:12:44.346+0000] {dag.py:3089} INFO - Sync 1 DAGs
[2025-10-13T07:12:44.365+0000] {logging_mixin.py:188} INFO - [2025-10-13T07:12:44.365+0000] {dag.py:3947} INFO - Setting next_dagrun for minio_to_snowflake to 2025-10-13 07:12:00+00:00, run_after=2025-10-13 07:13:00+00:00
[2025-10-13T07:12:44.383+0000] {processor.py:183} INFO - Processing /opt/airflow/dags/minio_to_snowflake.py took 0.671 seconds
[2025-10-13T07:13:14.603+0000] {processor.py:161} INFO - Started process (PID=79603) to work on /opt/airflow/dags/minio_to_snowflake.py
[2025-10-13T07:13:14.606+0000] {processor.py:830} INFO - Processing file /opt/airflow/dags/minio_to_snowflake.py for tasks to queue
[2025-10-13T07:13:14.607+0000] {logging_mixin.py:188} INFO - [2025-10-13T07:13:14.607+0000] {dagbag.py:545} INFO - Filling up the DagBag from /opt/airflow/dags/minio_to_snowflake.py
[2025-10-13T07:13:15.224+0000] {processor.py:840} INFO - DAG(s) 'minio_to_snowflake' retrieved from /opt/airflow/dags/minio_to_snowflake.py
[2025-10-13T07:13:15.247+0000] {logging_mixin.py:188} INFO - [2025-10-13T07:13:15.246+0000] {dag.py:3089} INFO - Sync 1 DAGs
[2025-10-13T07:13:15.266+0000] {logging_mixin.py:188} INFO - [2025-10-13T07:13:15.266+0000] {dag.py:3947} INFO - Setting next_dagrun for minio_to_snowflake to 2025-10-13 07:13:00+00:00, run_after=2025-10-13 07:14:00+00:00
[2025-10-13T07:13:15.284+0000] {processor.py:183} INFO - Processing /opt/airflow/dags/minio_to_snowflake.py took 0.686 seconds
[2025-10-13T07:13:45.535+0000] {processor.py:161} INFO - Started process (PID=79617) to work on /opt/airflow/dags/minio_to_snowflake.py
[2025-10-13T07:13:45.538+0000] {processor.py:830} INFO - Processing file /opt/airflow/dags/minio_to_snowflake.py for tasks to queue
[2025-10-13T07:13:45.543+0000] {logging_mixin.py:188} INFO - [2025-10-13T07:13:45.542+0000] {dagbag.py:545} INFO - Filling up the DagBag from /opt/airflow/dags/minio_to_snowflake.py
[2025-10-13T07:13:46.279+0000] {processor.py:840} INFO - DAG(s) 'minio_to_snowflake' retrieved from /opt/airflow/dags/minio_to_snowflake.py
[2025-10-13T07:13:46.301+0000] {logging_mixin.py:188} INFO - [2025-10-13T07:13:46.301+0000] {dag.py:3089} INFO - Sync 1 DAGs
[2025-10-13T07:13:46.322+0000] {logging_mixin.py:188} INFO - [2025-10-13T07:13:46.322+0000] {dag.py:3947} INFO - Setting next_dagrun for minio_to_snowflake to 2025-10-13 07:13:00+00:00, run_after=2025-10-13 07:14:00+00:00
[2025-10-13T07:13:46.342+0000] {processor.py:183} INFO - Processing /opt/airflow/dags/minio_to_snowflake.py took 0.819 seconds
[2025-10-13T07:14:16.579+0000] {processor.py:161} INFO - Started process (PID=81642) to work on /opt/airflow/dags/minio_to_snowflake.py
[2025-10-13T07:14:16.581+0000] {processor.py:830} INFO - Processing file /opt/airflow/dags/minio_to_snowflake.py for tasks to queue
[2025-10-13T07:14:16.584+0000] {logging_mixin.py:188} INFO - [2025-10-13T07:14:16.584+0000] {dagbag.py:545} INFO - Filling up the DagBag from /opt/airflow/dags/minio_to_snowflake.py
[2025-10-13T07:14:17.253+0000] {processor.py:840} INFO - DAG(s) 'minio_to_snowflake' retrieved from /opt/airflow/dags/minio_to_snowflake.py
[2025-10-13T07:14:17.278+0000] {logging_mixin.py:188} INFO - [2025-10-13T07:14:17.277+0000] {dag.py:3089} INFO - Sync 1 DAGs
[2025-10-13T07:14:17.299+0000] {logging_mixin.py:188} INFO - [2025-10-13T07:14:17.298+0000] {dag.py:3947} INFO - Setting next_dagrun for minio_to_snowflake to 2025-10-13 07:14:00+00:00, run_after=2025-10-13 07:15:00+00:00
[2025-10-13T07:14:17.317+0000] {processor.py:183} INFO - Processing /opt/airflow/dags/minio_to_snowflake.py took 0.746 seconds
[2025-10-13T07:14:47.576+0000] {processor.py:161} INFO - Started process (PID=81656) to work on /opt/airflow/dags/minio_to_snowflake.py
[2025-10-13T07:14:47.577+0000] {processor.py:830} INFO - Processing file /opt/airflow/dags/minio_to_snowflake.py for tasks to queue
[2025-10-13T07:14:47.579+0000] {logging_mixin.py:188} INFO - [2025-10-13T07:14:47.579+0000] {dagbag.py:545} INFO - Filling up the DagBag from /opt/airflow/dags/minio_to_snowflake.py
[2025-10-13T07:14:48.263+0000] {processor.py:840} INFO - DAG(s) 'minio_to_snowflake' retrieved from /opt/airflow/dags/minio_to_snowflake.py
[2025-10-13T07:14:48.286+0000] {logging_mixin.py:188} INFO - [2025-10-13T07:14:48.285+0000] {dag.py:3089} INFO - Sync 1 DAGs
[2025-10-13T07:14:48.306+0000] {logging_mixin.py:188} INFO - [2025-10-13T07:14:48.306+0000] {dag.py:3947} INFO - Setting next_dagrun for minio_to_snowflake to 2025-10-13 07:14:00+00:00, run_after=2025-10-13 07:15:00+00:00
[2025-10-13T07:14:48.331+0000] {processor.py:183} INFO - Processing /opt/airflow/dags/minio_to_snowflake.py took 0.761 seconds
[2025-10-13T07:15:18.723+0000] {processor.py:161} INFO - Started process (PID=82745) to work on /opt/airflow/dags/minio_to_snowflake.py
[2025-10-13T07:15:18.734+0000] {processor.py:830} INFO - Processing file /opt/airflow/dags/minio_to_snowflake.py for tasks to queue
[2025-10-13T07:15:18.738+0000] {logging_mixin.py:188} INFO - [2025-10-13T07:15:18.737+0000] {dagbag.py:545} INFO - Filling up the DagBag from /opt/airflow/dags/minio_to_snowflake.py
[2025-10-13T07:15:21.196+0000] {processor.py:840} INFO - DAG(s) 'minio_to_snowflake' retrieved from /opt/airflow/dags/minio_to_snowflake.py
[2025-10-13T07:15:21.256+0000] {logging_mixin.py:188} INFO - [2025-10-13T07:15:21.255+0000] {dag.py:3089} INFO - Sync 1 DAGs
[2025-10-13T07:15:21.362+0000] {logging_mixin.py:188} INFO - [2025-10-13T07:15:21.362+0000] {dag.py:3947} INFO - Setting next_dagrun for minio_to_snowflake to 2025-10-13 07:15:00+00:00, run_after=2025-10-13 07:16:00+00:00
[2025-10-13T07:15:21.431+0000] {processor.py:183} INFO - Processing /opt/airflow/dags/minio_to_snowflake.py took 2.733 seconds
[2025-10-13T07:15:51.739+0000] {processor.py:161} INFO - Started process (PID=83783) to work on /opt/airflow/dags/minio_to_snowflake.py
[2025-10-13T07:15:51.741+0000] {processor.py:830} INFO - Processing file /opt/airflow/dags/minio_to_snowflake.py for tasks to queue
[2025-10-13T07:15:51.744+0000] {logging_mixin.py:188} INFO - [2025-10-13T07:15:51.743+0000] {dagbag.py:545} INFO - Filling up the DagBag from /opt/airflow/dags/minio_to_snowflake.py
[2025-10-13T07:15:52.718+0000] {processor.py:840} INFO - DAG(s) 'minio_to_snowflake' retrieved from /opt/airflow/dags/minio_to_snowflake.py
[2025-10-13T07:15:52.754+0000] {logging_mixin.py:188} INFO - [2025-10-13T07:15:52.753+0000] {dag.py:3089} INFO - Sync 1 DAGs
[2025-10-13T07:15:52.784+0000] {logging_mixin.py:188} INFO - [2025-10-13T07:15:52.784+0000] {dag.py:3947} INFO - Setting next_dagrun for minio_to_snowflake to 2025-10-13 07:15:00+00:00, run_after=2025-10-13 07:16:00+00:00
[2025-10-13T07:15:52.801+0000] {processor.py:183} INFO - Processing /opt/airflow/dags/minio_to_snowflake.py took 1.071 seconds
[2025-10-13T07:16:22.989+0000] {processor.py:161} INFO - Started process (PID=83989) to work on /opt/airflow/dags/minio_to_snowflake.py
[2025-10-13T07:16:22.990+0000] {processor.py:830} INFO - Processing file /opt/airflow/dags/minio_to_snowflake.py for tasks to queue
[2025-10-13T07:16:22.993+0000] {logging_mixin.py:188} INFO - [2025-10-13T07:16:22.992+0000] {dagbag.py:545} INFO - Filling up the DagBag from /opt/airflow/dags/minio_to_snowflake.py
[2025-10-13T07:16:24.130+0000] {processor.py:840} INFO - DAG(s) 'minio_to_snowflake' retrieved from /opt/airflow/dags/minio_to_snowflake.py
[2025-10-13T07:16:24.168+0000] {logging_mixin.py:188} INFO - [2025-10-13T07:16:24.167+0000] {dag.py:3089} INFO - Sync 1 DAGs
[2025-10-13T07:16:24.214+0000] {logging_mixin.py:188} INFO - [2025-10-13T07:16:24.214+0000] {dag.py:3947} INFO - Setting next_dagrun for minio_to_snowflake to 2025-10-13 07:15:00+00:00, run_after=2025-10-13 07:16:00+00:00
[2025-10-13T07:16:24.244+0000] {processor.py:183} INFO - Processing /opt/airflow/dags/minio_to_snowflake.py took 1.263 seconds
[2025-10-13T07:16:54.318+0000] {processor.py:161} INFO - Started process (PID=84209) to work on /opt/airflow/dags/minio_to_snowflake.py
[2025-10-13T07:16:54.319+0000] {processor.py:830} INFO - Processing file /opt/airflow/dags/minio_to_snowflake.py for tasks to queue
[2025-10-13T07:16:54.321+0000] {logging_mixin.py:188} INFO - [2025-10-13T07:16:54.321+0000] {dagbag.py:545} INFO - Filling up the DagBag from /opt/airflow/dags/minio_to_snowflake.py
[2025-10-13T07:16:56.050+0000] {processor.py:840} INFO - DAG(s) 'minio_to_snowflake' retrieved from /opt/airflow/dags/minio_to_snowflake.py
[2025-10-13T07:16:56.086+0000] {logging_mixin.py:188} INFO - [2025-10-13T07:16:56.086+0000] {dag.py:3089} INFO - Sync 1 DAGs
[2025-10-13T07:16:56.118+0000] {logging_mixin.py:188} INFO - [2025-10-13T07:16:56.118+0000] {dag.py:3947} INFO - Setting next_dagrun for minio_to_snowflake to 2025-10-13 07:15:00+00:00, run_after=2025-10-13 07:16:00+00:00
[2025-10-13T07:16:56.142+0000] {processor.py:183} INFO - Processing /opt/airflow/dags/minio_to_snowflake.py took 1.831 seconds
[2025-10-13T07:17:26.373+0000] {processor.py:161} INFO - Started process (PID=84421) to work on /opt/airflow/dags/minio_to_snowflake.py
[2025-10-13T07:17:26.375+0000] {processor.py:830} INFO - Processing file /opt/airflow/dags/minio_to_snowflake.py for tasks to queue
[2025-10-13T07:17:26.378+0000] {logging_mixin.py:188} INFO - [2025-10-13T07:17:26.378+0000] {dagbag.py:545} INFO - Filling up the DagBag from /opt/airflow/dags/minio_to_snowflake.py
[2025-10-13T07:17:27.235+0000] {processor.py:840} INFO - DAG(s) 'minio_to_snowflake' retrieved from /opt/airflow/dags/minio_to_snowflake.py
[2025-10-13T07:17:27.259+0000] {logging_mixin.py:188} INFO - [2025-10-13T07:17:27.258+0000] {dag.py:3089} INFO - Sync 1 DAGs
[2025-10-13T07:17:27.289+0000] {logging_mixin.py:188} INFO - [2025-10-13T07:17:27.289+0000] {dag.py:3947} INFO - Setting next_dagrun for minio_to_snowflake to 2025-10-13 07:16:00+00:00, run_after=2025-10-13 07:17:00+00:00
[2025-10-13T07:17:27.309+0000] {processor.py:183} INFO - Processing /opt/airflow/dags/minio_to_snowflake.py took 0.944 seconds
[2025-10-13T07:17:58.247+0000] {processor.py:161} INFO - Started process (PID=84621) to work on /opt/airflow/dags/minio_to_snowflake.py
[2025-10-13T07:17:58.249+0000] {processor.py:830} INFO - Processing file /opt/airflow/dags/minio_to_snowflake.py for tasks to queue
[2025-10-13T07:17:58.252+0000] {logging_mixin.py:188} INFO - [2025-10-13T07:17:58.251+0000] {dagbag.py:545} INFO - Filling up the DagBag from /opt/airflow/dags/minio_to_snowflake.py
[2025-10-13T07:17:59.308+0000] {processor.py:840} INFO - DAG(s) 'minio_to_snowflake' retrieved from /opt/airflow/dags/minio_to_snowflake.py
[2025-10-13T07:17:59.342+0000] {logging_mixin.py:188} INFO - [2025-10-13T07:17:59.341+0000] {dag.py:3089} INFO - Sync 1 DAGs
[2025-10-13T07:17:59.362+0000] {logging_mixin.py:188} INFO - [2025-10-13T07:17:59.361+0000] {dag.py:3947} INFO - Setting next_dagrun for minio_to_snowflake to 2025-10-13 07:16:00+00:00, run_after=2025-10-13 07:17:00+00:00
[2025-10-13T07:17:59.382+0000] {processor.py:183} INFO - Processing /opt/airflow/dags/minio_to_snowflake.py took 1.143 seconds
[2025-10-13T07:18:29.441+0000] {processor.py:161} INFO - Started process (PID=84760) to work on /opt/airflow/dags/minio_to_snowflake.py
[2025-10-13T07:18:29.442+0000] {processor.py:830} INFO - Processing file /opt/airflow/dags/minio_to_snowflake.py for tasks to queue
[2025-10-13T07:18:29.445+0000] {logging_mixin.py:188} INFO - [2025-10-13T07:18:29.444+0000] {dagbag.py:545} INFO - Filling up the DagBag from /opt/airflow/dags/minio_to_snowflake.py
[2025-10-13T07:18:30.297+0000] {processor.py:840} INFO - DAG(s) 'minio_to_snowflake' retrieved from /opt/airflow/dags/minio_to_snowflake.py
[2025-10-13T07:18:30.321+0000] {logging_mixin.py:188} INFO - [2025-10-13T07:18:30.320+0000] {dag.py:3089} INFO - Sync 1 DAGs
[2025-10-13T07:18:30.342+0000] {logging_mixin.py:188} INFO - [2025-10-13T07:18:30.342+0000] {dag.py:3947} INFO - Setting next_dagrun for minio_to_snowflake to 2025-10-13 07:17:00+00:00, run_after=2025-10-13 07:18:00+00:00
[2025-10-13T07:18:30.361+0000] {processor.py:183} INFO - Processing /opt/airflow/dags/minio_to_snowflake.py took 0.929 seconds
[2025-10-13T07:19:00.622+0000] {processor.py:161} INFO - Started process (PID=84981) to work on /opt/airflow/dags/minio_to_snowflake.py
[2025-10-13T07:19:00.623+0000] {processor.py:830} INFO - Processing file /opt/airflow/dags/minio_to_snowflake.py for tasks to queue
[2025-10-13T07:19:00.625+0000] {logging_mixin.py:188} INFO - [2025-10-13T07:19:00.624+0000] {dagbag.py:545} INFO - Filling up the DagBag from /opt/airflow/dags/minio_to_snowflake.py
[2025-10-13T07:19:01.395+0000] {processor.py:840} INFO - DAG(s) 'minio_to_snowflake' retrieved from /opt/airflow/dags/minio_to_snowflake.py
[2025-10-13T07:19:01.428+0000] {logging_mixin.py:188} INFO - [2025-10-13T07:19:01.426+0000] {dag.py:3089} INFO - Sync 1 DAGs
[2025-10-13T07:19:01.460+0000] {logging_mixin.py:188} INFO - [2025-10-13T07:19:01.459+0000] {dag.py:3947} INFO - Setting next_dagrun for minio_to_snowflake to 2025-10-13 07:18:00+00:00, run_after=2025-10-13 07:19:00+00:00
[2025-10-13T07:19:01.483+0000] {processor.py:183} INFO - Processing /opt/airflow/dags/minio_to_snowflake.py took 0.868 seconds
[2025-10-13T07:19:31.822+0000] {processor.py:161} INFO - Started process (PID=85208) to work on /opt/airflow/dags/minio_to_snowflake.py
[2025-10-13T07:19:31.823+0000] {processor.py:830} INFO - Processing file /opt/airflow/dags/minio_to_snowflake.py for tasks to queue
[2025-10-13T07:19:31.826+0000] {logging_mixin.py:188} INFO - [2025-10-13T07:19:31.825+0000] {dagbag.py:545} INFO - Filling up the DagBag from /opt/airflow/dags/minio_to_snowflake.py
[2025-10-13T07:19:32.566+0000] {processor.py:840} INFO - DAG(s) 'minio_to_snowflake' retrieved from /opt/airflow/dags/minio_to_snowflake.py
[2025-10-13T07:19:32.591+0000] {logging_mixin.py:188} INFO - [2025-10-13T07:19:32.590+0000] {dag.py:3089} INFO - Sync 1 DAGs
[2025-10-13T07:19:32.613+0000] {logging_mixin.py:188} INFO - [2025-10-13T07:19:32.613+0000] {dag.py:3947} INFO - Setting next_dagrun for minio_to_snowflake to 2025-10-13 07:18:00+00:00, run_after=2025-10-13 07:19:00+00:00
[2025-10-13T07:19:32.631+0000] {processor.py:183} INFO - Processing /opt/airflow/dags/minio_to_snowflake.py took 0.816 seconds
[2025-10-13T07:20:02.948+0000] {processor.py:161} INFO - Started process (PID=85429) to work on /opt/airflow/dags/minio_to_snowflake.py
[2025-10-13T07:20:02.949+0000] {processor.py:830} INFO - Processing file /opt/airflow/dags/minio_to_snowflake.py for tasks to queue
[2025-10-13T07:20:02.951+0000] {logging_mixin.py:188} INFO - [2025-10-13T07:20:02.951+0000] {dagbag.py:545} INFO - Filling up the DagBag from /opt/airflow/dags/minio_to_snowflake.py
[2025-10-13T07:20:03.895+0000] {processor.py:840} INFO - DAG(s) 'minio_to_snowflake' retrieved from /opt/airflow/dags/minio_to_snowflake.py
[2025-10-13T07:20:03.916+0000] {logging_mixin.py:188} INFO - [2025-10-13T07:20:03.915+0000] {dag.py:3089} INFO - Sync 1 DAGs
[2025-10-13T07:20:03.935+0000] {logging_mixin.py:188} INFO - [2025-10-13T07:20:03.935+0000] {dag.py:3947} INFO - Setting next_dagrun for minio_to_snowflake to 2025-10-13 07:19:00+00:00, run_after=2025-10-13 07:20:00+00:00
[2025-10-13T07:20:03.952+0000] {processor.py:183} INFO - Processing /opt/airflow/dags/minio_to_snowflake.py took 1.012 seconds
[2025-10-13T07:20:34.155+0000] {processor.py:161} INFO - Started process (PID=85639) to work on /opt/airflow/dags/minio_to_snowflake.py
[2025-10-13T07:20:34.156+0000] {processor.py:830} INFO - Processing file /opt/airflow/dags/minio_to_snowflake.py for tasks to queue
[2025-10-13T07:20:34.158+0000] {logging_mixin.py:188} INFO - [2025-10-13T07:20:34.158+0000] {dagbag.py:545} INFO - Filling up the DagBag from /opt/airflow/dags/minio_to_snowflake.py
[2025-10-13T07:20:35.269+0000] {processor.py:840} INFO - DAG(s) 'minio_to_snowflake' retrieved from /opt/airflow/dags/minio_to_snowflake.py
[2025-10-13T07:20:35.330+0000] {logging_mixin.py:188} INFO - [2025-10-13T07:20:35.329+0000] {dag.py:3089} INFO - Sync 1 DAGs
[2025-10-13T07:20:35.365+0000] {logging_mixin.py:188} INFO - [2025-10-13T07:20:35.365+0000] {dag.py:3947} INFO - Setting next_dagrun for minio_to_snowflake to 2025-10-13 07:19:00+00:00, run_after=2025-10-13 07:20:00+00:00
[2025-10-13T07:20:35.390+0000] {processor.py:183} INFO - Processing /opt/airflow/dags/minio_to_snowflake.py took 1.242 seconds
[2025-10-13T07:21:05.629+0000] {processor.py:161} INFO - Started process (PID=87756) to work on /opt/airflow/dags/minio_to_snowflake.py
[2025-10-13T07:21:05.631+0000] {processor.py:830} INFO - Processing file /opt/airflow/dags/minio_to_snowflake.py for tasks to queue
[2025-10-13T07:21:05.635+0000] {logging_mixin.py:188} INFO - [2025-10-13T07:21:05.635+0000] {dagbag.py:545} INFO - Filling up the DagBag from /opt/airflow/dags/minio_to_snowflake.py
[2025-10-13T07:21:06.428+0000] {processor.py:840} INFO - DAG(s) 'minio_to_snowflake' retrieved from /opt/airflow/dags/minio_to_snowflake.py
[2025-10-13T07:21:06.455+0000] {logging_mixin.py:188} INFO - [2025-10-13T07:21:06.454+0000] {dag.py:3089} INFO - Sync 1 DAGs
[2025-10-13T07:21:06.476+0000] {logging_mixin.py:188} INFO - [2025-10-13T07:21:06.476+0000] {dag.py:3947} INFO - Setting next_dagrun for minio_to_snowflake to 2025-10-13 07:20:00+00:00, run_after=2025-10-13 07:21:00+00:00
[2025-10-13T07:21:06.495+0000] {processor.py:183} INFO - Processing /opt/airflow/dags/minio_to_snowflake.py took 0.875 seconds
[2025-10-13T07:21:36.724+0000] {processor.py:161} INFO - Started process (PID=87967) to work on /opt/airflow/dags/minio_to_snowflake.py
[2025-10-13T07:21:36.726+0000] {processor.py:830} INFO - Processing file /opt/airflow/dags/minio_to_snowflake.py for tasks to queue
[2025-10-13T07:21:36.728+0000] {logging_mixin.py:188} INFO - [2025-10-13T07:21:36.728+0000] {dagbag.py:545} INFO - Filling up the DagBag from /opt/airflow/dags/minio_to_snowflake.py
[2025-10-13T07:21:37.422+0000] {processor.py:840} INFO - DAG(s) 'minio_to_snowflake' retrieved from /opt/airflow/dags/minio_to_snowflake.py
[2025-10-13T07:21:37.445+0000] {logging_mixin.py:188} INFO - [2025-10-13T07:21:37.445+0000] {dag.py:3089} INFO - Sync 1 DAGs
[2025-10-13T07:21:37.466+0000] {logging_mixin.py:188} INFO - [2025-10-13T07:21:37.466+0000] {dag.py:3947} INFO - Setting next_dagrun for minio_to_snowflake to 2025-10-13 07:20:00+00:00, run_after=2025-10-13 07:21:00+00:00
[2025-10-13T07:21:37.484+0000] {processor.py:183} INFO - Processing /opt/airflow/dags/minio_to_snowflake.py took 0.767 seconds
[2025-10-13T07:22:07.814+0000] {processor.py:161} INFO - Started process (PID=88206) to work on /opt/airflow/dags/minio_to_snowflake.py
[2025-10-13T07:22:07.815+0000] {processor.py:830} INFO - Processing file /opt/airflow/dags/minio_to_snowflake.py for tasks to queue
[2025-10-13T07:22:07.822+0000] {logging_mixin.py:188} INFO - [2025-10-13T07:22:07.821+0000] {dagbag.py:545} INFO - Filling up the DagBag from /opt/airflow/dags/minio_to_snowflake.py
[2025-10-13T07:22:08.711+0000] {processor.py:840} INFO - DAG(s) 'minio_to_snowflake' retrieved from /opt/airflow/dags/minio_to_snowflake.py
[2025-10-13T07:22:08.743+0000] {logging_mixin.py:188} INFO - [2025-10-13T07:22:08.741+0000] {dag.py:3089} INFO - Sync 1 DAGs
[2025-10-13T07:22:08.769+0000] {logging_mixin.py:188} INFO - [2025-10-13T07:22:08.769+0000] {dag.py:3947} INFO - Setting next_dagrun for minio_to_snowflake to 2025-10-13 07:21:00+00:00, run_after=2025-10-13 07:22:00+00:00
[2025-10-13T07:22:08.793+0000] {processor.py:183} INFO - Processing /opt/airflow/dags/minio_to_snowflake.py took 0.990 seconds
[2025-10-13T07:22:38.988+0000] {processor.py:161} INFO - Started process (PID=88440) to work on /opt/airflow/dags/minio_to_snowflake.py
[2025-10-13T07:22:38.989+0000] {processor.py:830} INFO - Processing file /opt/airflow/dags/minio_to_snowflake.py for tasks to queue
[2025-10-13T07:22:38.991+0000] {logging_mixin.py:188} INFO - [2025-10-13T07:22:38.991+0000] {dagbag.py:545} INFO - Filling up the DagBag from /opt/airflow/dags/minio_to_snowflake.py
[2025-10-13T07:22:39.639+0000] {processor.py:840} INFO - DAG(s) 'minio_to_snowflake' retrieved from /opt/airflow/dags/minio_to_snowflake.py
[2025-10-13T07:22:39.662+0000] {logging_mixin.py:188} INFO - [2025-10-13T07:22:39.662+0000] {dag.py:3089} INFO - Sync 1 DAGs
[2025-10-13T07:22:39.681+0000] {logging_mixin.py:188} INFO - [2025-10-13T07:22:39.681+0000] {dag.py:3947} INFO - Setting next_dagrun for minio_to_snowflake to 2025-10-13 07:21:00+00:00, run_after=2025-10-13 07:22:00+00:00
[2025-10-13T07:22:39.700+0000] {processor.py:183} INFO - Processing /opt/airflow/dags/minio_to_snowflake.py took 0.718 seconds
[2025-10-13T07:23:09.928+0000] {processor.py:161} INFO - Started process (PID=88671) to work on /opt/airflow/dags/minio_to_snowflake.py
[2025-10-13T07:23:09.930+0000] {processor.py:830} INFO - Processing file /opt/airflow/dags/minio_to_snowflake.py for tasks to queue
[2025-10-13T07:23:09.931+0000] {logging_mixin.py:188} INFO - [2025-10-13T07:23:09.931+0000] {dagbag.py:545} INFO - Filling up the DagBag from /opt/airflow/dags/minio_to_snowflake.py
[2025-10-13T07:23:10.625+0000] {processor.py:840} INFO - DAG(s) 'minio_to_snowflake' retrieved from /opt/airflow/dags/minio_to_snowflake.py
[2025-10-13T07:23:10.649+0000] {logging_mixin.py:188} INFO - [2025-10-13T07:23:10.648+0000] {dag.py:3089} INFO - Sync 1 DAGs
[2025-10-13T07:23:10.668+0000] {logging_mixin.py:188} INFO - [2025-10-13T07:23:10.668+0000] {dag.py:3947} INFO - Setting next_dagrun for minio_to_snowflake to 2025-10-13 07:22:00+00:00, run_after=2025-10-13 07:23:00+00:00
[2025-10-13T07:23:10.685+0000] {processor.py:183} INFO - Processing /opt/airflow/dags/minio_to_snowflake.py took 0.763 seconds
[2025-10-13T07:23:40.891+0000] {processor.py:161} INFO - Started process (PID=88861) to work on /opt/airflow/dags/minio_to_snowflake.py
[2025-10-13T07:23:40.892+0000] {processor.py:830} INFO - Processing file /opt/airflow/dags/minio_to_snowflake.py for tasks to queue
[2025-10-13T07:23:40.894+0000] {logging_mixin.py:188} INFO - [2025-10-13T07:23:40.894+0000] {dagbag.py:545} INFO - Filling up the DagBag from /opt/airflow/dags/minio_to_snowflake.py
[2025-10-13T07:23:41.542+0000] {processor.py:840} INFO - DAG(s) 'minio_to_snowflake' retrieved from /opt/airflow/dags/minio_to_snowflake.py
[2025-10-13T07:23:41.563+0000] {logging_mixin.py:188} INFO - [2025-10-13T07:23:41.562+0000] {dag.py:3089} INFO - Sync 1 DAGs
[2025-10-13T07:23:41.582+0000] {logging_mixin.py:188} INFO - [2025-10-13T07:23:41.582+0000] {dag.py:3947} INFO - Setting next_dagrun for minio_to_snowflake to 2025-10-13 07:22:00+00:00, run_after=2025-10-13 07:23:00+00:00
[2025-10-13T07:23:41.601+0000] {processor.py:183} INFO - Processing /opt/airflow/dags/minio_to_snowflake.py took 0.716 seconds
[2025-10-13T07:24:11.809+0000] {processor.py:161} INFO - Started process (PID=89080) to work on /opt/airflow/dags/minio_to_snowflake.py
[2025-10-13T07:24:11.810+0000] {processor.py:830} INFO - Processing file /opt/airflow/dags/minio_to_snowflake.py for tasks to queue
[2025-10-13T07:24:11.812+0000] {logging_mixin.py:188} INFO - [2025-10-13T07:24:11.812+0000] {dagbag.py:545} INFO - Filling up the DagBag from /opt/airflow/dags/minio_to_snowflake.py
[2025-10-13T07:24:12.514+0000] {processor.py:840} INFO - DAG(s) 'minio_to_snowflake' retrieved from /opt/airflow/dags/minio_to_snowflake.py
[2025-10-13T07:24:12.538+0000] {logging_mixin.py:188} INFO - [2025-10-13T07:24:12.537+0000] {dag.py:3089} INFO - Sync 1 DAGs
[2025-10-13T07:24:12.558+0000] {logging_mixin.py:188} INFO - [2025-10-13T07:24:12.558+0000] {dag.py:3947} INFO - Setting next_dagrun for minio_to_snowflake to 2025-10-13 07:23:00+00:00, run_after=2025-10-13 07:24:00+00:00
[2025-10-13T07:24:12.579+0000] {processor.py:183} INFO - Processing /opt/airflow/dags/minio_to_snowflake.py took 0.778 seconds
[2025-10-13T07:24:42.720+0000] {processor.py:161} INFO - Started process (PID=89298) to work on /opt/airflow/dags/minio_to_snowflake.py
[2025-10-13T07:24:42.721+0000] {processor.py:830} INFO - Processing file /opt/airflow/dags/minio_to_snowflake.py for tasks to queue
[2025-10-13T07:24:42.723+0000] {logging_mixin.py:188} INFO - [2025-10-13T07:24:42.723+0000] {dagbag.py:545} INFO - Filling up the DagBag from /opt/airflow/dags/minio_to_snowflake.py
[2025-10-13T07:24:43.360+0000] {processor.py:840} INFO - DAG(s) 'minio_to_snowflake' retrieved from /opt/airflow/dags/minio_to_snowflake.py
[2025-10-13T07:24:43.383+0000] {logging_mixin.py:188} INFO - [2025-10-13T07:24:43.383+0000] {dag.py:3089} INFO - Sync 1 DAGs
[2025-10-13T07:24:43.403+0000] {logging_mixin.py:188} INFO - [2025-10-13T07:24:43.402+0000] {dag.py:3947} INFO - Setting next_dagrun for minio_to_snowflake to 2025-10-13 07:23:00+00:00, run_after=2025-10-13 07:24:00+00:00
[2025-10-13T07:24:43.420+0000] {processor.py:183} INFO - Processing /opt/airflow/dags/minio_to_snowflake.py took 0.706 seconds
[2025-10-13T07:25:13.644+0000] {processor.py:161} INFO - Started process (PID=89512) to work on /opt/airflow/dags/minio_to_snowflake.py
[2025-10-13T07:25:13.646+0000] {processor.py:830} INFO - Processing file /opt/airflow/dags/minio_to_snowflake.py for tasks to queue
[2025-10-13T07:25:13.648+0000] {logging_mixin.py:188} INFO - [2025-10-13T07:25:13.647+0000] {dagbag.py:545} INFO - Filling up the DagBag from /opt/airflow/dags/minio_to_snowflake.py
[2025-10-13T07:25:14.329+0000] {processor.py:840} INFO - DAG(s) 'minio_to_snowflake' retrieved from /opt/airflow/dags/minio_to_snowflake.py
[2025-10-13T07:25:14.359+0000] {logging_mixin.py:188} INFO - [2025-10-13T07:25:14.358+0000] {dag.py:3089} INFO - Sync 1 DAGs
[2025-10-13T07:25:14.384+0000] {logging_mixin.py:188} INFO - [2025-10-13T07:25:14.384+0000] {dag.py:3947} INFO - Setting next_dagrun for minio_to_snowflake to 2025-10-13 07:24:00+00:00, run_after=2025-10-13 07:25:00+00:00
[2025-10-13T07:25:14.403+0000] {processor.py:183} INFO - Processing /opt/airflow/dags/minio_to_snowflake.py took 0.766 seconds
[2025-10-13T07:25:44.619+0000] {processor.py:161} INFO - Started process (PID=89737) to work on /opt/airflow/dags/minio_to_snowflake.py
[2025-10-13T07:25:44.621+0000] {processor.py:830} INFO - Processing file /opt/airflow/dags/minio_to_snowflake.py for tasks to queue
[2025-10-13T07:25:44.622+0000] {logging_mixin.py:188} INFO - [2025-10-13T07:25:44.622+0000] {dagbag.py:545} INFO - Filling up the DagBag from /opt/airflow/dags/minio_to_snowflake.py
[2025-10-13T07:25:45.899+0000] {processor.py:840} INFO - DAG(s) 'minio_to_snowflake' retrieved from /opt/airflow/dags/minio_to_snowflake.py
[2025-10-13T07:25:45.918+0000] {logging_mixin.py:188} INFO - [2025-10-13T07:25:45.918+0000] {dag.py:3089} INFO - Sync 1 DAGs
[2025-10-13T07:25:45.940+0000] {logging_mixin.py:188} INFO - [2025-10-13T07:25:45.940+0000] {dag.py:3947} INFO - Setting next_dagrun for minio_to_snowflake to 2025-10-13 07:24:00+00:00, run_after=2025-10-13 07:25:00+00:00
[2025-10-13T07:25:45.959+0000] {processor.py:183} INFO - Processing /opt/airflow/dags/minio_to_snowflake.py took 1.346 seconds
[2025-10-13T07:26:16.178+0000] {processor.py:161} INFO - Started process (PID=89909) to work on /opt/airflow/dags/minio_to_snowflake.py
[2025-10-13T07:26:16.179+0000] {processor.py:830} INFO - Processing file /opt/airflow/dags/minio_to_snowflake.py for tasks to queue
[2025-10-13T07:26:16.181+0000] {logging_mixin.py:188} INFO - [2025-10-13T07:26:16.181+0000] {dagbag.py:545} INFO - Filling up the DagBag from /opt/airflow/dags/minio_to_snowflake.py
[2025-10-13T07:26:16.809+0000] {processor.py:840} INFO - DAG(s) 'minio_to_snowflake' retrieved from /opt/airflow/dags/minio_to_snowflake.py
[2025-10-13T07:26:16.833+0000] {logging_mixin.py:188} INFO - [2025-10-13T07:26:16.832+0000] {dag.py:3089} INFO - Sync 1 DAGs
[2025-10-13T07:26:16.853+0000] {logging_mixin.py:188} INFO - [2025-10-13T07:26:16.853+0000] {dag.py:3947} INFO - Setting next_dagrun for minio_to_snowflake to 2025-10-13 07:25:00+00:00, run_after=2025-10-13 07:26:00+00:00
[2025-10-13T07:26:16.874+0000] {processor.py:183} INFO - Processing /opt/airflow/dags/minio_to_snowflake.py took 0.702 seconds
[2025-10-13T07:26:47.062+0000] {processor.py:161} INFO - Started process (PID=90122) to work on /opt/airflow/dags/minio_to_snowflake.py
[2025-10-13T07:26:47.063+0000] {processor.py:830} INFO - Processing file /opt/airflow/dags/minio_to_snowflake.py for tasks to queue
[2025-10-13T07:26:47.065+0000] {logging_mixin.py:188} INFO - [2025-10-13T07:26:47.065+0000] {dagbag.py:545} INFO - Filling up the DagBag from /opt/airflow/dags/minio_to_snowflake.py
[2025-10-13T07:26:47.697+0000] {processor.py:840} INFO - DAG(s) 'minio_to_snowflake' retrieved from /opt/airflow/dags/minio_to_snowflake.py
[2025-10-13T07:26:47.720+0000] {logging_mixin.py:188} INFO - [2025-10-13T07:26:47.720+0000] {dag.py:3089} INFO - Sync 1 DAGs
[2025-10-13T07:26:47.741+0000] {logging_mixin.py:188} INFO - [2025-10-13T07:26:47.741+0000] {dag.py:3947} INFO - Setting next_dagrun for minio_to_snowflake to 2025-10-13 07:25:00+00:00, run_after=2025-10-13 07:26:00+00:00
[2025-10-13T07:26:47.756+0000] {processor.py:183} INFO - Processing /opt/airflow/dags/minio_to_snowflake.py took 0.700 seconds
[2025-10-13T07:27:18.023+0000] {processor.py:161} INFO - Started process (PID=90339) to work on /opt/airflow/dags/minio_to_snowflake.py
[2025-10-13T07:27:18.025+0000] {processor.py:830} INFO - Processing file /opt/airflow/dags/minio_to_snowflake.py for tasks to queue
[2025-10-13T07:27:18.027+0000] {logging_mixin.py:188} INFO - [2025-10-13T07:27:18.026+0000] {dagbag.py:545} INFO - Filling up the DagBag from /opt/airflow/dags/minio_to_snowflake.py
[2025-10-13T07:27:18.713+0000] {processor.py:840} INFO - DAG(s) 'minio_to_snowflake' retrieved from /opt/airflow/dags/minio_to_snowflake.py
[2025-10-13T07:27:18.734+0000] {logging_mixin.py:188} INFO - [2025-10-13T07:27:18.734+0000] {dag.py:3089} INFO - Sync 1 DAGs
[2025-10-13T07:27:18.755+0000] {logging_mixin.py:188} INFO - [2025-10-13T07:27:18.754+0000] {dag.py:3947} INFO - Setting next_dagrun for minio_to_snowflake to 2025-10-13 07:26:00+00:00, run_after=2025-10-13 07:27:00+00:00
[2025-10-13T07:27:18.771+0000] {processor.py:183} INFO - Processing /opt/airflow/dags/minio_to_snowflake.py took 0.754 seconds
[2025-10-13T07:27:48.996+0000] {processor.py:161} INFO - Started process (PID=90569) to work on /opt/airflow/dags/minio_to_snowflake.py
[2025-10-13T07:27:48.998+0000] {processor.py:830} INFO - Processing file /opt/airflow/dags/minio_to_snowflake.py for tasks to queue
[2025-10-13T07:27:49.000+0000] {logging_mixin.py:188} INFO - [2025-10-13T07:27:49.000+0000] {dagbag.py:545} INFO - Filling up the DagBag from /opt/airflow/dags/minio_to_snowflake.py
[2025-10-13T07:27:49.673+0000] {processor.py:840} INFO - DAG(s) 'minio_to_snowflake' retrieved from /opt/airflow/dags/minio_to_snowflake.py
[2025-10-13T07:27:49.694+0000] {logging_mixin.py:188} INFO - [2025-10-13T07:27:49.693+0000] {dag.py:3089} INFO - Sync 1 DAGs
[2025-10-13T07:27:49.713+0000] {logging_mixin.py:188} INFO - [2025-10-13T07:27:49.713+0000] {dag.py:3947} INFO - Setting next_dagrun for minio_to_snowflake to 2025-10-13 07:26:00+00:00, run_after=2025-10-13 07:27:00+00:00
[2025-10-13T07:27:49.732+0000] {processor.py:183} INFO - Processing /opt/airflow/dags/minio_to_snowflake.py took 0.743 seconds
[2025-10-13T07:28:19.940+0000] {processor.py:161} INFO - Started process (PID=90781) to work on /opt/airflow/dags/minio_to_snowflake.py
[2025-10-13T07:28:19.942+0000] {processor.py:830} INFO - Processing file /opt/airflow/dags/minio_to_snowflake.py for tasks to queue
[2025-10-13T07:28:19.943+0000] {logging_mixin.py:188} INFO - [2025-10-13T07:28:19.943+0000] {dagbag.py:545} INFO - Filling up the DagBag from /opt/airflow/dags/minio_to_snowflake.py
[2025-10-13T07:28:20.550+0000] {processor.py:840} INFO - DAG(s) 'minio_to_snowflake' retrieved from /opt/airflow/dags/minio_to_snowflake.py
[2025-10-13T07:28:20.571+0000] {logging_mixin.py:188} INFO - [2025-10-13T07:28:20.570+0000] {dag.py:3089} INFO - Sync 1 DAGs
[2025-10-13T07:28:20.588+0000] {logging_mixin.py:188} INFO - [2025-10-13T07:28:20.588+0000] {dag.py:3947} INFO - Setting next_dagrun for minio_to_snowflake to 2025-10-13 07:27:00+00:00, run_after=2025-10-13 07:28:00+00:00
[2025-10-13T07:28:20.603+0000] {processor.py:183} INFO - Processing /opt/airflow/dags/minio_to_snowflake.py took 0.668 seconds
[2025-10-13T07:28:50.843+0000] {processor.py:161} INFO - Started process (PID=90957) to work on /opt/airflow/dags/minio_to_snowflake.py
[2025-10-13T07:28:50.845+0000] {processor.py:830} INFO - Processing file /opt/airflow/dags/minio_to_snowflake.py for tasks to queue
[2025-10-13T07:28:50.847+0000] {logging_mixin.py:188} INFO - [2025-10-13T07:28:50.846+0000] {dagbag.py:545} INFO - Filling up the DagBag from /opt/airflow/dags/minio_to_snowflake.py
[2025-10-13T07:28:51.526+0000] {processor.py:840} INFO - DAG(s) 'minio_to_snowflake' retrieved from /opt/airflow/dags/minio_to_snowflake.py
[2025-10-13T07:28:51.549+0000] {logging_mixin.py:188} INFO - [2025-10-13T07:28:51.548+0000] {dag.py:3089} INFO - Sync 1 DAGs
[2025-10-13T07:28:51.576+0000] {logging_mixin.py:188} INFO - [2025-10-13T07:28:51.575+0000] {dag.py:3947} INFO - Setting next_dagrun for minio_to_snowflake to 2025-10-13 07:27:00+00:00, run_after=2025-10-13 07:28:00+00:00
[2025-10-13T07:28:51.626+0000] {processor.py:183} INFO - Processing /opt/airflow/dags/minio_to_snowflake.py took 0.788 seconds
[2025-10-13T07:29:21.916+0000] {processor.py:161} INFO - Started process (PID=91180) to work on /opt/airflow/dags/minio_to_snowflake.py
[2025-10-13T07:29:21.917+0000] {processor.py:830} INFO - Processing file /opt/airflow/dags/minio_to_snowflake.py for tasks to queue
[2025-10-13T07:29:21.919+0000] {logging_mixin.py:188} INFO - [2025-10-13T07:29:21.919+0000] {dagbag.py:545} INFO - Filling up the DagBag from /opt/airflow/dags/minio_to_snowflake.py
[2025-10-13T07:29:22.557+0000] {processor.py:840} INFO - DAG(s) 'minio_to_snowflake' retrieved from /opt/airflow/dags/minio_to_snowflake.py
[2025-10-13T07:29:22.577+0000] {logging_mixin.py:188} INFO - [2025-10-13T07:29:22.577+0000] {dag.py:3089} INFO - Sync 1 DAGs
[2025-10-13T07:29:22.596+0000] {logging_mixin.py:188} INFO - [2025-10-13T07:29:22.596+0000] {dag.py:3947} INFO - Setting next_dagrun for minio_to_snowflake to 2025-10-13 07:28:00+00:00, run_after=2025-10-13 07:29:00+00:00
[2025-10-13T07:29:22.614+0000] {processor.py:183} INFO - Processing /opt/airflow/dags/minio_to_snowflake.py took 0.704 seconds
[2025-10-13T07:29:52.822+0000] {processor.py:161} INFO - Started process (PID=91392) to work on /opt/airflow/dags/minio_to_snowflake.py
[2025-10-13T07:29:52.823+0000] {processor.py:830} INFO - Processing file /opt/airflow/dags/minio_to_snowflake.py for tasks to queue
[2025-10-13T07:29:52.825+0000] {logging_mixin.py:188} INFO - [2025-10-13T07:29:52.825+0000] {dagbag.py:545} INFO - Filling up the DagBag from /opt/airflow/dags/minio_to_snowflake.py
[2025-10-13T07:29:53.679+0000] {processor.py:840} INFO - DAG(s) 'minio_to_snowflake' retrieved from /opt/airflow/dags/minio_to_snowflake.py
[2025-10-13T07:29:53.715+0000] {logging_mixin.py:188} INFO - [2025-10-13T07:29:53.715+0000] {dag.py:3089} INFO - Sync 1 DAGs
[2025-10-13T07:29:53.743+0000] {logging_mixin.py:188} INFO - [2025-10-13T07:29:53.742+0000] {dag.py:3947} INFO - Setting next_dagrun for minio_to_snowflake to 2025-10-13 07:28:00+00:00, run_after=2025-10-13 07:29:00+00:00
[2025-10-13T07:29:53.759+0000] {processor.py:183} INFO - Processing /opt/airflow/dags/minio_to_snowflake.py took 0.944 seconds
[2025-10-13T07:30:23.975+0000] {processor.py:161} INFO - Started process (PID=91576) to work on /opt/airflow/dags/minio_to_snowflake.py
[2025-10-13T07:30:23.976+0000] {processor.py:830} INFO - Processing file /opt/airflow/dags/minio_to_snowflake.py for tasks to queue
[2025-10-13T07:30:23.979+0000] {logging_mixin.py:188} INFO - [2025-10-13T07:30:23.978+0000] {dagbag.py:545} INFO - Filling up the DagBag from /opt/airflow/dags/minio_to_snowflake.py
[2025-10-13T07:30:24.730+0000] {processor.py:840} INFO - DAG(s) 'minio_to_snowflake' retrieved from /opt/airflow/dags/minio_to_snowflake.py
[2025-10-13T07:30:24.752+0000] {logging_mixin.py:188} INFO - [2025-10-13T07:30:24.751+0000] {dag.py:3089} INFO - Sync 1 DAGs
[2025-10-13T07:30:24.773+0000] {logging_mixin.py:188} INFO - [2025-10-13T07:30:24.773+0000] {dag.py:3947} INFO - Setting next_dagrun for minio_to_snowflake to 2025-10-13 07:29:00+00:00, run_after=2025-10-13 07:30:00+00:00
[2025-10-13T07:30:24.792+0000] {processor.py:183} INFO - Processing /opt/airflow/dags/minio_to_snowflake.py took 0.826 seconds
[2025-10-13T07:30:54.932+0000] {processor.py:161} INFO - Started process (PID=91786) to work on /opt/airflow/dags/minio_to_snowflake.py
[2025-10-13T07:30:54.933+0000] {processor.py:830} INFO - Processing file /opt/airflow/dags/minio_to_snowflake.py for tasks to queue
[2025-10-13T07:30:54.935+0000] {logging_mixin.py:188} INFO - [2025-10-13T07:30:54.935+0000] {dagbag.py:545} INFO - Filling up the DagBag from /opt/airflow/dags/minio_to_snowflake.py
[2025-10-13T07:30:56.109+0000] {processor.py:840} INFO - DAG(s) 'minio_to_snowflake' retrieved from /opt/airflow/dags/minio_to_snowflake.py
[2025-10-13T07:30:56.136+0000] {logging_mixin.py:188} INFO - [2025-10-13T07:30:56.135+0000] {dag.py:3089} INFO - Sync 1 DAGs
[2025-10-13T07:30:56.157+0000] {logging_mixin.py:188} INFO - [2025-10-13T07:30:56.156+0000] {dag.py:3947} INFO - Setting next_dagrun for minio_to_snowflake to 2025-10-13 07:29:00+00:00, run_after=2025-10-13 07:30:00+00:00
[2025-10-13T07:30:56.176+0000] {processor.py:183} INFO - Processing /opt/airflow/dags/minio_to_snowflake.py took 1.249 seconds
[2025-10-13T07:31:26.552+0000] {processor.py:161} INFO - Started process (PID=93892) to work on /opt/airflow/dags/minio_to_snowflake.py
[2025-10-13T07:31:26.553+0000] {processor.py:830} INFO - Processing file /opt/airflow/dags/minio_to_snowflake.py for tasks to queue
[2025-10-13T07:31:26.555+0000] {logging_mixin.py:188} INFO - [2025-10-13T07:31:26.554+0000] {dagbag.py:545} INFO - Filling up the DagBag from /opt/airflow/dags/minio_to_snowflake.py
[2025-10-13T07:31:27.194+0000] {processor.py:840} INFO - DAG(s) 'minio_to_snowflake' retrieved from /opt/airflow/dags/minio_to_snowflake.py
[2025-10-13T07:31:27.215+0000] {logging_mixin.py:188} INFO - [2025-10-13T07:31:27.215+0000] {dag.py:3089} INFO - Sync 1 DAGs
[2025-10-13T07:31:27.235+0000] {logging_mixin.py:188} INFO - [2025-10-13T07:31:27.234+0000] {dag.py:3947} INFO - Setting next_dagrun for minio_to_snowflake to 2025-10-13 07:30:00+00:00, run_after=2025-10-13 07:31:00+00:00
[2025-10-13T07:31:27.250+0000] {processor.py:183} INFO - Processing /opt/airflow/dags/minio_to_snowflake.py took 0.704 seconds
[2025-10-13T07:31:57.493+0000] {processor.py:161} INFO - Started process (PID=94092) to work on /opt/airflow/dags/minio_to_snowflake.py
[2025-10-13T07:31:57.494+0000] {processor.py:830} INFO - Processing file /opt/airflow/dags/minio_to_snowflake.py for tasks to queue
[2025-10-13T07:31:57.496+0000] {logging_mixin.py:188} INFO - [2025-10-13T07:31:57.496+0000] {dagbag.py:545} INFO - Filling up the DagBag from /opt/airflow/dags/minio_to_snowflake.py
[2025-10-13T07:31:58.167+0000] {processor.py:840} INFO - DAG(s) 'minio_to_snowflake' retrieved from /opt/airflow/dags/minio_to_snowflake.py
[2025-10-13T07:31:58.193+0000] {logging_mixin.py:188} INFO - [2025-10-13T07:31:58.192+0000] {dag.py:3089} INFO - Sync 1 DAGs
[2025-10-13T07:31:58.215+0000] {logging_mixin.py:188} INFO - [2025-10-13T07:31:58.215+0000] {dag.py:3947} INFO - Setting next_dagrun for minio_to_snowflake to 2025-10-13 07:30:00+00:00, run_after=2025-10-13 07:31:00+00:00
[2025-10-13T07:31:58.231+0000] {processor.py:183} INFO - Processing /opt/airflow/dags/minio_to_snowflake.py took 0.743 seconds
[2025-10-13T07:32:28.457+0000] {processor.py:161} INFO - Started process (PID=94321) to work on /opt/airflow/dags/minio_to_snowflake.py
[2025-10-13T07:32:28.459+0000] {processor.py:830} INFO - Processing file /opt/airflow/dags/minio_to_snowflake.py for tasks to queue
[2025-10-13T07:32:28.461+0000] {logging_mixin.py:188} INFO - [2025-10-13T07:32:28.460+0000] {dagbag.py:545} INFO - Filling up the DagBag from /opt/airflow/dags/minio_to_snowflake.py
[2025-10-13T07:32:29.122+0000] {processor.py:840} INFO - DAG(s) 'minio_to_snowflake' retrieved from /opt/airflow/dags/minio_to_snowflake.py
[2025-10-13T07:32:29.144+0000] {logging_mixin.py:188} INFO - [2025-10-13T07:32:29.144+0000] {dag.py:3089} INFO - Sync 1 DAGs
[2025-10-13T07:32:29.166+0000] {logging_mixin.py:188} INFO - [2025-10-13T07:32:29.166+0000] {dag.py:3947} INFO - Setting next_dagrun for minio_to_snowflake to 2025-10-13 07:31:00+00:00, run_after=2025-10-13 07:32:00+00:00
[2025-10-13T07:32:29.185+0000] {processor.py:183} INFO - Processing /opt/airflow/dags/minio_to_snowflake.py took 0.734 seconds
[2025-10-13T07:32:59.396+0000] {processor.py:161} INFO - Started process (PID=94540) to work on /opt/airflow/dags/minio_to_snowflake.py
[2025-10-13T07:32:59.398+0000] {processor.py:830} INFO - Processing file /opt/airflow/dags/minio_to_snowflake.py for tasks to queue
[2025-10-13T07:32:59.400+0000] {logging_mixin.py:188} INFO - [2025-10-13T07:32:59.399+0000] {dagbag.py:545} INFO - Filling up the DagBag from /opt/airflow/dags/minio_to_snowflake.py
[2025-10-13T07:33:00.234+0000] {processor.py:840} INFO - DAG(s) 'minio_to_snowflake' retrieved from /opt/airflow/dags/minio_to_snowflake.py
[2025-10-13T07:33:00.258+0000] {logging_mixin.py:188} INFO - [2025-10-13T07:33:00.258+0000] {dag.py:3089} INFO - Sync 1 DAGs
[2025-10-13T07:33:00.284+0000] {logging_mixin.py:188} INFO - [2025-10-13T07:33:00.284+0000] {dag.py:3947} INFO - Setting next_dagrun for minio_to_snowflake to 2025-10-13 07:32:00+00:00, run_after=2025-10-13 07:33:00+00:00
[2025-10-13T07:33:00.305+0000] {processor.py:183} INFO - Processing /opt/airflow/dags/minio_to_snowflake.py took 0.914 seconds
[2025-10-13T07:33:30.531+0000] {processor.py:161} INFO - Started process (PID=94751) to work on /opt/airflow/dags/minio_to_snowflake.py
[2025-10-13T07:33:30.532+0000] {processor.py:830} INFO - Processing file /opt/airflow/dags/minio_to_snowflake.py for tasks to queue
[2025-10-13T07:33:30.534+0000] {logging_mixin.py:188} INFO - [2025-10-13T07:33:30.533+0000] {dagbag.py:545} INFO - Filling up the DagBag from /opt/airflow/dags/minio_to_snowflake.py
[2025-10-13T07:33:31.174+0000] {processor.py:840} INFO - DAG(s) 'minio_to_snowflake' retrieved from /opt/airflow/dags/minio_to_snowflake.py
[2025-10-13T07:33:31.198+0000] {logging_mixin.py:188} INFO - [2025-10-13T07:33:31.196+0000] {dag.py:3089} INFO - Sync 1 DAGs
[2025-10-13T07:33:31.216+0000] {logging_mixin.py:188} INFO - [2025-10-13T07:33:31.216+0000] {dag.py:3947} INFO - Setting next_dagrun for minio_to_snowflake to 2025-10-13 07:32:00+00:00, run_after=2025-10-13 07:33:00+00:00
[2025-10-13T07:33:31.235+0000] {processor.py:183} INFO - Processing /opt/airflow/dags/minio_to_snowflake.py took 0.710 seconds
[2025-10-13T07:34:01.456+0000] {processor.py:161} INFO - Started process (PID=95382) to work on /opt/airflow/dags/minio_to_snowflake.py
[2025-10-13T07:34:01.458+0000] {processor.py:830} INFO - Processing file /opt/airflow/dags/minio_to_snowflake.py for tasks to queue
[2025-10-13T07:34:01.461+0000] {logging_mixin.py:188} INFO - [2025-10-13T07:34:01.460+0000] {dagbag.py:545} INFO - Filling up the DagBag from /opt/airflow/dags/minio_to_snowflake.py
[2025-10-13T07:34:02.433+0000] {processor.py:840} INFO - DAG(s) 'minio_to_snowflake' retrieved from /opt/airflow/dags/minio_to_snowflake.py
[2025-10-13T07:34:02.481+0000] {logging_mixin.py:188} INFO - [2025-10-13T07:34:02.480+0000] {dag.py:3089} INFO - Sync 1 DAGs
[2025-10-13T07:34:02.516+0000] {logging_mixin.py:188} INFO - [2025-10-13T07:34:02.516+0000] {dag.py:3947} INFO - Setting next_dagrun for minio_to_snowflake to 2025-10-13 07:33:00+00:00, run_after=2025-10-13 07:34:00+00:00
[2025-10-13T07:34:02.541+0000] {processor.py:183} INFO - Processing /opt/airflow/dags/minio_to_snowflake.py took 1.092 seconds
[2025-10-13T07:34:32.701+0000] {processor.py:161} INFO - Started process (PID=97020) to work on /opt/airflow/dags/minio_to_snowflake.py
[2025-10-13T07:34:32.702+0000] {processor.py:830} INFO - Processing file /opt/airflow/dags/minio_to_snowflake.py for tasks to queue
[2025-10-13T07:34:32.703+0000] {logging_mixin.py:188} INFO - [2025-10-13T07:34:32.703+0000] {dagbag.py:545} INFO - Filling up the DagBag from /opt/airflow/dags/minio_to_snowflake.py
[2025-10-13T07:34:33.431+0000] {processor.py:840} INFO - DAG(s) 'minio_to_snowflake' retrieved from /opt/airflow/dags/minio_to_snowflake.py
[2025-10-13T07:34:33.454+0000] {logging_mixin.py:188} INFO - [2025-10-13T07:34:33.453+0000] {dag.py:3089} INFO - Sync 1 DAGs
[2025-10-13T07:34:33.473+0000] {logging_mixin.py:188} INFO - [2025-10-13T07:34:33.473+0000] {dag.py:3947} INFO - Setting next_dagrun for minio_to_snowflake to 2025-10-13 07:33:00+00:00, run_after=2025-10-13 07:34:00+00:00
[2025-10-13T07:34:33.490+0000] {processor.py:183} INFO - Processing /opt/airflow/dags/minio_to_snowflake.py took 0.796 seconds
[2025-10-13T07:35:04.149+0000] {processor.py:161} INFO - Started process (PID=97224) to work on /opt/airflow/dags/minio_to_snowflake.py
[2025-10-13T07:35:04.151+0000] {processor.py:830} INFO - Processing file /opt/airflow/dags/minio_to_snowflake.py for tasks to queue
[2025-10-13T07:35:04.153+0000] {logging_mixin.py:188} INFO - [2025-10-13T07:35:04.153+0000] {dagbag.py:545} INFO - Filling up the DagBag from /opt/airflow/dags/minio_to_snowflake.py
[2025-10-13T07:35:04.845+0000] {processor.py:840} INFO - DAG(s) 'minio_to_snowflake' retrieved from /opt/airflow/dags/minio_to_snowflake.py
[2025-10-13T07:35:04.868+0000] {logging_mixin.py:188} INFO - [2025-10-13T07:35:04.868+0000] {dag.py:3089} INFO - Sync 1 DAGs
[2025-10-13T07:35:04.889+0000] {logging_mixin.py:188} INFO - [2025-10-13T07:35:04.888+0000] {dag.py:3947} INFO - Setting next_dagrun for minio_to_snowflake to 2025-10-13 07:34:00+00:00, run_after=2025-10-13 07:35:00+00:00
[2025-10-13T07:35:04.909+0000] {processor.py:183} INFO - Processing /opt/airflow/dags/minio_to_snowflake.py took 0.766 seconds
[2025-10-13T07:35:35.128+0000] {processor.py:161} INFO - Started process (PID=97415) to work on /opt/airflow/dags/minio_to_snowflake.py
[2025-10-13T07:35:35.129+0000] {processor.py:830} INFO - Processing file /opt/airflow/dags/minio_to_snowflake.py for tasks to queue
[2025-10-13T07:35:35.131+0000] {logging_mixin.py:188} INFO - [2025-10-13T07:35:35.131+0000] {dagbag.py:545} INFO - Filling up the DagBag from /opt/airflow/dags/minio_to_snowflake.py
[2025-10-13T07:35:36.326+0000] {processor.py:840} INFO - DAG(s) 'minio_to_snowflake' retrieved from /opt/airflow/dags/minio_to_snowflake.py
[2025-10-13T07:35:36.350+0000] {logging_mixin.py:188} INFO - [2025-10-13T07:35:36.349+0000] {dag.py:3089} INFO - Sync 1 DAGs
[2025-10-13T07:35:36.375+0000] {logging_mixin.py:188} INFO - [2025-10-13T07:35:36.374+0000] {dag.py:3947} INFO - Setting next_dagrun for minio_to_snowflake to 2025-10-13 07:34:00+00:00, run_after=2025-10-13 07:35:00+00:00
[2025-10-13T07:35:36.392+0000] {processor.py:183} INFO - Processing /opt/airflow/dags/minio_to_snowflake.py took 1.270 seconds
[2025-10-13T07:36:06.543+0000] {processor.py:161} INFO - Started process (PID=97616) to work on /opt/airflow/dags/minio_to_snowflake.py
[2025-10-13T07:36:06.544+0000] {processor.py:830} INFO - Processing file /opt/airflow/dags/minio_to_snowflake.py for tasks to queue
[2025-10-13T07:36:06.548+0000] {logging_mixin.py:188} INFO - [2025-10-13T07:36:06.548+0000] {dagbag.py:545} INFO - Filling up the DagBag from /opt/airflow/dags/minio_to_snowflake.py
[2025-10-13T07:36:07.328+0000] {processor.py:840} INFO - DAG(s) 'minio_to_snowflake' retrieved from /opt/airflow/dags/minio_to_snowflake.py
[2025-10-13T07:36:07.350+0000] {logging_mixin.py:188} INFO - [2025-10-13T07:36:07.349+0000] {dag.py:3089} INFO - Sync 1 DAGs
[2025-10-13T07:36:07.374+0000] {logging_mixin.py:188} INFO - [2025-10-13T07:36:07.374+0000] {dag.py:3947} INFO - Setting next_dagrun for minio_to_snowflake to 2025-10-13 07:35:00+00:00, run_after=2025-10-13 07:36:00+00:00
[2025-10-13T07:36:07.391+0000] {processor.py:183} INFO - Processing /opt/airflow/dags/minio_to_snowflake.py took 0.856 seconds
[2025-10-13T07:36:37.626+0000] {processor.py:161} INFO - Started process (PID=97813) to work on /opt/airflow/dags/minio_to_snowflake.py
[2025-10-13T07:36:37.628+0000] {processor.py:830} INFO - Processing file /opt/airflow/dags/minio_to_snowflake.py for tasks to queue
[2025-10-13T07:36:37.631+0000] {logging_mixin.py:188} INFO - [2025-10-13T07:36:37.630+0000] {dagbag.py:545} INFO - Filling up the DagBag from /opt/airflow/dags/minio_to_snowflake.py
[2025-10-13T07:36:38.349+0000] {processor.py:840} INFO - DAG(s) 'minio_to_snowflake' retrieved from /opt/airflow/dags/minio_to_snowflake.py
[2025-10-13T07:36:38.372+0000] {logging_mixin.py:188} INFO - [2025-10-13T07:36:38.371+0000] {dag.py:3089} INFO - Sync 1 DAGs
[2025-10-13T07:36:38.394+0000] {logging_mixin.py:188} INFO - [2025-10-13T07:36:38.394+0000] {dag.py:3947} INFO - Setting next_dagrun for minio_to_snowflake to 2025-10-13 07:35:00+00:00, run_after=2025-10-13 07:36:00+00:00
[2025-10-13T07:36:38.413+0000] {processor.py:183} INFO - Processing /opt/airflow/dags/minio_to_snowflake.py took 0.795 seconds
[2025-10-13T07:37:08.615+0000] {processor.py:161} INFO - Started process (PID=99929) to work on /opt/airflow/dags/minio_to_snowflake.py
[2025-10-13T07:37:08.616+0000] {processor.py:830} INFO - Processing file /opt/airflow/dags/minio_to_snowflake.py for tasks to queue
[2025-10-13T07:37:08.618+0000] {logging_mixin.py:188} INFO - [2025-10-13T07:37:08.618+0000] {dagbag.py:545} INFO - Filling up the DagBag from /opt/airflow/dags/minio_to_snowflake.py
[2025-10-13T07:37:09.313+0000] {processor.py:840} INFO - DAG(s) 'minio_to_snowflake' retrieved from /opt/airflow/dags/minio_to_snowflake.py
[2025-10-13T07:37:09.334+0000] {logging_mixin.py:188} INFO - [2025-10-13T07:37:09.333+0000] {dag.py:3089} INFO - Sync 1 DAGs
[2025-10-13T07:37:09.353+0000] {logging_mixin.py:188} INFO - [2025-10-13T07:37:09.353+0000] {dag.py:3947} INFO - Setting next_dagrun for minio_to_snowflake to 2025-10-13 07:36:00+00:00, run_after=2025-10-13 07:37:00+00:00
[2025-10-13T07:37:09.374+0000] {processor.py:183} INFO - Processing /opt/airflow/dags/minio_to_snowflake.py took 0.765 seconds
[2025-10-13T07:37:39.583+0000] {processor.py:161} INFO - Started process (PID=422) to work on /opt/airflow/dags/minio_to_snowflake.py
[2025-10-13T07:37:39.584+0000] {processor.py:830} INFO - Processing file /opt/airflow/dags/minio_to_snowflake.py for tasks to queue
[2025-10-13T07:37:39.585+0000] {logging_mixin.py:188} INFO - [2025-10-13T07:37:39.585+0000] {dagbag.py:545} INFO - Filling up the DagBag from /opt/airflow/dags/minio_to_snowflake.py
[2025-10-13T07:37:40.194+0000] {processor.py:840} INFO - DAG(s) 'minio_to_snowflake' retrieved from /opt/airflow/dags/minio_to_snowflake.py
[2025-10-13T07:37:40.215+0000] {logging_mixin.py:188} INFO - [2025-10-13T07:37:40.214+0000] {dag.py:3089} INFO - Sync 1 DAGs
[2025-10-13T07:37:40.234+0000] {logging_mixin.py:188} INFO - [2025-10-13T07:37:40.234+0000] {dag.py:3947} INFO - Setting next_dagrun for minio_to_snowflake to 2025-10-13 07:36:00+00:00, run_after=2025-10-13 07:37:00+00:00
[2025-10-13T07:37:40.250+0000] {processor.py:183} INFO - Processing /opt/airflow/dags/minio_to_snowflake.py took 0.673 seconds
[2025-10-13T07:38:10.356+0000] {processor.py:161} INFO - Started process (PID=636) to work on /opt/airflow/dags/minio_to_snowflake.py
[2025-10-13T07:38:10.358+0000] {processor.py:830} INFO - Processing file /opt/airflow/dags/minio_to_snowflake.py for tasks to queue
[2025-10-13T07:38:10.360+0000] {logging_mixin.py:188} INFO - [2025-10-13T07:38:10.360+0000] {dagbag.py:545} INFO - Filling up the DagBag from /opt/airflow/dags/minio_to_snowflake.py
[2025-10-13T07:38:11.005+0000] {processor.py:840} INFO - DAG(s) 'minio_to_snowflake' retrieved from /opt/airflow/dags/minio_to_snowflake.py
[2025-10-13T07:38:11.031+0000] {logging_mixin.py:188} INFO - [2025-10-13T07:38:11.030+0000] {dag.py:3089} INFO - Sync 1 DAGs
[2025-10-13T07:38:11.051+0000] {logging_mixin.py:188} INFO - [2025-10-13T07:38:11.050+0000] {dag.py:3947} INFO - Setting next_dagrun for minio_to_snowflake to 2025-10-13 07:37:00+00:00, run_after=2025-10-13 07:38:00+00:00
[2025-10-13T07:38:11.071+0000] {processor.py:183} INFO - Processing /opt/airflow/dags/minio_to_snowflake.py took 0.720 seconds
[2025-10-13T07:38:41.336+0000] {processor.py:161} INFO - Started process (PID=841) to work on /opt/airflow/dags/minio_to_snowflake.py
[2025-10-13T07:38:41.337+0000] {processor.py:830} INFO - Processing file /opt/airflow/dags/minio_to_snowflake.py for tasks to queue
[2025-10-13T07:38:41.339+0000] {logging_mixin.py:188} INFO - [2025-10-13T07:38:41.339+0000] {dagbag.py:545} INFO - Filling up the DagBag from /opt/airflow/dags/minio_to_snowflake.py
[2025-10-13T07:38:42.053+0000] {processor.py:840} INFO - DAG(s) 'minio_to_snowflake' retrieved from /opt/airflow/dags/minio_to_snowflake.py
[2025-10-13T07:38:42.076+0000] {logging_mixin.py:188} INFO - [2025-10-13T07:38:42.075+0000] {dag.py:3089} INFO - Sync 1 DAGs
[2025-10-13T07:38:42.099+0000] {logging_mixin.py:188} INFO - [2025-10-13T07:38:42.099+0000] {dag.py:3947} INFO - Setting next_dagrun for minio_to_snowflake to 2025-10-13 07:37:00+00:00, run_after=2025-10-13 07:38:00+00:00
[2025-10-13T07:38:42.117+0000] {processor.py:183} INFO - Processing /opt/airflow/dags/minio_to_snowflake.py took 0.791 seconds
[2025-10-13T07:39:12.338+0000] {processor.py:161} INFO - Started process (PID=1048) to work on /opt/airflow/dags/minio_to_snowflake.py
[2025-10-13T07:39:12.339+0000] {processor.py:830} INFO - Processing file /opt/airflow/dags/minio_to_snowflake.py for tasks to queue
[2025-10-13T07:39:12.341+0000] {logging_mixin.py:188} INFO - [2025-10-13T07:39:12.341+0000] {dagbag.py:545} INFO - Filling up the DagBag from /opt/airflow/dags/minio_to_snowflake.py
[2025-10-13T07:39:12.974+0000] {processor.py:840} INFO - DAG(s) 'minio_to_snowflake' retrieved from /opt/airflow/dags/minio_to_snowflake.py
[2025-10-13T07:39:12.996+0000] {logging_mixin.py:188} INFO - [2025-10-13T07:39:12.995+0000] {dag.py:3089} INFO - Sync 1 DAGs
[2025-10-13T07:39:13.016+0000] {logging_mixin.py:188} INFO - [2025-10-13T07:39:13.016+0000] {dag.py:3947} INFO - Setting next_dagrun for minio_to_snowflake to 2025-10-13 07:38:00+00:00, run_after=2025-10-13 07:39:00+00:00
[2025-10-13T07:39:13.034+0000] {processor.py:183} INFO - Processing /opt/airflow/dags/minio_to_snowflake.py took 0.702 seconds
[2025-10-13T07:39:43.245+0000] {processor.py:161} INFO - Started process (PID=1255) to work on /opt/airflow/dags/minio_to_snowflake.py
[2025-10-13T07:39:43.246+0000] {processor.py:830} INFO - Processing file /opt/airflow/dags/minio_to_snowflake.py for tasks to queue
[2025-10-13T07:39:43.248+0000] {logging_mixin.py:188} INFO - [2025-10-13T07:39:43.248+0000] {dagbag.py:545} INFO - Filling up the DagBag from /opt/airflow/dags/minio_to_snowflake.py
[2025-10-13T07:39:43.925+0000] {processor.py:840} INFO - DAG(s) 'minio_to_snowflake' retrieved from /opt/airflow/dags/minio_to_snowflake.py
[2025-10-13T07:39:43.948+0000] {logging_mixin.py:188} INFO - [2025-10-13T07:39:43.948+0000] {dag.py:3089} INFO - Sync 1 DAGs
[2025-10-13T07:39:43.968+0000] {logging_mixin.py:188} INFO - [2025-10-13T07:39:43.967+0000] {dag.py:3947} INFO - Setting next_dagrun for minio_to_snowflake to 2025-10-13 07:39:00+00:00, run_after=2025-10-13 07:40:00+00:00
[2025-10-13T07:39:43.986+0000] {processor.py:183} INFO - Processing /opt/airflow/dags/minio_to_snowflake.py took 0.747 seconds
[2025-10-13T07:40:14.207+0000] {processor.py:161} INFO - Started process (PID=3381) to work on /opt/airflow/dags/minio_to_snowflake.py
[2025-10-13T07:40:14.208+0000] {processor.py:830} INFO - Processing file /opt/airflow/dags/minio_to_snowflake.py for tasks to queue
[2025-10-13T07:40:14.210+0000] {logging_mixin.py:188} INFO - [2025-10-13T07:40:14.210+0000] {dagbag.py:545} INFO - Filling up the DagBag from /opt/airflow/dags/minio_to_snowflake.py
[2025-10-13T07:40:14.861+0000] {processor.py:840} INFO - DAG(s) 'minio_to_snowflake' retrieved from /opt/airflow/dags/minio_to_snowflake.py
[2025-10-13T07:40:14.882+0000] {logging_mixin.py:188} INFO - [2025-10-13T07:40:14.881+0000] {dag.py:3089} INFO - Sync 1 DAGs
[2025-10-13T07:40:14.902+0000] {logging_mixin.py:188} INFO - [2025-10-13T07:40:14.902+0000] {dag.py:3947} INFO - Setting next_dagrun for minio_to_snowflake to 2025-10-13 07:39:00+00:00, run_after=2025-10-13 07:40:00+00:00
[2025-10-13T07:40:14.917+0000] {processor.py:183} INFO - Processing /opt/airflow/dags/minio_to_snowflake.py took 0.715 seconds
[2025-10-13T07:40:45.139+0000] {processor.py:161} INFO - Started process (PID=3585) to work on /opt/airflow/dags/minio_to_snowflake.py
[2025-10-13T07:40:45.140+0000] {processor.py:830} INFO - Processing file /opt/airflow/dags/minio_to_snowflake.py for tasks to queue
[2025-10-13T07:40:45.142+0000] {logging_mixin.py:188} INFO - [2025-10-13T07:40:45.141+0000] {dagbag.py:545} INFO - Filling up the DagBag from /opt/airflow/dags/minio_to_snowflake.py
[2025-10-13T07:40:46.276+0000] {processor.py:840} INFO - DAG(s) 'minio_to_snowflake' retrieved from /opt/airflow/dags/minio_to_snowflake.py
[2025-10-13T07:40:46.306+0000] {logging_mixin.py:188} INFO - [2025-10-13T07:40:46.305+0000] {dag.py:3089} INFO - Sync 1 DAGs
[2025-10-13T07:40:46.334+0000] {logging_mixin.py:188} INFO - [2025-10-13T07:40:46.334+0000] {dag.py:3947} INFO - Setting next_dagrun for minio_to_snowflake to 2025-10-13 07:39:00+00:00, run_after=2025-10-13 07:40:00+00:00
[2025-10-13T07:40:46.363+0000] {processor.py:183} INFO - Processing /opt/airflow/dags/minio_to_snowflake.py took 1.232 seconds
[2025-10-13T07:41:16.588+0000] {processor.py:161} INFO - Started process (PID=3811) to work on /opt/airflow/dags/minio_to_snowflake.py
[2025-10-13T07:41:16.589+0000] {processor.py:830} INFO - Processing file /opt/airflow/dags/minio_to_snowflake.py for tasks to queue
[2025-10-13T07:41:16.591+0000] {logging_mixin.py:188} INFO - [2025-10-13T07:41:16.591+0000] {dagbag.py:545} INFO - Filling up the DagBag from /opt/airflow/dags/minio_to_snowflake.py
[2025-10-13T07:41:17.220+0000] {processor.py:840} INFO - DAG(s) 'minio_to_snowflake' retrieved from /opt/airflow/dags/minio_to_snowflake.py
[2025-10-13T07:41:17.241+0000] {logging_mixin.py:188} INFO - [2025-10-13T07:41:17.241+0000] {dag.py:3089} INFO - Sync 1 DAGs
[2025-10-13T07:41:17.262+0000] {logging_mixin.py:188} INFO - [2025-10-13T07:41:17.262+0000] {dag.py:3947} INFO - Setting next_dagrun for minio_to_snowflake to 2025-10-13 07:40:00+00:00, run_after=2025-10-13 07:41:00+00:00
[2025-10-13T07:41:17.276+0000] {processor.py:183} INFO - Processing /opt/airflow/dags/minio_to_snowflake.py took 0.694 seconds
[2025-10-13T07:41:47.515+0000] {processor.py:161} INFO - Started process (PID=4016) to work on /opt/airflow/dags/minio_to_snowflake.py
[2025-10-13T07:41:47.516+0000] {processor.py:830} INFO - Processing file /opt/airflow/dags/minio_to_snowflake.py for tasks to queue
[2025-10-13T07:41:47.517+0000] {logging_mixin.py:188} INFO - [2025-10-13T07:41:47.517+0000] {dagbag.py:545} INFO - Filling up the DagBag from /opt/airflow/dags/minio_to_snowflake.py
[2025-10-13T07:41:48.143+0000] {processor.py:840} INFO - DAG(s) 'minio_to_snowflake' retrieved from /opt/airflow/dags/minio_to_snowflake.py
[2025-10-13T07:41:48.163+0000] {logging_mixin.py:188} INFO - [2025-10-13T07:41:48.163+0000] {dag.py:3089} INFO - Sync 1 DAGs
[2025-10-13T07:41:48.185+0000] {logging_mixin.py:188} INFO - [2025-10-13T07:41:48.184+0000] {dag.py:3947} INFO - Setting next_dagrun for minio_to_snowflake to 2025-10-13 07:40:00+00:00, run_after=2025-10-13 07:41:00+00:00
[2025-10-13T07:41:48.204+0000] {processor.py:183} INFO - Processing /opt/airflow/dags/minio_to_snowflake.py took 0.695 seconds
[2025-10-13T07:42:18.448+0000] {processor.py:161} INFO - Started process (PID=4215) to work on /opt/airflow/dags/minio_to_snowflake.py
[2025-10-13T07:42:18.449+0000] {processor.py:830} INFO - Processing file /opt/airflow/dags/minio_to_snowflake.py for tasks to queue
[2025-10-13T07:42:18.451+0000] {logging_mixin.py:188} INFO - [2025-10-13T07:42:18.451+0000] {dagbag.py:545} INFO - Filling up the DagBag from /opt/airflow/dags/minio_to_snowflake.py
[2025-10-13T07:42:19.097+0000] {processor.py:840} INFO - DAG(s) 'minio_to_snowflake' retrieved from /opt/airflow/dags/minio_to_snowflake.py
[2025-10-13T07:42:19.120+0000] {logging_mixin.py:188} INFO - [2025-10-13T07:42:19.120+0000] {dag.py:3089} INFO - Sync 1 DAGs
[2025-10-13T07:42:19.143+0000] {logging_mixin.py:188} INFO - [2025-10-13T07:42:19.142+0000] {dag.py:3947} INFO - Setting next_dagrun for minio_to_snowflake to 2025-10-13 07:41:00+00:00, run_after=2025-10-13 07:42:00+00:00
[2025-10-13T07:42:19.164+0000] {processor.py:183} INFO - Processing /opt/airflow/dags/minio_to_snowflake.py took 0.721 seconds
[2025-10-13T07:42:49.368+0000] {processor.py:161} INFO - Started process (PID=6323) to work on /opt/airflow/dags/minio_to_snowflake.py
[2025-10-13T07:42:49.370+0000] {processor.py:830} INFO - Processing file /opt/airflow/dags/minio_to_snowflake.py for tasks to queue
[2025-10-13T07:42:49.372+0000] {logging_mixin.py:188} INFO - [2025-10-13T07:42:49.372+0000] {dagbag.py:545} INFO - Filling up the DagBag from /opt/airflow/dags/minio_to_snowflake.py
[2025-10-13T07:42:50.040+0000] {processor.py:840} INFO - DAG(s) 'minio_to_snowflake' retrieved from /opt/airflow/dags/minio_to_snowflake.py
[2025-10-13T07:42:50.064+0000] {logging_mixin.py:188} INFO - [2025-10-13T07:42:50.064+0000] {dag.py:3089} INFO - Sync 1 DAGs
[2025-10-13T07:42:50.084+0000] {logging_mixin.py:188} INFO - [2025-10-13T07:42:50.084+0000] {dag.py:3947} INFO - Setting next_dagrun for minio_to_snowflake to 2025-10-13 07:42:00+00:00, run_after=2025-10-13 07:43:00+00:00
[2025-10-13T07:42:50.102+0000] {processor.py:183} INFO - Processing /opt/airflow/dags/minio_to_snowflake.py took 0.742 seconds
[2025-10-13T07:43:20.342+0000] {processor.py:161} INFO - Started process (PID=6539) to work on /opt/airflow/dags/minio_to_snowflake.py
[2025-10-13T07:43:20.344+0000] {processor.py:830} INFO - Processing file /opt/airflow/dags/minio_to_snowflake.py for tasks to queue
[2025-10-13T07:43:20.347+0000] {logging_mixin.py:188} INFO - [2025-10-13T07:43:20.346+0000] {dagbag.py:545} INFO - Filling up the DagBag from /opt/airflow/dags/minio_to_snowflake.py
[2025-10-13T07:43:21.143+0000] {processor.py:840} INFO - DAG(s) 'minio_to_snowflake' retrieved from /opt/airflow/dags/minio_to_snowflake.py
[2025-10-13T07:43:21.166+0000] {logging_mixin.py:188} INFO - [2025-10-13T07:43:21.166+0000] {dag.py:3089} INFO - Sync 1 DAGs
[2025-10-13T07:43:21.192+0000] {logging_mixin.py:188} INFO - [2025-10-13T07:43:21.191+0000] {dag.py:3947} INFO - Setting next_dagrun for minio_to_snowflake to 2025-10-13 07:42:00+00:00, run_after=2025-10-13 07:43:00+00:00
[2025-10-13T07:43:21.210+0000] {processor.py:183} INFO - Processing /opt/airflow/dags/minio_to_snowflake.py took 0.876 seconds
[2025-10-13T07:43:51.452+0000] {processor.py:161} INFO - Started process (PID=6754) to work on /opt/airflow/dags/minio_to_snowflake.py
[2025-10-13T07:43:51.453+0000] {processor.py:830} INFO - Processing file /opt/airflow/dags/minio_to_snowflake.py for tasks to queue
[2025-10-13T07:43:51.455+0000] {logging_mixin.py:188} INFO - [2025-10-13T07:43:51.455+0000] {dagbag.py:545} INFO - Filling up the DagBag from /opt/airflow/dags/minio_to_snowflake.py
[2025-10-13T07:43:52.100+0000] {processor.py:840} INFO - DAG(s) 'minio_to_snowflake' retrieved from /opt/airflow/dags/minio_to_snowflake.py
[2025-10-13T07:43:52.124+0000] {logging_mixin.py:188} INFO - [2025-10-13T07:43:52.123+0000] {dag.py:3089} INFO - Sync 1 DAGs
[2025-10-13T07:43:52.143+0000] {logging_mixin.py:188} INFO - [2025-10-13T07:43:52.143+0000] {dag.py:3947} INFO - Setting next_dagrun for minio_to_snowflake to 2025-10-13 07:42:00+00:00, run_after=2025-10-13 07:43:00+00:00
[2025-10-13T07:43:52.162+0000] {processor.py:183} INFO - Processing /opt/airflow/dags/minio_to_snowflake.py took 0.716 seconds
[2025-10-13T07:44:22.371+0000] {processor.py:161} INFO - Started process (PID=6989) to work on /opt/airflow/dags/minio_to_snowflake.py
[2025-10-13T07:44:22.372+0000] {processor.py:830} INFO - Processing file /opt/airflow/dags/minio_to_snowflake.py for tasks to queue
[2025-10-13T07:44:22.378+0000] {logging_mixin.py:188} INFO - [2025-10-13T07:44:22.378+0000] {dagbag.py:545} INFO - Filling up the DagBag from /opt/airflow/dags/minio_to_snowflake.py
[2025-10-13T07:44:23.135+0000] {processor.py:840} INFO - DAG(s) 'minio_to_snowflake' retrieved from /opt/airflow/dags/minio_to_snowflake.py
[2025-10-13T07:44:23.165+0000] {logging_mixin.py:188} INFO - [2025-10-13T07:44:23.164+0000] {dag.py:3089} INFO - Sync 1 DAGs
[2025-10-13T07:44:23.191+0000] {logging_mixin.py:188} INFO - [2025-10-13T07:44:23.191+0000] {dag.py:3947} INFO - Setting next_dagrun for minio_to_snowflake to 2025-10-13 07:43:00+00:00, run_after=2025-10-13 07:44:00+00:00
[2025-10-13T07:44:23.212+0000] {processor.py:183} INFO - Processing /opt/airflow/dags/minio_to_snowflake.py took 0.849 seconds
[2025-10-13T07:44:53.425+0000] {processor.py:161} INFO - Started process (PID=7221) to work on /opt/airflow/dags/minio_to_snowflake.py
[2025-10-13T07:44:53.426+0000] {processor.py:830} INFO - Processing file /opt/airflow/dags/minio_to_snowflake.py for tasks to queue
[2025-10-13T07:44:53.429+0000] {logging_mixin.py:188} INFO - [2025-10-13T07:44:53.428+0000] {dagbag.py:545} INFO - Filling up the DagBag from /opt/airflow/dags/minio_to_snowflake.py
[2025-10-13T07:44:54.069+0000] {processor.py:840} INFO - DAG(s) 'minio_to_snowflake' retrieved from /opt/airflow/dags/minio_to_snowflake.py
[2025-10-13T07:44:54.092+0000] {logging_mixin.py:188} INFO - [2025-10-13T07:44:54.091+0000] {dag.py:3089} INFO - Sync 1 DAGs
[2025-10-13T07:44:54.111+0000] {logging_mixin.py:188} INFO - [2025-10-13T07:44:54.111+0000] {dag.py:3947} INFO - Setting next_dagrun for minio_to_snowflake to 2025-10-13 07:43:00+00:00, run_after=2025-10-13 07:44:00+00:00
[2025-10-13T07:44:54.132+0000] {processor.py:183} INFO - Processing /opt/airflow/dags/minio_to_snowflake.py took 0.712 seconds
[2025-10-13T07:45:24.349+0000] {processor.py:161} INFO - Started process (PID=9352) to work on /opt/airflow/dags/minio_to_snowflake.py
[2025-10-13T07:45:24.350+0000] {processor.py:830} INFO - Processing file /opt/airflow/dags/minio_to_snowflake.py for tasks to queue
[2025-10-13T07:45:24.352+0000] {logging_mixin.py:188} INFO - [2025-10-13T07:45:24.352+0000] {dagbag.py:545} INFO - Filling up the DagBag from /opt/airflow/dags/minio_to_snowflake.py
[2025-10-13T07:45:25.092+0000] {processor.py:840} INFO - DAG(s) 'minio_to_snowflake' retrieved from /opt/airflow/dags/minio_to_snowflake.py
[2025-10-13T07:45:25.116+0000] {logging_mixin.py:188} INFO - [2025-10-13T07:45:25.115+0000] {dag.py:3089} INFO - Sync 1 DAGs
[2025-10-13T07:45:25.135+0000] {logging_mixin.py:188} INFO - [2025-10-13T07:45:25.135+0000] {dag.py:3947} INFO - Setting next_dagrun for minio_to_snowflake to 2025-10-13 07:44:00+00:00, run_after=2025-10-13 07:45:00+00:00
[2025-10-13T07:45:25.153+0000] {processor.py:183} INFO - Processing /opt/airflow/dags/minio_to_snowflake.py took 0.810 seconds
[2025-10-13T07:45:55.377+0000] {processor.py:161} INFO - Started process (PID=9549) to work on /opt/airflow/dags/minio_to_snowflake.py
[2025-10-13T07:45:55.379+0000] {processor.py:830} INFO - Processing file /opt/airflow/dags/minio_to_snowflake.py for tasks to queue
[2025-10-13T07:45:55.381+0000] {logging_mixin.py:188} INFO - [2025-10-13T07:45:55.380+0000] {dagbag.py:545} INFO - Filling up the DagBag from /opt/airflow/dags/minio_to_snowflake.py
[2025-10-13T07:45:56.556+0000] {processor.py:840} INFO - DAG(s) 'minio_to_snowflake' retrieved from /opt/airflow/dags/minio_to_snowflake.py
[2025-10-13T07:45:56.584+0000] {logging_mixin.py:188} INFO - [2025-10-13T07:45:56.584+0000] {dag.py:3089} INFO - Sync 1 DAGs
[2025-10-13T07:45:56.615+0000] {logging_mixin.py:188} INFO - [2025-10-13T07:45:56.615+0000] {dag.py:3947} INFO - Setting next_dagrun for minio_to_snowflake to 2025-10-13 07:44:00+00:00, run_after=2025-10-13 07:45:00+00:00
[2025-10-13T07:45:56.642+0000] {processor.py:183} INFO - Processing /opt/airflow/dags/minio_to_snowflake.py took 1.269 seconds
[2025-10-13T07:46:26.857+0000] {processor.py:161} INFO - Started process (PID=9764) to work on /opt/airflow/dags/minio_to_snowflake.py
[2025-10-13T07:46:26.859+0000] {processor.py:830} INFO - Processing file /opt/airflow/dags/minio_to_snowflake.py for tasks to queue
[2025-10-13T07:46:26.861+0000] {logging_mixin.py:188} INFO - [2025-10-13T07:46:26.861+0000] {dagbag.py:545} INFO - Filling up the DagBag from /opt/airflow/dags/minio_to_snowflake.py
[2025-10-13T07:46:27.543+0000] {processor.py:840} INFO - DAG(s) 'minio_to_snowflake' retrieved from /opt/airflow/dags/minio_to_snowflake.py
[2025-10-13T07:46:27.567+0000] {logging_mixin.py:188} INFO - [2025-10-13T07:46:27.567+0000] {dag.py:3089} INFO - Sync 1 DAGs
[2025-10-13T07:46:27.588+0000] {logging_mixin.py:188} INFO - [2025-10-13T07:46:27.588+0000] {dag.py:3947} INFO - Setting next_dagrun for minio_to_snowflake to 2025-10-13 07:45:00+00:00, run_after=2025-10-13 07:46:00+00:00
[2025-10-13T07:46:27.606+0000] {processor.py:183} INFO - Processing /opt/airflow/dags/minio_to_snowflake.py took 0.756 seconds
[2025-10-13T07:46:57.778+0000] {processor.py:161} INFO - Started process (PID=9983) to work on /opt/airflow/dags/minio_to_snowflake.py
[2025-10-13T07:46:57.780+0000] {processor.py:830} INFO - Processing file /opt/airflow/dags/minio_to_snowflake.py for tasks to queue
[2025-10-13T07:46:57.782+0000] {logging_mixin.py:188} INFO - [2025-10-13T07:46:57.781+0000] {dagbag.py:545} INFO - Filling up the DagBag from /opt/airflow/dags/minio_to_snowflake.py
[2025-10-13T07:46:58.508+0000] {processor.py:840} INFO - DAG(s) 'minio_to_snowflake' retrieved from /opt/airflow/dags/minio_to_snowflake.py
[2025-10-13T07:46:58.533+0000] {logging_mixin.py:188} INFO - [2025-10-13T07:46:58.532+0000] {dag.py:3089} INFO - Sync 1 DAGs
[2025-10-13T07:46:58.553+0000] {logging_mixin.py:188} INFO - [2025-10-13T07:46:58.553+0000] {dag.py:3947} INFO - Setting next_dagrun for minio_to_snowflake to 2025-10-13 07:45:00+00:00, run_after=2025-10-13 07:46:00+00:00
[2025-10-13T07:46:58.573+0000] {processor.py:183} INFO - Processing /opt/airflow/dags/minio_to_snowflake.py took 0.800 seconds
[2025-10-13T07:47:28.788+0000] {processor.py:161} INFO - Started process (PID=10221) to work on /opt/airflow/dags/minio_to_snowflake.py
[2025-10-13T07:47:28.790+0000] {processor.py:830} INFO - Processing file /opt/airflow/dags/minio_to_snowflake.py for tasks to queue
[2025-10-13T07:47:28.792+0000] {logging_mixin.py:188} INFO - [2025-10-13T07:47:28.791+0000] {dagbag.py:545} INFO - Filling up the DagBag from /opt/airflow/dags/minio_to_snowflake.py
[2025-10-13T07:47:29.529+0000] {processor.py:840} INFO - DAG(s) 'minio_to_snowflake' retrieved from /opt/airflow/dags/minio_to_snowflake.py
[2025-10-13T07:47:29.554+0000] {logging_mixin.py:188} INFO - [2025-10-13T07:47:29.553+0000] {dag.py:3089} INFO - Sync 1 DAGs
[2025-10-13T07:47:29.576+0000] {logging_mixin.py:188} INFO - [2025-10-13T07:47:29.576+0000] {dag.py:3947} INFO - Setting next_dagrun for minio_to_snowflake to 2025-10-13 07:46:00+00:00, run_after=2025-10-13 07:47:00+00:00
[2025-10-13T07:47:29.595+0000] {processor.py:183} INFO - Processing /opt/airflow/dags/minio_to_snowflake.py took 0.812 seconds
[2025-10-13T07:47:59.794+0000] {processor.py:161} INFO - Started process (PID=11923) to work on /opt/airflow/dags/minio_to_snowflake.py
[2025-10-13T07:47:59.795+0000] {processor.py:830} INFO - Processing file /opt/airflow/dags/minio_to_snowflake.py for tasks to queue
[2025-10-13T07:47:59.797+0000] {logging_mixin.py:188} INFO - [2025-10-13T07:47:59.796+0000] {dagbag.py:545} INFO - Filling up the DagBag from /opt/airflow/dags/minio_to_snowflake.py
[2025-10-13T07:48:00.630+0000] {processor.py:840} INFO - DAG(s) 'minio_to_snowflake' retrieved from /opt/airflow/dags/minio_to_snowflake.py
[2025-10-13T07:48:00.660+0000] {logging_mixin.py:188} INFO - [2025-10-13T07:48:00.659+0000] {dag.py:3089} INFO - Sync 1 DAGs
[2025-10-13T07:48:00.680+0000] {logging_mixin.py:188} INFO - [2025-10-13T07:48:00.680+0000] {dag.py:3947} INFO - Setting next_dagrun for minio_to_snowflake to 2025-10-13 07:47:00+00:00, run_after=2025-10-13 07:48:00+00:00
[2025-10-13T07:48:00.697+0000] {processor.py:183} INFO - Processing /opt/airflow/dags/minio_to_snowflake.py took 0.909 seconds
[2025-10-13T07:48:30.922+0000] {processor.py:161} INFO - Started process (PID=12561) to work on /opt/airflow/dags/minio_to_snowflake.py
[2025-10-13T07:48:30.923+0000] {processor.py:830} INFO - Processing file /opt/airflow/dags/minio_to_snowflake.py for tasks to queue
[2025-10-13T07:48:30.925+0000] {logging_mixin.py:188} INFO - [2025-10-13T07:48:30.925+0000] {dagbag.py:545} INFO - Filling up the DagBag from /opt/airflow/dags/minio_to_snowflake.py
[2025-10-13T07:48:31.516+0000] {processor.py:840} INFO - DAG(s) 'minio_to_snowflake' retrieved from /opt/airflow/dags/minio_to_snowflake.py
[2025-10-13T07:48:31.538+0000] {logging_mixin.py:188} INFO - [2025-10-13T07:48:31.538+0000] {dag.py:3089} INFO - Sync 1 DAGs
[2025-10-13T07:48:31.556+0000] {logging_mixin.py:188} INFO - [2025-10-13T07:48:31.556+0000] {dag.py:3947} INFO - Setting next_dagrun for minio_to_snowflake to 2025-10-13 07:47:00+00:00, run_after=2025-10-13 07:48:00+00:00
[2025-10-13T07:48:31.573+0000] {processor.py:183} INFO - Processing /opt/airflow/dags/minio_to_snowflake.py took 0.656 seconds
[2025-10-13T07:49:01.815+0000] {processor.py:161} INFO - Started process (PID=12755) to work on /opt/airflow/dags/minio_to_snowflake.py
[2025-10-13T07:49:01.816+0000] {processor.py:830} INFO - Processing file /opt/airflow/dags/minio_to_snowflake.py for tasks to queue
[2025-10-13T07:49:01.818+0000] {logging_mixin.py:188} INFO - [2025-10-13T07:49:01.818+0000] {dagbag.py:545} INFO - Filling up the DagBag from /opt/airflow/dags/minio_to_snowflake.py
[2025-10-13T07:49:02.707+0000] {processor.py:840} INFO - DAG(s) 'minio_to_snowflake' retrieved from /opt/airflow/dags/minio_to_snowflake.py
[2025-10-13T07:49:02.739+0000] {logging_mixin.py:188} INFO - [2025-10-13T07:49:02.738+0000] {dag.py:3089} INFO - Sync 1 DAGs
[2025-10-13T07:49:02.774+0000] {logging_mixin.py:188} INFO - [2025-10-13T07:49:02.773+0000] {dag.py:3947} INFO - Setting next_dagrun for minio_to_snowflake to 2025-10-13 07:48:00+00:00, run_after=2025-10-13 07:49:00+00:00
[2025-10-13T07:49:02.811+0000] {processor.py:183} INFO - Processing /opt/airflow/dags/minio_to_snowflake.py took 1.002 seconds
[2025-10-13T07:49:33.046+0000] {processor.py:161} INFO - Started process (PID=12964) to work on /opt/airflow/dags/minio_to_snowflake.py
[2025-10-13T07:49:33.047+0000] {processor.py:830} INFO - Processing file /opt/airflow/dags/minio_to_snowflake.py for tasks to queue
[2025-10-13T07:49:33.049+0000] {logging_mixin.py:188} INFO - [2025-10-13T07:49:33.049+0000] {dagbag.py:545} INFO - Filling up the DagBag from /opt/airflow/dags/minio_to_snowflake.py
[2025-10-13T07:49:33.662+0000] {processor.py:840} INFO - DAG(s) 'minio_to_snowflake' retrieved from /opt/airflow/dags/minio_to_snowflake.py
[2025-10-13T07:49:33.685+0000] {logging_mixin.py:188} INFO - [2025-10-13T07:49:33.684+0000] {dag.py:3089} INFO - Sync 1 DAGs
[2025-10-13T07:49:33.706+0000] {logging_mixin.py:188} INFO - [2025-10-13T07:49:33.706+0000] {dag.py:3947} INFO - Setting next_dagrun for minio_to_snowflake to 2025-10-13 07:48:00+00:00, run_after=2025-10-13 07:49:00+00:00
[2025-10-13T07:49:33.725+0000] {processor.py:183} INFO - Processing /opt/airflow/dags/minio_to_snowflake.py took 0.683 seconds
[2025-10-13T07:50:03.942+0000] {processor.py:161} INFO - Started process (PID=13183) to work on /opt/airflow/dags/minio_to_snowflake.py
[2025-10-13T07:50:03.943+0000] {processor.py:830} INFO - Processing file /opt/airflow/dags/minio_to_snowflake.py for tasks to queue
[2025-10-13T07:50:03.945+0000] {logging_mixin.py:188} INFO - [2025-10-13T07:50:03.944+0000] {dagbag.py:545} INFO - Filling up the DagBag from /opt/airflow/dags/minio_to_snowflake.py
[2025-10-13T07:50:04.543+0000] {processor.py:840} INFO - DAG(s) 'minio_to_snowflake' retrieved from /opt/airflow/dags/minio_to_snowflake.py
[2025-10-13T07:50:04.564+0000] {logging_mixin.py:188} INFO - [2025-10-13T07:50:04.564+0000] {dag.py:3089} INFO - Sync 1 DAGs
[2025-10-13T07:50:04.584+0000] {logging_mixin.py:188} INFO - [2025-10-13T07:50:04.584+0000] {dag.py:3947} INFO - Setting next_dagrun for minio_to_snowflake to 2025-10-13 07:49:00+00:00, run_after=2025-10-13 07:50:00+00:00
[2025-10-13T07:50:04.603+0000] {processor.py:183} INFO - Processing /opt/airflow/dags/minio_to_snowflake.py took 0.666 seconds
[2025-10-13T07:50:34.817+0000] {processor.py:161} INFO - Started process (PID=13397) to work on /opt/airflow/dags/minio_to_snowflake.py
[2025-10-13T07:50:34.818+0000] {processor.py:830} INFO - Processing file /opt/airflow/dags/minio_to_snowflake.py for tasks to queue
[2025-10-13T07:50:34.820+0000] {logging_mixin.py:188} INFO - [2025-10-13T07:50:34.820+0000] {dagbag.py:545} INFO - Filling up the DagBag from /opt/airflow/dags/minio_to_snowflake.py
[2025-10-13T07:50:35.522+0000] {processor.py:840} INFO - DAG(s) 'minio_to_snowflake' retrieved from /opt/airflow/dags/minio_to_snowflake.py
[2025-10-13T07:50:35.544+0000] {logging_mixin.py:188} INFO - [2025-10-13T07:50:35.543+0000] {dag.py:3089} INFO - Sync 1 DAGs
[2025-10-13T07:50:35.563+0000] {logging_mixin.py:188} INFO - [2025-10-13T07:50:35.563+0000] {dag.py:3947} INFO - Setting next_dagrun for minio_to_snowflake to 2025-10-13 07:49:00+00:00, run_after=2025-10-13 07:50:00+00:00
[2025-10-13T07:50:35.579+0000] {processor.py:183} INFO - Processing /opt/airflow/dags/minio_to_snowflake.py took 0.768 seconds
[2025-10-13T07:51:05.649+0000] {processor.py:161} INFO - Started process (PID=15508) to work on /opt/airflow/dags/minio_to_snowflake.py
[2025-10-13T07:51:05.651+0000] {processor.py:830} INFO - Processing file /opt/airflow/dags/minio_to_snowflake.py for tasks to queue
[2025-10-13T07:51:05.653+0000] {logging_mixin.py:188} INFO - [2025-10-13T07:51:05.653+0000] {dagbag.py:545} INFO - Filling up the DagBag from /opt/airflow/dags/minio_to_snowflake.py
[2025-10-13T07:51:07.158+0000] {processor.py:840} INFO - DAG(s) 'minio_to_snowflake' retrieved from /opt/airflow/dags/minio_to_snowflake.py
[2025-10-13T07:51:07.200+0000] {logging_mixin.py:188} INFO - [2025-10-13T07:51:07.199+0000] {dag.py:3089} INFO - Sync 1 DAGs
[2025-10-13T07:51:07.248+0000] {logging_mixin.py:188} INFO - [2025-10-13T07:51:07.247+0000] {dag.py:3947} INFO - Setting next_dagrun for minio_to_snowflake to 2025-10-13 07:50:00+00:00, run_after=2025-10-13 07:51:00+00:00
[2025-10-13T07:51:07.290+0000] {processor.py:183} INFO - Processing /opt/airflow/dags/minio_to_snowflake.py took 1.650 seconds
[2025-10-13T07:51:37.540+0000] {processor.py:161} INFO - Started process (PID=15705) to work on /opt/airflow/dags/minio_to_snowflake.py
[2025-10-13T07:51:37.541+0000] {processor.py:830} INFO - Processing file /opt/airflow/dags/minio_to_snowflake.py for tasks to queue
[2025-10-13T07:51:37.543+0000] {logging_mixin.py:188} INFO - [2025-10-13T07:51:37.543+0000] {dagbag.py:545} INFO - Filling up the DagBag from /opt/airflow/dags/minio_to_snowflake.py
[2025-10-13T07:51:38.188+0000] {processor.py:840} INFO - DAG(s) 'minio_to_snowflake' retrieved from /opt/airflow/dags/minio_to_snowflake.py
[2025-10-13T07:51:38.209+0000] {logging_mixin.py:188} INFO - [2025-10-13T07:51:38.208+0000] {dag.py:3089} INFO - Sync 1 DAGs
[2025-10-13T07:51:38.227+0000] {logging_mixin.py:188} INFO - [2025-10-13T07:51:38.227+0000] {dag.py:3947} INFO - Setting next_dagrun for minio_to_snowflake to 2025-10-13 07:50:00+00:00, run_after=2025-10-13 07:51:00+00:00
[2025-10-13T07:51:38.245+0000] {processor.py:183} INFO - Processing /opt/airflow/dags/minio_to_snowflake.py took 0.712 seconds
[2025-10-13T07:52:08.539+0000] {processor.py:161} INFO - Started process (PID=15904) to work on /opt/airflow/dags/minio_to_snowflake.py
[2025-10-13T07:52:08.546+0000] {processor.py:830} INFO - Processing file /opt/airflow/dags/minio_to_snowflake.py for tasks to queue
[2025-10-13T07:52:08.549+0000] {logging_mixin.py:188} INFO - [2025-10-13T07:52:08.548+0000] {dagbag.py:545} INFO - Filling up the DagBag from /opt/airflow/dags/minio_to_snowflake.py
[2025-10-13T07:52:09.974+0000] {processor.py:840} INFO - DAG(s) 'minio_to_snowflake' retrieved from /opt/airflow/dags/minio_to_snowflake.py
[2025-10-13T07:52:10.008+0000] {logging_mixin.py:188} INFO - [2025-10-13T07:52:10.007+0000] {dag.py:3089} INFO - Sync 1 DAGs
[2025-10-13T07:52:10.037+0000] {logging_mixin.py:188} INFO - [2025-10-13T07:52:10.037+0000] {dag.py:3947} INFO - Setting next_dagrun for minio_to_snowflake to 2025-10-13 07:51:00+00:00, run_after=2025-10-13 07:52:00+00:00
[2025-10-13T07:52:10.060+0000] {processor.py:183} INFO - Processing /opt/airflow/dags/minio_to_snowflake.py took 1.528 seconds
[2025-10-13T07:52:40.285+0000] {processor.py:161} INFO - Started process (PID=16126) to work on /opt/airflow/dags/minio_to_snowflake.py
[2025-10-13T07:52:40.286+0000] {processor.py:830} INFO - Processing file /opt/airflow/dags/minio_to_snowflake.py for tasks to queue
[2025-10-13T07:52:40.288+0000] {logging_mixin.py:188} INFO - [2025-10-13T07:52:40.288+0000] {dagbag.py:545} INFO - Filling up the DagBag from /opt/airflow/dags/minio_to_snowflake.py
[2025-10-13T07:52:41.046+0000] {processor.py:840} INFO - DAG(s) 'minio_to_snowflake' retrieved from /opt/airflow/dags/minio_to_snowflake.py
[2025-10-13T07:52:41.070+0000] {logging_mixin.py:188} INFO - [2025-10-13T07:52:41.069+0000] {dag.py:3089} INFO - Sync 1 DAGs
[2025-10-13T07:52:41.092+0000] {logging_mixin.py:188} INFO - [2025-10-13T07:52:41.092+0000] {dag.py:3947} INFO - Setting next_dagrun for minio_to_snowflake to 2025-10-13 07:51:00+00:00, run_after=2025-10-13 07:52:00+00:00
[2025-10-13T07:52:41.107+0000] {processor.py:183} INFO - Processing /opt/airflow/dags/minio_to_snowflake.py took 0.830 seconds
[2025-10-13T07:53:11.316+0000] {processor.py:161} INFO - Started process (PID=16343) to work on /opt/airflow/dags/minio_to_snowflake.py
[2025-10-13T07:53:11.319+0000] {processor.py:830} INFO - Processing file /opt/airflow/dags/minio_to_snowflake.py for tasks to queue
[2025-10-13T07:53:11.322+0000] {logging_mixin.py:188} INFO - [2025-10-13T07:53:11.322+0000] {dagbag.py:545} INFO - Filling up the DagBag from /opt/airflow/dags/minio_to_snowflake.py
[2025-10-13T07:53:12.054+0000] {processor.py:840} INFO - DAG(s) 'minio_to_snowflake' retrieved from /opt/airflow/dags/minio_to_snowflake.py
[2025-10-13T07:53:12.078+0000] {logging_mixin.py:188} INFO - [2025-10-13T07:53:12.078+0000] {dag.py:3089} INFO - Sync 1 DAGs
[2025-10-13T07:53:12.103+0000] {logging_mixin.py:188} INFO - [2025-10-13T07:53:12.103+0000] {dag.py:3947} INFO - Setting next_dagrun for minio_to_snowflake to 2025-10-13 07:52:00+00:00, run_after=2025-10-13 07:53:00+00:00
[2025-10-13T07:53:12.121+0000] {processor.py:183} INFO - Processing /opt/airflow/dags/minio_to_snowflake.py took 0.814 seconds
[2025-10-13T07:53:42.323+0000] {processor.py:161} INFO - Started process (PID=18458) to work on /opt/airflow/dags/minio_to_snowflake.py
[2025-10-13T07:53:42.324+0000] {processor.py:830} INFO - Processing file /opt/airflow/dags/minio_to_snowflake.py for tasks to queue
[2025-10-13T07:53:42.326+0000] {logging_mixin.py:188} INFO - [2025-10-13T07:53:42.326+0000] {dagbag.py:545} INFO - Filling up the DagBag from /opt/airflow/dags/minio_to_snowflake.py
[2025-10-13T07:53:43.082+0000] {processor.py:840} INFO - DAG(s) 'minio_to_snowflake' retrieved from /opt/airflow/dags/minio_to_snowflake.py
[2025-10-13T07:53:43.118+0000] {logging_mixin.py:188} INFO - [2025-10-13T07:53:43.116+0000] {dag.py:3089} INFO - Sync 1 DAGs
[2025-10-13T07:53:43.146+0000] {logging_mixin.py:188} INFO - [2025-10-13T07:53:43.146+0000] {dag.py:3947} INFO - Setting next_dagrun for minio_to_snowflake to 2025-10-13 07:53:00+00:00, run_after=2025-10-13 07:54:00+00:00
[2025-10-13T07:53:43.167+0000] {processor.py:183} INFO - Processing /opt/airflow/dags/minio_to_snowflake.py took 0.850 seconds
[2025-10-13T07:54:13.362+0000] {processor.py:161} INFO - Started process (PID=18630) to work on /opt/airflow/dags/minio_to_snowflake.py
[2025-10-13T07:54:13.363+0000] {processor.py:830} INFO - Processing file /opt/airflow/dags/minio_to_snowflake.py for tasks to queue
[2025-10-13T07:54:13.367+0000] {logging_mixin.py:188} INFO - [2025-10-13T07:54:13.366+0000] {dagbag.py:545} INFO - Filling up the DagBag from /opt/airflow/dags/minio_to_snowflake.py
[2025-10-13T07:54:14.358+0000] {processor.py:840} INFO - DAG(s) 'minio_to_snowflake' retrieved from /opt/airflow/dags/minio_to_snowflake.py
[2025-10-13T07:54:14.384+0000] {logging_mixin.py:188} INFO - [2025-10-13T07:54:14.384+0000] {dag.py:3089} INFO - Sync 1 DAGs
[2025-10-13T07:54:14.407+0000] {logging_mixin.py:188} INFO - [2025-10-13T07:54:14.406+0000] {dag.py:3947} INFO - Setting next_dagrun for minio_to_snowflake to 2025-10-13 07:53:00+00:00, run_after=2025-10-13 07:54:00+00:00
[2025-10-13T07:54:14.426+0000] {processor.py:183} INFO - Processing /opt/airflow/dags/minio_to_snowflake.py took 1.073 seconds
[2025-10-13T07:54:44.632+0000] {processor.py:161} INFO - Started process (PID=18836) to work on /opt/airflow/dags/minio_to_snowflake.py
[2025-10-13T07:54:44.633+0000] {processor.py:830} INFO - Processing file /opt/airflow/dags/minio_to_snowflake.py for tasks to queue
[2025-10-13T07:54:44.635+0000] {logging_mixin.py:188} INFO - [2025-10-13T07:54:44.635+0000] {dagbag.py:545} INFO - Filling up the DagBag from /opt/airflow/dags/minio_to_snowflake.py
[2025-10-13T07:54:45.380+0000] {processor.py:840} INFO - DAG(s) 'minio_to_snowflake' retrieved from /opt/airflow/dags/minio_to_snowflake.py
[2025-10-13T07:54:45.404+0000] {logging_mixin.py:188} INFO - [2025-10-13T07:54:45.404+0000] {dag.py:3089} INFO - Sync 1 DAGs
[2025-10-13T07:54:45.427+0000] {logging_mixin.py:188} INFO - [2025-10-13T07:54:45.427+0000] {dag.py:3947} INFO - Setting next_dagrun for minio_to_snowflake to 2025-10-13 07:53:00+00:00, run_after=2025-10-13 07:54:00+00:00
[2025-10-13T07:54:45.450+0000] {processor.py:183} INFO - Processing /opt/airflow/dags/minio_to_snowflake.py took 0.825 seconds
[2025-10-13T07:55:15.749+0000] {processor.py:161} INFO - Started process (PID=19020) to work on /opt/airflow/dags/minio_to_snowflake.py
[2025-10-13T07:55:15.752+0000] {processor.py:830} INFO - Processing file /opt/airflow/dags/minio_to_snowflake.py for tasks to queue
[2025-10-13T07:55:15.755+0000] {logging_mixin.py:188} INFO - [2025-10-13T07:55:15.755+0000] {dagbag.py:545} INFO - Filling up the DagBag from /opt/airflow/dags/minio_to_snowflake.py
[2025-10-13T07:55:17.590+0000] {processor.py:840} INFO - DAG(s) 'minio_to_snowflake' retrieved from /opt/airflow/dags/minio_to_snowflake.py
[2025-10-13T07:55:17.624+0000] {logging_mixin.py:188} INFO - [2025-10-13T07:55:17.623+0000] {dag.py:3089} INFO - Sync 1 DAGs
[2025-10-13T07:55:17.657+0000] {logging_mixin.py:188} INFO - [2025-10-13T07:55:17.656+0000] {dag.py:3947} INFO - Setting next_dagrun for minio_to_snowflake to 2025-10-13 07:54:00+00:00, run_after=2025-10-13 07:55:00+00:00
[2025-10-13T07:55:17.688+0000] {processor.py:183} INFO - Processing /opt/airflow/dags/minio_to_snowflake.py took 1.949 seconds
[2025-10-13T07:55:47.963+0000] {processor.py:161} INFO - Started process (PID=19213) to work on /opt/airflow/dags/minio_to_snowflake.py
[2025-10-13T07:55:47.964+0000] {processor.py:830} INFO - Processing file /opt/airflow/dags/minio_to_snowflake.py for tasks to queue
[2025-10-13T07:55:47.967+0000] {logging_mixin.py:188} INFO - [2025-10-13T07:55:47.966+0000] {dagbag.py:545} INFO - Filling up the DagBag from /opt/airflow/dags/minio_to_snowflake.py
[2025-10-13T07:55:49.170+0000] {processor.py:840} INFO - DAG(s) 'minio_to_snowflake' retrieved from /opt/airflow/dags/minio_to_snowflake.py
[2025-10-13T07:55:49.197+0000] {logging_mixin.py:188} INFO - [2025-10-13T07:55:49.196+0000] {dag.py:3089} INFO - Sync 1 DAGs
[2025-10-13T07:55:49.219+0000] {logging_mixin.py:188} INFO - [2025-10-13T07:55:49.219+0000] {dag.py:3947} INFO - Setting next_dagrun for minio_to_snowflake to 2025-10-13 07:54:00+00:00, run_after=2025-10-13 07:55:00+00:00
[2025-10-13T07:55:49.267+0000] {processor.py:183} INFO - Processing /opt/airflow/dags/minio_to_snowflake.py took 1.312 seconds
[2025-10-13T07:56:19.744+0000] {processor.py:161} INFO - Started process (PID=19395) to work on /opt/airflow/dags/minio_to_snowflake.py
[2025-10-13T07:56:19.746+0000] {processor.py:830} INFO - Processing file /opt/airflow/dags/minio_to_snowflake.py for tasks to queue
[2025-10-13T07:56:19.749+0000] {logging_mixin.py:188} INFO - [2025-10-13T07:56:19.749+0000] {dagbag.py:545} INFO - Filling up the DagBag from /opt/airflow/dags/minio_to_snowflake.py
[2025-10-13T07:56:20.486+0000] {processor.py:840} INFO - DAG(s) 'minio_to_snowflake' retrieved from /opt/airflow/dags/minio_to_snowflake.py
[2025-10-13T07:56:20.513+0000] {logging_mixin.py:188} INFO - [2025-10-13T07:56:20.512+0000] {dag.py:3089} INFO - Sync 1 DAGs
[2025-10-13T07:56:20.538+0000] {logging_mixin.py:188} INFO - [2025-10-13T07:56:20.538+0000] {dag.py:3947} INFO - Setting next_dagrun for minio_to_snowflake to 2025-10-13 07:55:00+00:00, run_after=2025-10-13 07:56:00+00:00
[2025-10-13T07:56:20.557+0000] {processor.py:183} INFO - Processing /opt/airflow/dags/minio_to_snowflake.py took 0.820 seconds
[2025-10-13T07:56:50.896+0000] {processor.py:161} INFO - Started process (PID=21110) to work on /opt/airflow/dags/minio_to_snowflake.py
[2025-10-13T07:56:50.897+0000] {processor.py:830} INFO - Processing file /opt/airflow/dags/minio_to_snowflake.py for tasks to queue
[2025-10-13T07:56:50.899+0000] {logging_mixin.py:188} INFO - [2025-10-13T07:56:50.899+0000] {dagbag.py:545} INFO - Filling up the DagBag from /opt/airflow/dags/minio_to_snowflake.py
[2025-10-13T07:56:51.911+0000] {processor.py:840} INFO - DAG(s) 'minio_to_snowflake' retrieved from /opt/airflow/dags/minio_to_snowflake.py
[2025-10-13T07:56:51.934+0000] {logging_mixin.py:188} INFO - [2025-10-13T07:56:51.933+0000] {dag.py:3089} INFO - Sync 1 DAGs
[2025-10-13T07:56:51.957+0000] {logging_mixin.py:188} INFO - [2025-10-13T07:56:51.957+0000] {dag.py:3947} INFO - Setting next_dagrun for minio_to_snowflake to 2025-10-13 07:56:00+00:00, run_after=2025-10-13 07:57:00+00:00
[2025-10-13T07:56:51.977+0000] {processor.py:183} INFO - Processing /opt/airflow/dags/minio_to_snowflake.py took 1.087 seconds
[2025-10-13T07:57:22.156+0000] {processor.py:161} INFO - Started process (PID=21660) to work on /opt/airflow/dags/minio_to_snowflake.py
[2025-10-13T07:57:22.157+0000] {processor.py:830} INFO - Processing file /opt/airflow/dags/minio_to_snowflake.py for tasks to queue
[2025-10-13T07:57:22.160+0000] {logging_mixin.py:188} INFO - [2025-10-13T07:57:22.160+0000] {dagbag.py:545} INFO - Filling up the DagBag from /opt/airflow/dags/minio_to_snowflake.py
[2025-10-13T07:57:22.839+0000] {processor.py:840} INFO - DAG(s) 'minio_to_snowflake' retrieved from /opt/airflow/dags/minio_to_snowflake.py
[2025-10-13T07:57:22.861+0000] {logging_mixin.py:188} INFO - [2025-10-13T07:57:22.860+0000] {dag.py:3089} INFO - Sync 1 DAGs
[2025-10-13T07:57:22.880+0000] {logging_mixin.py:188} INFO - [2025-10-13T07:57:22.880+0000] {dag.py:3947} INFO - Setting next_dagrun for minio_to_snowflake to 2025-10-13 07:56:00+00:00, run_after=2025-10-13 07:57:00+00:00
[2025-10-13T07:57:22.899+0000] {processor.py:183} INFO - Processing /opt/airflow/dags/minio_to_snowflake.py took 0.754 seconds
[2025-10-13T07:57:53.130+0000] {processor.py:161} INFO - Started process (PID=21877) to work on /opt/airflow/dags/minio_to_snowflake.py
[2025-10-13T07:57:53.131+0000] {processor.py:830} INFO - Processing file /opt/airflow/dags/minio_to_snowflake.py for tasks to queue
[2025-10-13T07:57:53.134+0000] {logging_mixin.py:188} INFO - [2025-10-13T07:57:53.134+0000] {dagbag.py:545} INFO - Filling up the DagBag from /opt/airflow/dags/minio_to_snowflake.py
[2025-10-13T07:57:53.952+0000] {processor.py:840} INFO - DAG(s) 'minio_to_snowflake' retrieved from /opt/airflow/dags/minio_to_snowflake.py
[2025-10-13T07:57:53.991+0000] {logging_mixin.py:188} INFO - [2025-10-13T07:57:53.989+0000] {dag.py:3089} INFO - Sync 1 DAGs
[2025-10-13T07:57:54.018+0000] {logging_mixin.py:188} INFO - [2025-10-13T07:57:54.017+0000] {dag.py:3947} INFO - Setting next_dagrun for minio_to_snowflake to 2025-10-13 07:56:00+00:00, run_after=2025-10-13 07:57:00+00:00
[2025-10-13T07:57:54.042+0000] {processor.py:183} INFO - Processing /opt/airflow/dags/minio_to_snowflake.py took 0.920 seconds
[2025-10-13T07:58:24.282+0000] {processor.py:161} INFO - Started process (PID=22097) to work on /opt/airflow/dags/minio_to_snowflake.py
[2025-10-13T07:58:24.284+0000] {processor.py:830} INFO - Processing file /opt/airflow/dags/minio_to_snowflake.py for tasks to queue
[2025-10-13T07:58:24.287+0000] {logging_mixin.py:188} INFO - [2025-10-13T07:58:24.286+0000] {dagbag.py:545} INFO - Filling up the DagBag from /opt/airflow/dags/minio_to_snowflake.py
[2025-10-13T07:58:25.041+0000] {processor.py:840} INFO - DAG(s) 'minio_to_snowflake' retrieved from /opt/airflow/dags/minio_to_snowflake.py
[2025-10-13T07:58:25.064+0000] {logging_mixin.py:188} INFO - [2025-10-13T07:58:25.064+0000] {dag.py:3089} INFO - Sync 1 DAGs
[2025-10-13T07:58:25.086+0000] {logging_mixin.py:188} INFO - [2025-10-13T07:58:25.086+0000] {dag.py:3947} INFO - Setting next_dagrun for minio_to_snowflake to 2025-10-13 07:57:00+00:00, run_after=2025-10-13 07:58:00+00:00
[2025-10-13T07:58:25.105+0000] {processor.py:183} INFO - Processing /opt/airflow/dags/minio_to_snowflake.py took 0.832 seconds
[2025-10-13T07:58:55.406+0000] {processor.py:161} INFO - Started process (PID=22319) to work on /opt/airflow/dags/minio_to_snowflake.py
[2025-10-13T07:58:55.407+0000] {processor.py:830} INFO - Processing file /opt/airflow/dags/minio_to_snowflake.py for tasks to queue
[2025-10-13T07:58:55.409+0000] {logging_mixin.py:188} INFO - [2025-10-13T07:58:55.409+0000] {dagbag.py:545} INFO - Filling up the DagBag from /opt/airflow/dags/minio_to_snowflake.py
[2025-10-13T07:58:56.230+0000] {processor.py:840} INFO - DAG(s) 'minio_to_snowflake' retrieved from /opt/airflow/dags/minio_to_snowflake.py
[2025-10-13T07:58:56.252+0000] {logging_mixin.py:188} INFO - [2025-10-13T07:58:56.251+0000] {dag.py:3089} INFO - Sync 1 DAGs
[2025-10-13T07:58:56.273+0000] {logging_mixin.py:188} INFO - [2025-10-13T07:58:56.273+0000] {dag.py:3947} INFO - Setting next_dagrun for minio_to_snowflake to 2025-10-13 07:57:00+00:00, run_after=2025-10-13 07:58:00+00:00
[2025-10-13T07:58:56.289+0000] {processor.py:183} INFO - Processing /opt/airflow/dags/minio_to_snowflake.py took 0.889 seconds
[2025-10-13T07:59:26.601+0000] {processor.py:161} INFO - Started process (PID=22524) to work on /opt/airflow/dags/minio_to_snowflake.py
[2025-10-13T07:59:26.603+0000] {processor.py:830} INFO - Processing file /opt/airflow/dags/minio_to_snowflake.py for tasks to queue
[2025-10-13T07:59:26.605+0000] {logging_mixin.py:188} INFO - [2025-10-13T07:59:26.605+0000] {dagbag.py:545} INFO - Filling up the DagBag from /opt/airflow/dags/minio_to_snowflake.py
[2025-10-13T07:59:27.758+0000] {processor.py:840} INFO - DAG(s) 'minio_to_snowflake' retrieved from /opt/airflow/dags/minio_to_snowflake.py
[2025-10-13T07:59:27.795+0000] {logging_mixin.py:188} INFO - [2025-10-13T07:59:27.792+0000] {dag.py:3089} INFO - Sync 1 DAGs
[2025-10-13T07:59:27.833+0000] {logging_mixin.py:188} INFO - [2025-10-13T07:59:27.832+0000] {dag.py:3947} INFO - Setting next_dagrun for minio_to_snowflake to 2025-10-13 07:58:00+00:00, run_after=2025-10-13 07:59:00+00:00
[2025-10-13T07:59:27.862+0000] {processor.py:183} INFO - Processing /opt/airflow/dags/minio_to_snowflake.py took 1.268 seconds
[2025-10-13T07:59:58.058+0000] {processor.py:161} INFO - Started process (PID=24650) to work on /opt/airflow/dags/minio_to_snowflake.py
[2025-10-13T07:59:58.059+0000] {processor.py:830} INFO - Processing file /opt/airflow/dags/minio_to_snowflake.py for tasks to queue
[2025-10-13T07:59:58.062+0000] {logging_mixin.py:188} INFO - [2025-10-13T07:59:58.061+0000] {dagbag.py:545} INFO - Filling up the DagBag from /opt/airflow/dags/minio_to_snowflake.py
[2025-10-13T07:59:59.326+0000] {processor.py:840} INFO - DAG(s) 'minio_to_snowflake' retrieved from /opt/airflow/dags/minio_to_snowflake.py
[2025-10-13T07:59:59.406+0000] {logging_mixin.py:188} INFO - [2025-10-13T07:59:59.405+0000] {dag.py:3089} INFO - Sync 1 DAGs
[2025-10-13T07:59:59.484+0000] {logging_mixin.py:188} INFO - [2025-10-13T07:59:59.484+0000] {dag.py:3947} INFO - Setting next_dagrun for minio_to_snowflake to 2025-10-13 07:58:00+00:00, run_after=2025-10-13 07:59:00+00:00
[2025-10-13T07:59:59.516+0000] {processor.py:183} INFO - Processing /opt/airflow/dags/minio_to_snowflake.py took 1.463 seconds
[2025-10-13T08:00:29.735+0000] {processor.py:161} INFO - Started process (PID=24823) to work on /opt/airflow/dags/minio_to_snowflake.py
[2025-10-13T08:00:29.737+0000] {processor.py:830} INFO - Processing file /opt/airflow/dags/minio_to_snowflake.py for tasks to queue
[2025-10-13T08:00:29.739+0000] {logging_mixin.py:188} INFO - [2025-10-13T08:00:29.739+0000] {dagbag.py:545} INFO - Filling up the DagBag from /opt/airflow/dags/minio_to_snowflake.py
[2025-10-13T08:00:30.528+0000] {processor.py:840} INFO - DAG(s) 'minio_to_snowflake' retrieved from /opt/airflow/dags/minio_to_snowflake.py
[2025-10-13T08:00:30.552+0000] {logging_mixin.py:188} INFO - [2025-10-13T08:00:30.552+0000] {dag.py:3089} INFO - Sync 1 DAGs
[2025-10-13T08:00:30.575+0000] {logging_mixin.py:188} INFO - [2025-10-13T08:00:30.575+0000] {dag.py:3947} INFO - Setting next_dagrun for minio_to_snowflake to 2025-10-13 07:59:00+00:00, run_after=2025-10-13 08:00:00+00:00
[2025-10-13T08:00:30.595+0000] {processor.py:183} INFO - Processing /opt/airflow/dags/minio_to_snowflake.py took 0.867 seconds
[2025-10-13T08:01:00.851+0000] {processor.py:161} INFO - Started process (PID=24998) to work on /opt/airflow/dags/minio_to_snowflake.py
[2025-10-13T08:01:00.852+0000] {processor.py:830} INFO - Processing file /opt/airflow/dags/minio_to_snowflake.py for tasks to queue
[2025-10-13T08:01:00.855+0000] {logging_mixin.py:188} INFO - [2025-10-13T08:01:00.854+0000] {dagbag.py:545} INFO - Filling up the DagBag from /opt/airflow/dags/minio_to_snowflake.py
[2025-10-13T08:01:01.722+0000] {processor.py:840} INFO - DAG(s) 'minio_to_snowflake' retrieved from /opt/airflow/dags/minio_to_snowflake.py
[2025-10-13T08:01:01.753+0000] {logging_mixin.py:188} INFO - [2025-10-13T08:01:01.752+0000] {dag.py:3089} INFO - Sync 1 DAGs
[2025-10-13T08:01:01.777+0000] {logging_mixin.py:188} INFO - [2025-10-13T08:01:01.777+0000] {dag.py:3947} INFO - Setting next_dagrun for minio_to_snowflake to 2025-10-13 08:00:00+00:00, run_after=2025-10-13 08:01:00+00:00
[2025-10-13T08:01:01.798+0000] {processor.py:183} INFO - Processing /opt/airflow/dags/minio_to_snowflake.py took 0.957 seconds
[2025-10-13T08:01:32.027+0000] {processor.py:161} INFO - Started process (PID=25175) to work on /opt/airflow/dags/minio_to_snowflake.py
[2025-10-13T08:01:32.029+0000] {processor.py:830} INFO - Processing file /opt/airflow/dags/minio_to_snowflake.py for tasks to queue
[2025-10-13T08:01:32.032+0000] {logging_mixin.py:188} INFO - [2025-10-13T08:01:32.031+0000] {dagbag.py:545} INFO - Filling up the DagBag from /opt/airflow/dags/minio_to_snowflake.py
[2025-10-13T08:01:32.870+0000] {processor.py:840} INFO - DAG(s) 'minio_to_snowflake' retrieved from /opt/airflow/dags/minio_to_snowflake.py
[2025-10-13T08:01:32.893+0000] {logging_mixin.py:188} INFO - [2025-10-13T08:01:32.892+0000] {dag.py:3089} INFO - Sync 1 DAGs
[2025-10-13T08:01:32.917+0000] {logging_mixin.py:188} INFO - [2025-10-13T08:01:32.916+0000] {dag.py:3947} INFO - Setting next_dagrun for minio_to_snowflake to 2025-10-13 08:00:00+00:00, run_after=2025-10-13 08:01:00+00:00
[2025-10-13T08:01:32.940+0000] {processor.py:183} INFO - Processing /opt/airflow/dags/minio_to_snowflake.py took 0.919 seconds
[2025-10-13T08:02:03.058+0000] {processor.py:161} INFO - Started process (PID=25366) to work on /opt/airflow/dags/minio_to_snowflake.py
[2025-10-13T08:02:03.060+0000] {processor.py:830} INFO - Processing file /opt/airflow/dags/minio_to_snowflake.py for tasks to queue
[2025-10-13T08:02:03.065+0000] {logging_mixin.py:188} INFO - [2025-10-13T08:02:03.064+0000] {dagbag.py:545} INFO - Filling up the DagBag from /opt/airflow/dags/minio_to_snowflake.py
[2025-10-13T08:02:04.028+0000] {processor.py:840} INFO - DAG(s) 'minio_to_snowflake' retrieved from /opt/airflow/dags/minio_to_snowflake.py
[2025-10-13T08:02:04.061+0000] {logging_mixin.py:188} INFO - [2025-10-13T08:02:04.061+0000] {dag.py:3089} INFO - Sync 1 DAGs
[2025-10-13T08:02:04.089+0000] {logging_mixin.py:188} INFO - [2025-10-13T08:02:04.089+0000] {dag.py:3947} INFO - Setting next_dagrun for minio_to_snowflake to 2025-10-13 08:01:00+00:00, run_after=2025-10-13 08:02:00+00:00
[2025-10-13T08:02:04.112+0000] {processor.py:183} INFO - Processing /opt/airflow/dags/minio_to_snowflake.py took 1.069 seconds
[2025-10-13T08:02:34.363+0000] {processor.py:161} INFO - Started process (PID=25544) to work on /opt/airflow/dags/minio_to_snowflake.py
[2025-10-13T08:02:34.364+0000] {processor.py:830} INFO - Processing file /opt/airflow/dags/minio_to_snowflake.py for tasks to queue
[2025-10-13T08:02:34.366+0000] {logging_mixin.py:188} INFO - [2025-10-13T08:02:34.366+0000] {dagbag.py:545} INFO - Filling up the DagBag from /opt/airflow/dags/minio_to_snowflake.py
[2025-10-13T08:02:35.159+0000] {processor.py:840} INFO - DAG(s) 'minio_to_snowflake' retrieved from /opt/airflow/dags/minio_to_snowflake.py
[2025-10-13T08:02:35.184+0000] {logging_mixin.py:188} INFO - [2025-10-13T08:02:35.183+0000] {dag.py:3089} INFO - Sync 1 DAGs
[2025-10-13T08:02:35.206+0000] {logging_mixin.py:188} INFO - [2025-10-13T08:02:35.206+0000] {dag.py:3947} INFO - Setting next_dagrun for minio_to_snowflake to 2025-10-13 08:01:00+00:00, run_after=2025-10-13 08:02:00+00:00
[2025-10-13T08:02:35.227+0000] {processor.py:183} INFO - Processing /opt/airflow/dags/minio_to_snowflake.py took 0.870 seconds
[2025-10-13T08:03:05.432+0000] {processor.py:161} INFO - Started process (PID=27652) to work on /opt/airflow/dags/minio_to_snowflake.py
[2025-10-13T08:03:05.433+0000] {processor.py:830} INFO - Processing file /opt/airflow/dags/minio_to_snowflake.py for tasks to queue
[2025-10-13T08:03:05.435+0000] {logging_mixin.py:188} INFO - [2025-10-13T08:03:05.435+0000] {dagbag.py:545} INFO - Filling up the DagBag from /opt/airflow/dags/minio_to_snowflake.py
[2025-10-13T08:03:06.122+0000] {processor.py:840} INFO - DAG(s) 'minio_to_snowflake' retrieved from /opt/airflow/dags/minio_to_snowflake.py
[2025-10-13T08:03:06.146+0000] {logging_mixin.py:188} INFO - [2025-10-13T08:03:06.146+0000] {dag.py:3089} INFO - Sync 1 DAGs
[2025-10-13T08:03:06.167+0000] {logging_mixin.py:188} INFO - [2025-10-13T08:03:06.167+0000] {dag.py:3947} INFO - Setting next_dagrun for minio_to_snowflake to 2025-10-13 08:02:00+00:00, run_after=2025-10-13 08:03:00+00:00
[2025-10-13T08:03:06.187+0000] {processor.py:183} INFO - Processing /opt/airflow/dags/minio_to_snowflake.py took 0.761 seconds
[2025-10-13T08:03:36.423+0000] {processor.py:161} INFO - Started process (PID=27851) to work on /opt/airflow/dags/minio_to_snowflake.py
[2025-10-13T08:03:36.428+0000] {processor.py:830} INFO - Processing file /opt/airflow/dags/minio_to_snowflake.py for tasks to queue
[2025-10-13T08:03:36.430+0000] {logging_mixin.py:188} INFO - [2025-10-13T08:03:36.430+0000] {dagbag.py:545} INFO - Filling up the DagBag from /opt/airflow/dags/minio_to_snowflake.py
[2025-10-13T08:03:37.139+0000] {processor.py:840} INFO - DAG(s) 'minio_to_snowflake' retrieved from /opt/airflow/dags/minio_to_snowflake.py
[2025-10-13T08:03:37.163+0000] {logging_mixin.py:188} INFO - [2025-10-13T08:03:37.163+0000] {dag.py:3089} INFO - Sync 1 DAGs
[2025-10-13T08:03:37.184+0000] {logging_mixin.py:188} INFO - [2025-10-13T08:03:37.184+0000] {dag.py:3947} INFO - Setting next_dagrun for minio_to_snowflake to 2025-10-13 08:02:00+00:00, run_after=2025-10-13 08:03:00+00:00
[2025-10-13T08:03:37.202+0000] {processor.py:183} INFO - Processing /opt/airflow/dags/minio_to_snowflake.py took 0.785 seconds
[2025-10-13T08:04:07.446+0000] {processor.py:161} INFO - Started process (PID=28058) to work on /opt/airflow/dags/minio_to_snowflake.py
[2025-10-13T08:04:07.448+0000] {processor.py:830} INFO - Processing file /opt/airflow/dags/minio_to_snowflake.py for tasks to queue
[2025-10-13T08:04:07.451+0000] {logging_mixin.py:188} INFO - [2025-10-13T08:04:07.450+0000] {dagbag.py:545} INFO - Filling up the DagBag from /opt/airflow/dags/minio_to_snowflake.py
[2025-10-13T08:04:08.262+0000] {processor.py:840} INFO - DAG(s) 'minio_to_snowflake' retrieved from /opt/airflow/dags/minio_to_snowflake.py
[2025-10-13T08:04:08.282+0000] {logging_mixin.py:188} INFO - [2025-10-13T08:04:08.282+0000] {dag.py:3089} INFO - Sync 1 DAGs
[2025-10-13T08:04:08.303+0000] {logging_mixin.py:188} INFO - [2025-10-13T08:04:08.303+0000] {dag.py:3947} INFO - Setting next_dagrun for minio_to_snowflake to 2025-10-13 08:03:00+00:00, run_after=2025-10-13 08:04:00+00:00
[2025-10-13T08:04:08.319+0000] {processor.py:183} INFO - Processing /opt/airflow/dags/minio_to_snowflake.py took 0.887 seconds
[2025-10-13T08:04:39.322+0000] {processor.py:161} INFO - Started process (PID=28231) to work on /opt/airflow/dags/minio_to_snowflake.py
[2025-10-13T08:04:39.338+0000] {processor.py:830} INFO - Processing file /opt/airflow/dags/minio_to_snowflake.py for tasks to queue
[2025-10-13T08:04:39.348+0000] {logging_mixin.py:188} INFO - [2025-10-13T08:04:39.347+0000] {dagbag.py:545} INFO - Filling up the DagBag from /opt/airflow/dags/minio_to_snowflake.py
[2025-10-13T08:04:46.484+0000] {processor.py:840} INFO - DAG(s) 'minio_to_snowflake' retrieved from /opt/airflow/dags/minio_to_snowflake.py
[2025-10-13T08:04:46.730+0000] {logging_mixin.py:188} INFO - [2025-10-13T08:04:46.722+0000] {dag.py:3089} INFO - Sync 1 DAGs
[2025-10-13T08:04:46.796+0000] {logging_mixin.py:188} INFO - [2025-10-13T08:04:46.796+0000] {dag.py:3947} INFO - Setting next_dagrun for minio_to_snowflake to 2025-10-13 08:03:00+00:00, run_after=2025-10-13 08:04:00+00:00
[2025-10-13T08:04:47.004+0000] {processor.py:183} INFO - Processing /opt/airflow/dags/minio_to_snowflake.py took 7.699 seconds
[2025-10-13T08:05:17.800+0000] {processor.py:161} INFO - Started process (PID=28375) to work on /opt/airflow/dags/minio_to_snowflake.py
[2025-10-13T08:05:17.801+0000] {processor.py:830} INFO - Processing file /opt/airflow/dags/minio_to_snowflake.py for tasks to queue
[2025-10-13T08:05:17.804+0000] {logging_mixin.py:188} INFO - [2025-10-13T08:05:17.803+0000] {dagbag.py:545} INFO - Filling up the DagBag from /opt/airflow/dags/minio_to_snowflake.py
[2025-10-13T08:05:18.620+0000] {processor.py:840} INFO - DAG(s) 'minio_to_snowflake' retrieved from /opt/airflow/dags/minio_to_snowflake.py
[2025-10-13T08:05:18.662+0000] {logging_mixin.py:188} INFO - [2025-10-13T08:05:18.660+0000] {dag.py:3089} INFO - Sync 1 DAGs
[2025-10-13T08:05:18.710+0000] {logging_mixin.py:188} INFO - [2025-10-13T08:05:18.709+0000] {dag.py:3947} INFO - Setting next_dagrun for minio_to_snowflake to 2025-10-13 08:04:00+00:00, run_after=2025-10-13 08:05:00+00:00
[2025-10-13T08:05:18.738+0000] {processor.py:183} INFO - Processing /opt/airflow/dags/minio_to_snowflake.py took 0.949 seconds
[2025-10-13T08:05:49.027+0000] {processor.py:161} INFO - Started process (PID=28564) to work on /opt/airflow/dags/minio_to_snowflake.py
[2025-10-13T08:05:49.032+0000] {processor.py:830} INFO - Processing file /opt/airflow/dags/minio_to_snowflake.py for tasks to queue
[2025-10-13T08:05:49.041+0000] {logging_mixin.py:188} INFO - [2025-10-13T08:05:49.040+0000] {dagbag.py:545} INFO - Filling up the DagBag from /opt/airflow/dags/minio_to_snowflake.py
[2025-10-13T08:05:50.198+0000] {processor.py:840} INFO - DAG(s) 'minio_to_snowflake' retrieved from /opt/airflow/dags/minio_to_snowflake.py
[2025-10-13T08:05:50.240+0000] {logging_mixin.py:188} INFO - [2025-10-13T08:05:50.239+0000] {dag.py:3089} INFO - Sync 1 DAGs
[2025-10-13T08:05:50.275+0000] {logging_mixin.py:188} INFO - [2025-10-13T08:05:50.274+0000] {dag.py:3947} INFO - Setting next_dagrun for minio_to_snowflake to 2025-10-13 08:04:00+00:00, run_after=2025-10-13 08:05:00+00:00
[2025-10-13T08:05:50.330+0000] {processor.py:183} INFO - Processing /opt/airflow/dags/minio_to_snowflake.py took 1.324 seconds
[2025-10-13T08:06:20.650+0000] {processor.py:161} INFO - Started process (PID=30615) to work on /opt/airflow/dags/minio_to_snowflake.py
[2025-10-13T08:06:20.651+0000] {processor.py:830} INFO - Processing file /opt/airflow/dags/minio_to_snowflake.py for tasks to queue
[2025-10-13T08:06:20.654+0000] {logging_mixin.py:188} INFO - [2025-10-13T08:06:20.653+0000] {dagbag.py:545} INFO - Filling up the DagBag from /opt/airflow/dags/minio_to_snowflake.py
[2025-10-13T08:06:21.727+0000] {processor.py:840} INFO - DAG(s) 'minio_to_snowflake' retrieved from /opt/airflow/dags/minio_to_snowflake.py
[2025-10-13T08:06:21.756+0000] {logging_mixin.py:188} INFO - [2025-10-13T08:06:21.755+0000] {dag.py:3089} INFO - Sync 1 DAGs
[2025-10-13T08:06:21.787+0000] {logging_mixin.py:188} INFO - [2025-10-13T08:06:21.787+0000] {dag.py:3947} INFO - Setting next_dagrun for minio_to_snowflake to 2025-10-13 08:05:00+00:00, run_after=2025-10-13 08:06:00+00:00
[2025-10-13T08:06:21.810+0000] {processor.py:183} INFO - Processing /opt/airflow/dags/minio_to_snowflake.py took 1.170 seconds
[2025-10-13T08:06:51.982+0000] {processor.py:161} INFO - Started process (PID=30769) to work on /opt/airflow/dags/minio_to_snowflake.py
[2025-10-13T08:06:51.985+0000] {processor.py:830} INFO - Processing file /opt/airflow/dags/minio_to_snowflake.py for tasks to queue
[2025-10-13T08:06:51.990+0000] {logging_mixin.py:188} INFO - [2025-10-13T08:06:51.989+0000] {dagbag.py:545} INFO - Filling up the DagBag from /opt/airflow/dags/minio_to_snowflake.py
[2025-10-13T08:06:52.937+0000] {processor.py:840} INFO - DAG(s) 'minio_to_snowflake' retrieved from /opt/airflow/dags/minio_to_snowflake.py
[2025-10-13T08:06:52.966+0000] {logging_mixin.py:188} INFO - [2025-10-13T08:06:52.966+0000] {dag.py:3089} INFO - Sync 1 DAGs
[2025-10-13T08:06:52.996+0000] {logging_mixin.py:188} INFO - [2025-10-13T08:06:52.996+0000] {dag.py:3947} INFO - Setting next_dagrun for minio_to_snowflake to 2025-10-13 08:05:00+00:00, run_after=2025-10-13 08:06:00+00:00
[2025-10-13T08:06:53.020+0000] {processor.py:183} INFO - Processing /opt/airflow/dags/minio_to_snowflake.py took 1.049 seconds
[2025-10-13T08:07:23.380+0000] {processor.py:161} INFO - Started process (PID=30982) to work on /opt/airflow/dags/minio_to_snowflake.py
[2025-10-13T08:07:23.381+0000] {processor.py:830} INFO - Processing file /opt/airflow/dags/minio_to_snowflake.py for tasks to queue
[2025-10-13T08:07:23.384+0000] {logging_mixin.py:188} INFO - [2025-10-13T08:07:23.383+0000] {dagbag.py:545} INFO - Filling up the DagBag from /opt/airflow/dags/minio_to_snowflake.py
[2025-10-13T08:07:24.236+0000] {processor.py:840} INFO - DAG(s) 'minio_to_snowflake' retrieved from /opt/airflow/dags/minio_to_snowflake.py
[2025-10-13T08:07:24.262+0000] {logging_mixin.py:188} INFO - [2025-10-13T08:07:24.261+0000] {dag.py:3089} INFO - Sync 1 DAGs
[2025-10-13T08:07:24.294+0000] {logging_mixin.py:188} INFO - [2025-10-13T08:07:24.294+0000] {dag.py:3947} INFO - Setting next_dagrun for minio_to_snowflake to 2025-10-13 08:06:00+00:00, run_after=2025-10-13 08:07:00+00:00
[2025-10-13T08:07:24.315+0000] {processor.py:183} INFO - Processing /opt/airflow/dags/minio_to_snowflake.py took 0.950 seconds
[2025-10-13T08:07:54.737+0000] {processor.py:161} INFO - Started process (PID=31191) to work on /opt/airflow/dags/minio_to_snowflake.py
[2025-10-13T08:07:54.739+0000] {processor.py:830} INFO - Processing file /opt/airflow/dags/minio_to_snowflake.py for tasks to queue
[2025-10-13T08:07:54.741+0000] {logging_mixin.py:188} INFO - [2025-10-13T08:07:54.741+0000] {dagbag.py:545} INFO - Filling up the DagBag from /opt/airflow/dags/minio_to_snowflake.py
[2025-10-13T08:07:56.067+0000] {processor.py:840} INFO - DAG(s) 'minio_to_snowflake' retrieved from /opt/airflow/dags/minio_to_snowflake.py
[2025-10-13T08:07:56.157+0000] {logging_mixin.py:188} INFO - [2025-10-13T08:07:56.156+0000] {dag.py:3089} INFO - Sync 1 DAGs
[2025-10-13T08:07:56.248+0000] {logging_mixin.py:188} INFO - [2025-10-13T08:07:56.237+0000] {dag.py:3947} INFO - Setting next_dagrun for minio_to_snowflake to 2025-10-13 08:06:00+00:00, run_after=2025-10-13 08:07:00+00:00
[2025-10-13T08:07:56.324+0000] {processor.py:183} INFO - Processing /opt/airflow/dags/minio_to_snowflake.py took 1.593 seconds
[2025-10-13T08:08:26.602+0000] {processor.py:161} INFO - Started process (PID=31383) to work on /opt/airflow/dags/minio_to_snowflake.py
[2025-10-13T08:08:26.603+0000] {processor.py:830} INFO - Processing file /opt/airflow/dags/minio_to_snowflake.py for tasks to queue
[2025-10-13T08:08:26.606+0000] {logging_mixin.py:188} INFO - [2025-10-13T08:08:26.605+0000] {dagbag.py:545} INFO - Filling up the DagBag from /opt/airflow/dags/minio_to_snowflake.py
[2025-10-13T08:08:27.458+0000] {processor.py:840} INFO - DAG(s) 'minio_to_snowflake' retrieved from /opt/airflow/dags/minio_to_snowflake.py
[2025-10-13T08:08:27.499+0000] {logging_mixin.py:188} INFO - [2025-10-13T08:08:27.498+0000] {dag.py:3089} INFO - Sync 1 DAGs
[2025-10-13T08:08:27.521+0000] {logging_mixin.py:188} INFO - [2025-10-13T08:08:27.521+0000] {dag.py:3947} INFO - Setting next_dagrun for minio_to_snowflake to 2025-10-13 08:07:00+00:00, run_after=2025-10-13 08:08:00+00:00
[2025-10-13T08:08:27.542+0000] {processor.py:183} INFO - Processing /opt/airflow/dags/minio_to_snowflake.py took 0.950 seconds
[2025-10-13T08:08:58.086+0000] {processor.py:161} INFO - Started process (PID=31580) to work on /opt/airflow/dags/minio_to_snowflake.py
[2025-10-13T08:08:58.088+0000] {processor.py:830} INFO - Processing file /opt/airflow/dags/minio_to_snowflake.py for tasks to queue
[2025-10-13T08:08:58.090+0000] {logging_mixin.py:188} INFO - [2025-10-13T08:08:58.090+0000] {dagbag.py:545} INFO - Filling up the DagBag from /opt/airflow/dags/minio_to_snowflake.py
[2025-10-13T08:08:59.188+0000] {processor.py:840} INFO - DAG(s) 'minio_to_snowflake' retrieved from /opt/airflow/dags/minio_to_snowflake.py
[2025-10-13T08:08:59.250+0000] {logging_mixin.py:188} INFO - [2025-10-13T08:08:59.249+0000] {dag.py:3089} INFO - Sync 1 DAGs
[2025-10-13T08:08:59.281+0000] {logging_mixin.py:188} INFO - [2025-10-13T08:08:59.281+0000] {dag.py:3947} INFO - Setting next_dagrun for minio_to_snowflake to 2025-10-13 08:07:00+00:00, run_after=2025-10-13 08:08:00+00:00
[2025-10-13T08:08:59.315+0000] {processor.py:183} INFO - Processing /opt/airflow/dags/minio_to_snowflake.py took 1.241 seconds
[2025-10-13T08:09:29.597+0000] {processor.py:161} INFO - Started process (PID=31645) to work on /opt/airflow/dags/minio_to_snowflake.py
[2025-10-13T08:09:29.599+0000] {processor.py:830} INFO - Processing file /opt/airflow/dags/minio_to_snowflake.py for tasks to queue
[2025-10-13T08:09:29.602+0000] {logging_mixin.py:188} INFO - [2025-10-13T08:09:29.601+0000] {dagbag.py:545} INFO - Filling up the DagBag from /opt/airflow/dags/minio_to_snowflake.py
[2025-10-13T08:09:30.543+0000] {processor.py:840} INFO - DAG(s) 'minio_to_snowflake' retrieved from /opt/airflow/dags/minio_to_snowflake.py
[2025-10-13T08:09:30.567+0000] {logging_mixin.py:188} INFO - [2025-10-13T08:09:30.566+0000] {dag.py:3089} INFO - Sync 1 DAGs
[2025-10-13T08:09:30.594+0000] {logging_mixin.py:188} INFO - [2025-10-13T08:09:30.594+0000] {dag.py:3947} INFO - Setting next_dagrun for minio_to_snowflake to 2025-10-13 08:08:00+00:00, run_after=2025-10-13 08:09:00+00:00
[2025-10-13T08:09:30.623+0000] {processor.py:183} INFO - Processing /opt/airflow/dags/minio_to_snowflake.py took 1.036 seconds
[2025-10-13T08:10:00.973+0000] {processor.py:161} INFO - Started process (PID=33714) to work on /opt/airflow/dags/minio_to_snowflake.py
[2025-10-13T08:10:00.975+0000] {processor.py:830} INFO - Processing file /opt/airflow/dags/minio_to_snowflake.py for tasks to queue
[2025-10-13T08:10:00.977+0000] {logging_mixin.py:188} INFO - [2025-10-13T08:10:00.977+0000] {dagbag.py:545} INFO - Filling up the DagBag from /opt/airflow/dags/minio_to_snowflake.py
[2025-10-13T08:10:01.802+0000] {processor.py:840} INFO - DAG(s) 'minio_to_snowflake' retrieved from /opt/airflow/dags/minio_to_snowflake.py
[2025-10-13T08:10:01.826+0000] {logging_mixin.py:188} INFO - [2025-10-13T08:10:01.826+0000] {dag.py:3089} INFO - Sync 1 DAGs
[2025-10-13T08:10:01.851+0000] {logging_mixin.py:188} INFO - [2025-10-13T08:10:01.851+0000] {dag.py:3947} INFO - Setting next_dagrun for minio_to_snowflake to 2025-10-13 08:09:00+00:00, run_after=2025-10-13 08:10:00+00:00
[2025-10-13T08:10:01.873+0000] {processor.py:183} INFO - Processing /opt/airflow/dags/minio_to_snowflake.py took 0.908 seconds
[2025-10-13T08:10:32.160+0000] {processor.py:161} INFO - Started process (PID=33907) to work on /opt/airflow/dags/minio_to_snowflake.py
[2025-10-13T08:10:32.161+0000] {processor.py:830} INFO - Processing file /opt/airflow/dags/minio_to_snowflake.py for tasks to queue
[2025-10-13T08:10:32.164+0000] {logging_mixin.py:188} INFO - [2025-10-13T08:10:32.163+0000] {dagbag.py:545} INFO - Filling up the DagBag from /opt/airflow/dags/minio_to_snowflake.py
[2025-10-13T08:10:33.158+0000] {processor.py:840} INFO - DAG(s) 'minio_to_snowflake' retrieved from /opt/airflow/dags/minio_to_snowflake.py
[2025-10-13T08:10:33.189+0000] {logging_mixin.py:188} INFO - [2025-10-13T08:10:33.187+0000] {dag.py:3089} INFO - Sync 1 DAGs
[2025-10-13T08:10:33.217+0000] {logging_mixin.py:188} INFO - [2025-10-13T08:10:33.217+0000] {dag.py:3947} INFO - Setting next_dagrun for minio_to_snowflake to 2025-10-13 08:09:00+00:00, run_after=2025-10-13 08:10:00+00:00
[2025-10-13T08:10:33.240+0000] {processor.py:183} INFO - Processing /opt/airflow/dags/minio_to_snowflake.py took 1.087 seconds
[2025-10-13T08:11:03.518+0000] {processor.py:161} INFO - Started process (PID=34108) to work on /opt/airflow/dags/minio_to_snowflake.py
[2025-10-13T08:11:03.521+0000] {processor.py:830} INFO - Processing file /opt/airflow/dags/minio_to_snowflake.py for tasks to queue
[2025-10-13T08:11:03.527+0000] {logging_mixin.py:188} INFO - [2025-10-13T08:11:03.526+0000] {dagbag.py:545} INFO - Filling up the DagBag from /opt/airflow/dags/minio_to_snowflake.py
[2025-10-13T08:11:04.715+0000] {processor.py:840} INFO - DAG(s) 'minio_to_snowflake' retrieved from /opt/airflow/dags/minio_to_snowflake.py
[2025-10-13T08:11:04.741+0000] {logging_mixin.py:188} INFO - [2025-10-13T08:11:04.740+0000] {dag.py:3089} INFO - Sync 1 DAGs
[2025-10-13T08:11:04.770+0000] {logging_mixin.py:188} INFO - [2025-10-13T08:11:04.770+0000] {dag.py:3947} INFO - Setting next_dagrun for minio_to_snowflake to 2025-10-13 08:10:00+00:00, run_after=2025-10-13 08:11:00+00:00
[2025-10-13T08:11:04.794+0000] {processor.py:183} INFO - Processing /opt/airflow/dags/minio_to_snowflake.py took 1.291 seconds
[2025-10-13T08:11:35.038+0000] {processor.py:161} INFO - Started process (PID=34286) to work on /opt/airflow/dags/minio_to_snowflake.py
[2025-10-13T08:11:35.040+0000] {processor.py:830} INFO - Processing file /opt/airflow/dags/minio_to_snowflake.py for tasks to queue
[2025-10-13T08:11:35.042+0000] {logging_mixin.py:188} INFO - [2025-10-13T08:11:35.042+0000] {dagbag.py:545} INFO - Filling up the DagBag from /opt/airflow/dags/minio_to_snowflake.py
[2025-10-13T08:11:37.209+0000] {processor.py:840} INFO - DAG(s) 'minio_to_snowflake' retrieved from /opt/airflow/dags/minio_to_snowflake.py
[2025-10-13T08:11:37.235+0000] {logging_mixin.py:188} INFO - [2025-10-13T08:11:37.235+0000] {dag.py:3089} INFO - Sync 1 DAGs
[2025-10-13T08:11:37.256+0000] {logging_mixin.py:188} INFO - [2025-10-13T08:11:37.256+0000] {dag.py:3947} INFO - Setting next_dagrun for minio_to_snowflake to 2025-10-13 08:10:00+00:00, run_after=2025-10-13 08:11:00+00:00
[2025-10-13T08:11:37.273+0000] {processor.py:183} INFO - Processing /opt/airflow/dags/minio_to_snowflake.py took 2.242 seconds
[2025-10-13T08:12:07.542+0000] {processor.py:161} INFO - Started process (PID=34481) to work on /opt/airflow/dags/minio_to_snowflake.py
[2025-10-13T08:12:07.544+0000] {processor.py:830} INFO - Processing file /opt/airflow/dags/minio_to_snowflake.py for tasks to queue
[2025-10-13T08:12:07.547+0000] {logging_mixin.py:188} INFO - [2025-10-13T08:12:07.546+0000] {dagbag.py:545} INFO - Filling up the DagBag from /opt/airflow/dags/minio_to_snowflake.py
[2025-10-13T08:12:08.344+0000] {processor.py:840} INFO - DAG(s) 'minio_to_snowflake' retrieved from /opt/airflow/dags/minio_to_snowflake.py
[2025-10-13T08:12:08.374+0000] {logging_mixin.py:188} INFO - [2025-10-13T08:12:08.373+0000] {dag.py:3089} INFO - Sync 1 DAGs
[2025-10-13T08:12:08.400+0000] {logging_mixin.py:188} INFO - [2025-10-13T08:12:08.400+0000] {dag.py:3947} INFO - Setting next_dagrun for minio_to_snowflake to 2025-10-13 08:11:00+00:00, run_after=2025-10-13 08:12:00+00:00
[2025-10-13T08:12:08.422+0000] {processor.py:183} INFO - Processing /opt/airflow/dags/minio_to_snowflake.py took 0.892 seconds
[2025-10-13T08:12:38.821+0000] {processor.py:161} INFO - Started process (PID=34664) to work on /opt/airflow/dags/minio_to_snowflake.py
[2025-10-13T08:12:38.822+0000] {processor.py:830} INFO - Processing file /opt/airflow/dags/minio_to_snowflake.py for tasks to queue
[2025-10-13T08:12:38.825+0000] {logging_mixin.py:188} INFO - [2025-10-13T08:12:38.825+0000] {dagbag.py:545} INFO - Filling up the DagBag from /opt/airflow/dags/minio_to_snowflake.py
[2025-10-13T08:12:39.629+0000] {processor.py:840} INFO - DAG(s) 'minio_to_snowflake' retrieved from /opt/airflow/dags/minio_to_snowflake.py
[2025-10-13T08:12:39.657+0000] {logging_mixin.py:188} INFO - [2025-10-13T08:12:39.656+0000] {dag.py:3089} INFO - Sync 1 DAGs
[2025-10-13T08:12:39.689+0000] {logging_mixin.py:188} INFO - [2025-10-13T08:12:39.689+0000] {dag.py:3947} INFO - Setting next_dagrun for minio_to_snowflake to 2025-10-13 08:11:00+00:00, run_after=2025-10-13 08:12:00+00:00
[2025-10-13T08:12:39.722+0000] {processor.py:183} INFO - Processing /opt/airflow/dags/minio_to_snowflake.py took 0.908 seconds
[2025-10-13T08:13:10.085+0000] {processor.py:161} INFO - Started process (PID=36728) to work on /opt/airflow/dags/minio_to_snowflake.py
[2025-10-13T08:13:10.087+0000] {processor.py:830} INFO - Processing file /opt/airflow/dags/minio_to_snowflake.py for tasks to queue
[2025-10-13T08:13:10.092+0000] {logging_mixin.py:188} INFO - [2025-10-13T08:13:10.091+0000] {dagbag.py:545} INFO - Filling up the DagBag from /opt/airflow/dags/minio_to_snowflake.py
[2025-10-13T08:13:11.021+0000] {processor.py:840} INFO - DAG(s) 'minio_to_snowflake' retrieved from /opt/airflow/dags/minio_to_snowflake.py
[2025-10-13T08:13:11.054+0000] {logging_mixin.py:188} INFO - [2025-10-13T08:13:11.053+0000] {dag.py:3089} INFO - Sync 1 DAGs
[2025-10-13T08:13:11.085+0000] {logging_mixin.py:188} INFO - [2025-10-13T08:13:11.084+0000] {dag.py:3947} INFO - Setting next_dagrun for minio_to_snowflake to 2025-10-13 08:12:00+00:00, run_after=2025-10-13 08:13:00+00:00
[2025-10-13T08:13:11.103+0000] {processor.py:183} INFO - Processing /opt/airflow/dags/minio_to_snowflake.py took 1.027 seconds
[2025-10-13T08:13:41.473+0000] {processor.py:161} INFO - Started process (PID=36931) to work on /opt/airflow/dags/minio_to_snowflake.py
[2025-10-13T08:13:41.475+0000] {processor.py:830} INFO - Processing file /opt/airflow/dags/minio_to_snowflake.py for tasks to queue
[2025-10-13T08:13:41.478+0000] {logging_mixin.py:188} INFO - [2025-10-13T08:13:41.477+0000] {dagbag.py:545} INFO - Filling up the DagBag from /opt/airflow/dags/minio_to_snowflake.py
[2025-10-13T08:13:42.434+0000] {processor.py:840} INFO - DAG(s) 'minio_to_snowflake' retrieved from /opt/airflow/dags/minio_to_snowflake.py
[2025-10-13T08:13:42.472+0000] {logging_mixin.py:188} INFO - [2025-10-13T08:13:42.471+0000] {dag.py:3089} INFO - Sync 1 DAGs
[2025-10-13T08:13:42.503+0000] {logging_mixin.py:188} INFO - [2025-10-13T08:13:42.503+0000] {dag.py:3947} INFO - Setting next_dagrun for minio_to_snowflake to 2025-10-13 08:12:00+00:00, run_after=2025-10-13 08:13:00+00:00
[2025-10-13T08:13:42.523+0000] {processor.py:183} INFO - Processing /opt/airflow/dags/minio_to_snowflake.py took 1.057 seconds
[2025-10-13T08:14:12.779+0000] {processor.py:161} INFO - Started process (PID=37135) to work on /opt/airflow/dags/minio_to_snowflake.py
[2025-10-13T08:14:12.781+0000] {processor.py:830} INFO - Processing file /opt/airflow/dags/minio_to_snowflake.py for tasks to queue
[2025-10-13T08:14:12.789+0000] {logging_mixin.py:188} INFO - [2025-10-13T08:14:12.787+0000] {dagbag.py:545} INFO - Filling up the DagBag from /opt/airflow/dags/minio_to_snowflake.py
[2025-10-13T08:14:14.138+0000] {processor.py:840} INFO - DAG(s) 'minio_to_snowflake' retrieved from /opt/airflow/dags/minio_to_snowflake.py
[2025-10-13T08:14:14.164+0000] {logging_mixin.py:188} INFO - [2025-10-13T08:14:14.164+0000] {dag.py:3089} INFO - Sync 1 DAGs
[2025-10-13T08:14:14.189+0000] {logging_mixin.py:188} INFO - [2025-10-13T08:14:14.189+0000] {dag.py:3947} INFO - Setting next_dagrun for minio_to_snowflake to 2025-10-13 08:13:00+00:00, run_after=2025-10-13 08:14:00+00:00
[2025-10-13T08:14:14.211+0000] {processor.py:183} INFO - Processing /opt/airflow/dags/minio_to_snowflake.py took 1.442 seconds
[2025-10-13T08:14:44.589+0000] {processor.py:161} INFO - Started process (PID=37352) to work on /opt/airflow/dags/minio_to_snowflake.py
[2025-10-13T08:14:44.591+0000] {processor.py:830} INFO - Processing file /opt/airflow/dags/minio_to_snowflake.py for tasks to queue
[2025-10-13T08:14:44.593+0000] {logging_mixin.py:188} INFO - [2025-10-13T08:14:44.593+0000] {dagbag.py:545} INFO - Filling up the DagBag from /opt/airflow/dags/minio_to_snowflake.py
[2025-10-13T08:14:45.735+0000] {processor.py:840} INFO - DAG(s) 'minio_to_snowflake' retrieved from /opt/airflow/dags/minio_to_snowflake.py
[2025-10-13T08:14:45.780+0000] {logging_mixin.py:188} INFO - [2025-10-13T08:14:45.779+0000] {dag.py:3089} INFO - Sync 1 DAGs
[2025-10-13T08:14:45.853+0000] {logging_mixin.py:188} INFO - [2025-10-13T08:14:45.853+0000] {dag.py:3947} INFO - Setting next_dagrun for minio_to_snowflake to 2025-10-13 08:13:00+00:00, run_after=2025-10-13 08:14:00+00:00
[2025-10-13T08:14:45.896+0000] {processor.py:183} INFO - Processing /opt/airflow/dags/minio_to_snowflake.py took 1.313 seconds
[2025-10-13T08:15:16.384+0000] {processor.py:161} INFO - Started process (PID=37552) to work on /opt/airflow/dags/minio_to_snowflake.py
[2025-10-13T08:15:16.393+0000] {processor.py:830} INFO - Processing file /opt/airflow/dags/minio_to_snowflake.py for tasks to queue
[2025-10-13T08:15:16.396+0000] {logging_mixin.py:188} INFO - [2025-10-13T08:15:16.396+0000] {dagbag.py:545} INFO - Filling up the DagBag from /opt/airflow/dags/minio_to_snowflake.py
[2025-10-13T08:15:17.541+0000] {processor.py:840} INFO - DAG(s) 'minio_to_snowflake' retrieved from /opt/airflow/dags/minio_to_snowflake.py
[2025-10-13T08:15:17.566+0000] {logging_mixin.py:188} INFO - [2025-10-13T08:15:17.566+0000] {dag.py:3089} INFO - Sync 1 DAGs
[2025-10-13T08:15:17.591+0000] {logging_mixin.py:188} INFO - [2025-10-13T08:15:17.591+0000] {dag.py:3947} INFO - Setting next_dagrun for minio_to_snowflake to 2025-10-13 08:14:00+00:00, run_after=2025-10-13 08:15:00+00:00
[2025-10-13T08:15:17.612+0000] {processor.py:183} INFO - Processing /opt/airflow/dags/minio_to_snowflake.py took 1.251 seconds
[2025-10-13T08:15:47.980+0000] {processor.py:161} INFO - Started process (PID=37727) to work on /opt/airflow/dags/minio_to_snowflake.py
[2025-10-13T08:15:47.999+0000] {processor.py:830} INFO - Processing file /opt/airflow/dags/minio_to_snowflake.py for tasks to queue
[2025-10-13T08:15:48.005+0000] {logging_mixin.py:188} INFO - [2025-10-13T08:15:48.005+0000] {dagbag.py:545} INFO - Filling up the DagBag from /opt/airflow/dags/minio_to_snowflake.py
[2025-10-13T08:15:49.816+0000] {processor.py:840} INFO - DAG(s) 'minio_to_snowflake' retrieved from /opt/airflow/dags/minio_to_snowflake.py
[2025-10-13T08:15:49.868+0000] {logging_mixin.py:188} INFO - [2025-10-13T08:15:49.867+0000] {dag.py:3089} INFO - Sync 1 DAGs
[2025-10-13T08:15:49.921+0000] {logging_mixin.py:188} INFO - [2025-10-13T08:15:49.920+0000] {dag.py:3947} INFO - Setting next_dagrun for minio_to_snowflake to 2025-10-13 08:15:00+00:00, run_after=2025-10-13 08:16:00+00:00
[2025-10-13T08:15:49.949+0000] {processor.py:183} INFO - Processing /opt/airflow/dags/minio_to_snowflake.py took 1.986 seconds
[2025-10-13T08:16:20.207+0000] {processor.py:161} INFO - Started process (PID=39806) to work on /opt/airflow/dags/minio_to_snowflake.py
[2025-10-13T08:16:20.250+0000] {processor.py:830} INFO - Processing file /opt/airflow/dags/minio_to_snowflake.py for tasks to queue
[2025-10-13T08:16:20.290+0000] {logging_mixin.py:188} INFO - [2025-10-13T08:16:20.289+0000] {dagbag.py:545} INFO - Filling up the DagBag from /opt/airflow/dags/minio_to_snowflake.py
[2025-10-13T08:16:21.221+0000] {processor.py:840} INFO - DAG(s) 'minio_to_snowflake' retrieved from /opt/airflow/dags/minio_to_snowflake.py
[2025-10-13T08:16:21.252+0000] {logging_mixin.py:188} INFO - [2025-10-13T08:16:21.251+0000] {dag.py:3089} INFO - Sync 1 DAGs
[2025-10-13T08:16:21.329+0000] {logging_mixin.py:188} INFO - [2025-10-13T08:16:21.328+0000] {dag.py:3947} INFO - Setting next_dagrun for minio_to_snowflake to 2025-10-13 08:15:00+00:00, run_after=2025-10-13 08:16:00+00:00
[2025-10-13T08:16:21.382+0000] {processor.py:183} INFO - Processing /opt/airflow/dags/minio_to_snowflake.py took 1.188 seconds
[2025-10-13T08:16:51.538+0000] {processor.py:161} INFO - Started process (PID=39992) to work on /opt/airflow/dags/minio_to_snowflake.py
[2025-10-13T08:16:51.541+0000] {processor.py:830} INFO - Processing file /opt/airflow/dags/minio_to_snowflake.py for tasks to queue
[2025-10-13T08:16:51.543+0000] {logging_mixin.py:188} INFO - [2025-10-13T08:16:51.543+0000] {dagbag.py:545} INFO - Filling up the DagBag from /opt/airflow/dags/minio_to_snowflake.py
[2025-10-13T08:16:52.322+0000] {processor.py:840} INFO - DAG(s) 'minio_to_snowflake' retrieved from /opt/airflow/dags/minio_to_snowflake.py
[2025-10-13T08:16:52.353+0000] {logging_mixin.py:188} INFO - [2025-10-13T08:16:52.353+0000] {dag.py:3089} INFO - Sync 1 DAGs
[2025-10-13T08:16:52.383+0000] {logging_mixin.py:188} INFO - [2025-10-13T08:16:52.383+0000] {dag.py:3947} INFO - Setting next_dagrun for minio_to_snowflake to 2025-10-13 08:15:00+00:00, run_after=2025-10-13 08:16:00+00:00
[2025-10-13T08:16:52.401+0000] {processor.py:183} INFO - Processing /opt/airflow/dags/minio_to_snowflake.py took 0.870 seconds
[2025-10-13T08:17:22.672+0000] {processor.py:161} INFO - Started process (PID=40142) to work on /opt/airflow/dags/minio_to_snowflake.py
[2025-10-13T08:17:22.674+0000] {processor.py:830} INFO - Processing file /opt/airflow/dags/minio_to_snowflake.py for tasks to queue
[2025-10-13T08:17:22.676+0000] {logging_mixin.py:188} INFO - [2025-10-13T08:17:22.676+0000] {dagbag.py:545} INFO - Filling up the DagBag from /opt/airflow/dags/minio_to_snowflake.py
[2025-10-13T08:17:23.437+0000] {processor.py:840} INFO - DAG(s) 'minio_to_snowflake' retrieved from /opt/airflow/dags/minio_to_snowflake.py
[2025-10-13T08:17:23.459+0000] {logging_mixin.py:188} INFO - [2025-10-13T08:17:23.459+0000] {dag.py:3089} INFO - Sync 1 DAGs
[2025-10-13T08:17:23.478+0000] {logging_mixin.py:188} INFO - [2025-10-13T08:17:23.478+0000] {dag.py:3947} INFO - Setting next_dagrun for minio_to_snowflake to 2025-10-13 08:16:00+00:00, run_after=2025-10-13 08:17:00+00:00
[2025-10-13T08:17:23.497+0000] {processor.py:183} INFO - Processing /opt/airflow/dags/minio_to_snowflake.py took 0.831 seconds
[2025-10-13T08:17:53.790+0000] {processor.py:161} INFO - Started process (PID=40249) to work on /opt/airflow/dags/minio_to_snowflake.py
[2025-10-13T08:17:53.792+0000] {processor.py:830} INFO - Processing file /opt/airflow/dags/minio_to_snowflake.py for tasks to queue
[2025-10-13T08:17:53.794+0000] {logging_mixin.py:188} INFO - [2025-10-13T08:17:53.794+0000] {dagbag.py:545} INFO - Filling up the DagBag from /opt/airflow/dags/minio_to_snowflake.py
[2025-10-13T08:17:54.627+0000] {processor.py:840} INFO - DAG(s) 'minio_to_snowflake' retrieved from /opt/airflow/dags/minio_to_snowflake.py
[2025-10-13T08:17:54.660+0000] {logging_mixin.py:188} INFO - [2025-10-13T08:17:54.659+0000] {dag.py:3089} INFO - Sync 1 DAGs
[2025-10-13T08:17:54.701+0000] {logging_mixin.py:188} INFO - [2025-10-13T08:17:54.701+0000] {dag.py:3947} INFO - Setting next_dagrun for minio_to_snowflake to 2025-10-13 08:16:00+00:00, run_after=2025-10-13 08:17:00+00:00
[2025-10-13T08:17:54.728+0000] {processor.py:183} INFO - Processing /opt/airflow/dags/minio_to_snowflake.py took 0.945 seconds
[2025-10-13T08:18:24.988+0000] {processor.py:161} INFO - Started process (PID=40406) to work on /opt/airflow/dags/minio_to_snowflake.py
[2025-10-13T08:18:24.989+0000] {processor.py:830} INFO - Processing file /opt/airflow/dags/minio_to_snowflake.py for tasks to queue
[2025-10-13T08:18:24.992+0000] {logging_mixin.py:188} INFO - [2025-10-13T08:18:24.991+0000] {dagbag.py:545} INFO - Filling up the DagBag from /opt/airflow/dags/minio_to_snowflake.py
[2025-10-13T08:18:25.756+0000] {processor.py:840} INFO - DAG(s) 'minio_to_snowflake' retrieved from /opt/airflow/dags/minio_to_snowflake.py
[2025-10-13T08:18:25.778+0000] {logging_mixin.py:188} INFO - [2025-10-13T08:18:25.777+0000] {dag.py:3089} INFO - Sync 1 DAGs
[2025-10-13T08:18:25.798+0000] {logging_mixin.py:188} INFO - [2025-10-13T08:18:25.798+0000] {dag.py:3947} INFO - Setting next_dagrun for minio_to_snowflake to 2025-10-13 08:17:00+00:00, run_after=2025-10-13 08:18:00+00:00
[2025-10-13T08:18:25.816+0000] {processor.py:183} INFO - Processing /opt/airflow/dags/minio_to_snowflake.py took 0.835 seconds
[2025-10-13T08:18:56.037+0000] {processor.py:161} INFO - Started process (PID=40611) to work on /opt/airflow/dags/minio_to_snowflake.py
[2025-10-13T08:18:56.040+0000] {processor.py:830} INFO - Processing file /opt/airflow/dags/minio_to_snowflake.py for tasks to queue
[2025-10-13T08:18:56.042+0000] {logging_mixin.py:188} INFO - [2025-10-13T08:18:56.042+0000] {dagbag.py:545} INFO - Filling up the DagBag from /opt/airflow/dags/minio_to_snowflake.py
[2025-10-13T08:18:57.566+0000] {processor.py:840} INFO - DAG(s) 'minio_to_snowflake' retrieved from /opt/airflow/dags/minio_to_snowflake.py
[2025-10-13T08:18:57.600+0000] {logging_mixin.py:188} INFO - [2025-10-13T08:18:57.598+0000] {dag.py:3089} INFO - Sync 1 DAGs
[2025-10-13T08:18:57.632+0000] {logging_mixin.py:188} INFO - [2025-10-13T08:18:57.632+0000] {dag.py:3947} INFO - Setting next_dagrun for minio_to_snowflake to 2025-10-13 08:17:00+00:00, run_after=2025-10-13 08:18:00+00:00
[2025-10-13T08:18:57.661+0000] {processor.py:183} INFO - Processing /opt/airflow/dags/minio_to_snowflake.py took 1.630 seconds
[2025-10-13T08:19:27.865+0000] {processor.py:161} INFO - Started process (PID=41238) to work on /opt/airflow/dags/minio_to_snowflake.py
[2025-10-13T08:19:27.866+0000] {processor.py:830} INFO - Processing file /opt/airflow/dags/minio_to_snowflake.py for tasks to queue
[2025-10-13T08:19:27.870+0000] {logging_mixin.py:188} INFO - [2025-10-13T08:19:27.869+0000] {dagbag.py:545} INFO - Filling up the DagBag from /opt/airflow/dags/minio_to_snowflake.py
[2025-10-13T08:19:28.921+0000] {processor.py:840} INFO - DAG(s) 'minio_to_snowflake' retrieved from /opt/airflow/dags/minio_to_snowflake.py
[2025-10-13T08:19:28.949+0000] {logging_mixin.py:188} INFO - [2025-10-13T08:19:28.948+0000] {dag.py:3089} INFO - Sync 1 DAGs
[2025-10-13T08:19:28.976+0000] {logging_mixin.py:188} INFO - [2025-10-13T08:19:28.976+0000] {dag.py:3947} INFO - Setting next_dagrun for minio_to_snowflake to 2025-10-13 08:18:00+00:00, run_after=2025-10-13 08:19:00+00:00
[2025-10-13T08:19:28.995+0000] {processor.py:183} INFO - Processing /opt/airflow/dags/minio_to_snowflake.py took 1.138 seconds
[2025-10-13T08:19:59.135+0000] {processor.py:161} INFO - Started process (PID=42912) to work on /opt/airflow/dags/minio_to_snowflake.py
[2025-10-13T08:19:59.137+0000] {processor.py:830} INFO - Processing file /opt/airflow/dags/minio_to_snowflake.py for tasks to queue
[2025-10-13T08:19:59.138+0000] {logging_mixin.py:188} INFO - [2025-10-13T08:19:59.138+0000] {dagbag.py:545} INFO - Filling up the DagBag from /opt/airflow/dags/minio_to_snowflake.py
[2025-10-13T08:20:00.179+0000] {processor.py:840} INFO - DAG(s) 'minio_to_snowflake' retrieved from /opt/airflow/dags/minio_to_snowflake.py
[2025-10-13T08:20:00.202+0000] {logging_mixin.py:188} INFO - [2025-10-13T08:20:00.202+0000] {dag.py:3089} INFO - Sync 1 DAGs
[2025-10-13T08:20:00.232+0000] {logging_mixin.py:188} INFO - [2025-10-13T08:20:00.231+0000] {dag.py:3947} INFO - Setting next_dagrun for minio_to_snowflake to 2025-10-13 08:19:00+00:00, run_after=2025-10-13 08:20:00+00:00
[2025-10-13T08:20:00.251+0000] {processor.py:183} INFO - Processing /opt/airflow/dags/minio_to_snowflake.py took 1.125 seconds
[2025-10-13T08:20:30.431+0000] {processor.py:161} INFO - Started process (PID=43113) to work on /opt/airflow/dags/minio_to_snowflake.py
[2025-10-13T08:20:30.433+0000] {processor.py:830} INFO - Processing file /opt/airflow/dags/minio_to_snowflake.py for tasks to queue
[2025-10-13T08:20:30.434+0000] {logging_mixin.py:188} INFO - [2025-10-13T08:20:30.434+0000] {dagbag.py:545} INFO - Filling up the DagBag from /opt/airflow/dags/minio_to_snowflake.py
[2025-10-13T08:20:31.168+0000] {processor.py:840} INFO - DAG(s) 'minio_to_snowflake' retrieved from /opt/airflow/dags/minio_to_snowflake.py
[2025-10-13T08:20:31.199+0000] {logging_mixin.py:188} INFO - [2025-10-13T08:20:31.198+0000] {dag.py:3089} INFO - Sync 1 DAGs
[2025-10-13T08:20:31.220+0000] {logging_mixin.py:188} INFO - [2025-10-13T08:20:31.220+0000] {dag.py:3947} INFO - Setting next_dagrun for minio_to_snowflake to 2025-10-13 08:19:00+00:00, run_after=2025-10-13 08:20:00+00:00
[2025-10-13T08:20:31.237+0000] {processor.py:183} INFO - Processing /opt/airflow/dags/minio_to_snowflake.py took 0.812 seconds
[2025-10-13T08:21:01.545+0000] {processor.py:161} INFO - Started process (PID=43319) to work on /opt/airflow/dags/minio_to_snowflake.py
[2025-10-13T08:21:01.557+0000] {processor.py:830} INFO - Processing file /opt/airflow/dags/minio_to_snowflake.py for tasks to queue
[2025-10-13T08:21:01.560+0000] {logging_mixin.py:188} INFO - [2025-10-13T08:21:01.559+0000] {dagbag.py:545} INFO - Filling up the DagBag from /opt/airflow/dags/minio_to_snowflake.py
[2025-10-13T08:21:02.628+0000] {processor.py:840} INFO - DAG(s) 'minio_to_snowflake' retrieved from /opt/airflow/dags/minio_to_snowflake.py
[2025-10-13T08:21:02.661+0000] {logging_mixin.py:188} INFO - [2025-10-13T08:21:02.660+0000] {dag.py:3089} INFO - Sync 1 DAGs
[2025-10-13T08:21:02.684+0000] {logging_mixin.py:188} INFO - [2025-10-13T08:21:02.684+0000] {dag.py:3947} INFO - Setting next_dagrun for minio_to_snowflake to 2025-10-13 08:20:00+00:00, run_after=2025-10-13 08:21:00+00:00
[2025-10-13T08:21:02.705+0000] {processor.py:183} INFO - Processing /opt/airflow/dags/minio_to_snowflake.py took 1.169 seconds
[2025-10-13T08:21:32.925+0000] {processor.py:161} INFO - Started process (PID=43503) to work on /opt/airflow/dags/minio_to_snowflake.py
[2025-10-13T08:21:32.926+0000] {processor.py:830} INFO - Processing file /opt/airflow/dags/minio_to_snowflake.py for tasks to queue
[2025-10-13T08:21:32.928+0000] {logging_mixin.py:188} INFO - [2025-10-13T08:21:32.928+0000] {dagbag.py:545} INFO - Filling up the DagBag from /opt/airflow/dags/minio_to_snowflake.py
[2025-10-13T08:21:33.607+0000] {processor.py:840} INFO - DAG(s) 'minio_to_snowflake' retrieved from /opt/airflow/dags/minio_to_snowflake.py
[2025-10-13T08:21:33.628+0000] {logging_mixin.py:188} INFO - [2025-10-13T08:21:33.628+0000] {dag.py:3089} INFO - Sync 1 DAGs
[2025-10-13T08:21:33.651+0000] {logging_mixin.py:188} INFO - [2025-10-13T08:21:33.650+0000] {dag.py:3947} INFO - Setting next_dagrun for minio_to_snowflake to 2025-10-13 08:20:00+00:00, run_after=2025-10-13 08:21:00+00:00
[2025-10-13T08:21:33.669+0000] {processor.py:183} INFO - Processing /opt/airflow/dags/minio_to_snowflake.py took 0.749 seconds
[2025-10-13T08:22:03.942+0000] {processor.py:161} INFO - Started process (PID=43705) to work on /opt/airflow/dags/minio_to_snowflake.py
[2025-10-13T08:22:03.943+0000] {processor.py:830} INFO - Processing file /opt/airflow/dags/minio_to_snowflake.py for tasks to queue
[2025-10-13T08:22:03.946+0000] {logging_mixin.py:188} INFO - [2025-10-13T08:22:03.945+0000] {dagbag.py:545} INFO - Filling up the DagBag from /opt/airflow/dags/minio_to_snowflake.py
[2025-10-13T08:22:04.666+0000] {processor.py:840} INFO - DAG(s) 'minio_to_snowflake' retrieved from /opt/airflow/dags/minio_to_snowflake.py
[2025-10-13T08:22:04.695+0000] {logging_mixin.py:188} INFO - [2025-10-13T08:22:04.695+0000] {dag.py:3089} INFO - Sync 1 DAGs
[2025-10-13T08:22:04.716+0000] {logging_mixin.py:188} INFO - [2025-10-13T08:22:04.716+0000] {dag.py:3947} INFO - Setting next_dagrun for minio_to_snowflake to 2025-10-13 08:21:00+00:00, run_after=2025-10-13 08:22:00+00:00
[2025-10-13T08:22:04.731+0000] {processor.py:183} INFO - Processing /opt/airflow/dags/minio_to_snowflake.py took 0.794 seconds
[2025-10-13T08:22:34.964+0000] {processor.py:161} INFO - Started process (PID=45820) to work on /opt/airflow/dags/minio_to_snowflake.py
[2025-10-13T08:22:34.965+0000] {processor.py:830} INFO - Processing file /opt/airflow/dags/minio_to_snowflake.py for tasks to queue
[2025-10-13T08:22:34.968+0000] {logging_mixin.py:188} INFO - [2025-10-13T08:22:34.967+0000] {dagbag.py:545} INFO - Filling up the DagBag from /opt/airflow/dags/minio_to_snowflake.py
[2025-10-13T08:22:35.711+0000] {processor.py:840} INFO - DAG(s) 'minio_to_snowflake' retrieved from /opt/airflow/dags/minio_to_snowflake.py
[2025-10-13T08:22:35.737+0000] {logging_mixin.py:188} INFO - [2025-10-13T08:22:35.736+0000] {dag.py:3089} INFO - Sync 1 DAGs
[2025-10-13T08:22:35.758+0000] {logging_mixin.py:188} INFO - [2025-10-13T08:22:35.758+0000] {dag.py:3947} INFO - Setting next_dagrun for minio_to_snowflake to 2025-10-13 08:22:00+00:00, run_after=2025-10-13 08:23:00+00:00
[2025-10-13T08:22:35.775+0000] {processor.py:183} INFO - Processing /opt/airflow/dags/minio_to_snowflake.py took 0.818 seconds
[2025-10-13T08:23:06.009+0000] {processor.py:161} INFO - Started process (PID=46001) to work on /opt/airflow/dags/minio_to_snowflake.py
[2025-10-13T08:23:06.010+0000] {processor.py:830} INFO - Processing file /opt/airflow/dags/minio_to_snowflake.py for tasks to queue
[2025-10-13T08:23:06.012+0000] {logging_mixin.py:188} INFO - [2025-10-13T08:23:06.012+0000] {dagbag.py:545} INFO - Filling up the DagBag from /opt/airflow/dags/minio_to_snowflake.py
[2025-10-13T08:23:07.626+0000] {processor.py:840} INFO - DAG(s) 'minio_to_snowflake' retrieved from /opt/airflow/dags/minio_to_snowflake.py
[2025-10-13T08:23:07.686+0000] {logging_mixin.py:188} INFO - [2025-10-13T08:23:07.685+0000] {dag.py:3089} INFO - Sync 1 DAGs
[2025-10-13T08:23:07.730+0000] {logging_mixin.py:188} INFO - [2025-10-13T08:23:07.729+0000] {dag.py:3947} INFO - Setting next_dagrun for minio_to_snowflake to 2025-10-13 08:22:00+00:00, run_after=2025-10-13 08:23:00+00:00
[2025-10-13T08:23:07.772+0000] {processor.py:183} INFO - Processing /opt/airflow/dags/minio_to_snowflake.py took 1.770 seconds
[2025-10-13T08:23:38.170+0000] {processor.py:161} INFO - Started process (PID=46221) to work on /opt/airflow/dags/minio_to_snowflake.py
[2025-10-13T08:23:38.182+0000] {processor.py:830} INFO - Processing file /opt/airflow/dags/minio_to_snowflake.py for tasks to queue
[2025-10-13T08:23:38.189+0000] {logging_mixin.py:188} INFO - [2025-10-13T08:23:38.189+0000] {dagbag.py:545} INFO - Filling up the DagBag from /opt/airflow/dags/minio_to_snowflake.py
[2025-10-13T08:23:39.118+0000] {processor.py:840} INFO - DAG(s) 'minio_to_snowflake' retrieved from /opt/airflow/dags/minio_to_snowflake.py
[2025-10-13T08:23:39.175+0000] {logging_mixin.py:188} INFO - [2025-10-13T08:23:39.175+0000] {dag.py:3089} INFO - Sync 1 DAGs
[2025-10-13T08:23:39.206+0000] {logging_mixin.py:188} INFO - [2025-10-13T08:23:39.206+0000] {dag.py:3947} INFO - Setting next_dagrun for minio_to_snowflake to 2025-10-13 08:22:00+00:00, run_after=2025-10-13 08:23:00+00:00
[2025-10-13T08:23:39.227+0000] {processor.py:183} INFO - Processing /opt/airflow/dags/minio_to_snowflake.py took 1.068 seconds
[2025-10-13T08:24:09.380+0000] {processor.py:161} INFO - Started process (PID=46421) to work on /opt/airflow/dags/minio_to_snowflake.py
[2025-10-13T08:24:09.382+0000] {processor.py:830} INFO - Processing file /opt/airflow/dags/minio_to_snowflake.py for tasks to queue
[2025-10-13T08:24:09.384+0000] {logging_mixin.py:188} INFO - [2025-10-13T08:24:09.384+0000] {dagbag.py:545} INFO - Filling up the DagBag from /opt/airflow/dags/minio_to_snowflake.py
[2025-10-13T08:24:10.003+0000] {processor.py:840} INFO - DAG(s) 'minio_to_snowflake' retrieved from /opt/airflow/dags/minio_to_snowflake.py
[2025-10-13T08:24:10.029+0000] {logging_mixin.py:188} INFO - [2025-10-13T08:24:10.028+0000] {dag.py:3089} INFO - Sync 1 DAGs
[2025-10-13T08:24:10.054+0000] {logging_mixin.py:188} INFO - [2025-10-13T08:24:10.054+0000] {dag.py:3947} INFO - Setting next_dagrun for minio_to_snowflake to 2025-10-13 08:23:00+00:00, run_after=2025-10-13 08:24:00+00:00
[2025-10-13T08:24:10.073+0000] {processor.py:183} INFO - Processing /opt/airflow/dags/minio_to_snowflake.py took 0.701 seconds
[2025-10-13T08:24:40.351+0000] {processor.py:161} INFO - Started process (PID=46633) to work on /opt/airflow/dags/minio_to_snowflake.py
[2025-10-13T08:24:40.352+0000] {processor.py:830} INFO - Processing file /opt/airflow/dags/minio_to_snowflake.py for tasks to queue
[2025-10-13T08:24:40.354+0000] {logging_mixin.py:188} INFO - [2025-10-13T08:24:40.353+0000] {dagbag.py:545} INFO - Filling up the DagBag from /opt/airflow/dags/minio_to_snowflake.py
[2025-10-13T08:24:40.946+0000] {processor.py:840} INFO - DAG(s) 'minio_to_snowflake' retrieved from /opt/airflow/dags/minio_to_snowflake.py
[2025-10-13T08:24:40.983+0000] {logging_mixin.py:188} INFO - [2025-10-13T08:24:40.982+0000] {dag.py:3089} INFO - Sync 1 DAGs
[2025-10-13T08:24:41.019+0000] {logging_mixin.py:188} INFO - [2025-10-13T08:24:41.019+0000] {dag.py:3947} INFO - Setting next_dagrun for minio_to_snowflake to 2025-10-13 08:23:00+00:00, run_after=2025-10-13 08:24:00+00:00
[2025-10-13T08:24:41.044+0000] {processor.py:183} INFO - Processing /opt/airflow/dags/minio_to_snowflake.py took 0.699 seconds
[2025-10-13T08:25:11.270+0000] {processor.py:161} INFO - Started process (PID=46846) to work on /opt/airflow/dags/minio_to_snowflake.py
[2025-10-13T08:25:11.272+0000] {processor.py:830} INFO - Processing file /opt/airflow/dags/minio_to_snowflake.py for tasks to queue
[2025-10-13T08:25:11.274+0000] {logging_mixin.py:188} INFO - [2025-10-13T08:25:11.274+0000] {dagbag.py:545} INFO - Filling up the DagBag from /opt/airflow/dags/minio_to_snowflake.py
[2025-10-13T08:25:11.932+0000] {processor.py:840} INFO - DAG(s) 'minio_to_snowflake' retrieved from /opt/airflow/dags/minio_to_snowflake.py
[2025-10-13T08:25:11.964+0000] {logging_mixin.py:188} INFO - [2025-10-13T08:25:11.963+0000] {dag.py:3089} INFO - Sync 1 DAGs
[2025-10-13T08:25:11.990+0000] {logging_mixin.py:188} INFO - [2025-10-13T08:25:11.990+0000] {dag.py:3947} INFO - Setting next_dagrun for minio_to_snowflake to 2025-10-13 08:24:00+00:00, run_after=2025-10-13 08:25:00+00:00
[2025-10-13T08:25:12.011+0000] {processor.py:183} INFO - Processing /opt/airflow/dags/minio_to_snowflake.py took 0.752 seconds
[2025-10-13T08:25:42.204+0000] {processor.py:161} INFO - Started process (PID=48951) to work on /opt/airflow/dags/minio_to_snowflake.py
[2025-10-13T08:25:42.206+0000] {processor.py:830} INFO - Processing file /opt/airflow/dags/minio_to_snowflake.py for tasks to queue
[2025-10-13T08:25:42.208+0000] {logging_mixin.py:188} INFO - [2025-10-13T08:25:42.208+0000] {dagbag.py:545} INFO - Filling up the DagBag from /opt/airflow/dags/minio_to_snowflake.py
[2025-10-13T08:25:42.791+0000] {processor.py:840} INFO - DAG(s) 'minio_to_snowflake' retrieved from /opt/airflow/dags/minio_to_snowflake.py
[2025-10-13T08:25:42.823+0000] {logging_mixin.py:188} INFO - [2025-10-13T08:25:42.822+0000] {dag.py:3089} INFO - Sync 1 DAGs
[2025-10-13T08:25:42.849+0000] {logging_mixin.py:188} INFO - [2025-10-13T08:25:42.849+0000] {dag.py:3947} INFO - Setting next_dagrun for minio_to_snowflake to 2025-10-13 08:25:00+00:00, run_after=2025-10-13 08:26:00+00:00
[2025-10-13T08:25:42.869+0000] {processor.py:183} INFO - Processing /opt/airflow/dags/minio_to_snowflake.py took 0.671 seconds
[2025-10-13T08:26:13.109+0000] {processor.py:161} INFO - Started process (PID=49129) to work on /opt/airflow/dags/minio_to_snowflake.py
[2025-10-13T08:26:13.110+0000] {processor.py:830} INFO - Processing file /opt/airflow/dags/minio_to_snowflake.py for tasks to queue
[2025-10-13T08:26:13.113+0000] {logging_mixin.py:188} INFO - [2025-10-13T08:26:13.112+0000] {dagbag.py:545} INFO - Filling up the DagBag from /opt/airflow/dags/minio_to_snowflake.py
[2025-10-13T08:26:13.709+0000] {processor.py:840} INFO - DAG(s) 'minio_to_snowflake' retrieved from /opt/airflow/dags/minio_to_snowflake.py
[2025-10-13T08:26:13.748+0000] {logging_mixin.py:188} INFO - [2025-10-13T08:26:13.745+0000] {dag.py:3089} INFO - Sync 1 DAGs
[2025-10-13T08:26:13.778+0000] {logging_mixin.py:188} INFO - [2025-10-13T08:26:13.778+0000] {dag.py:3947} INFO - Setting next_dagrun for minio_to_snowflake to 2025-10-13 08:25:00+00:00, run_after=2025-10-13 08:26:00+00:00
[2025-10-13T08:26:13.801+0000] {processor.py:183} INFO - Processing /opt/airflow/dags/minio_to_snowflake.py took 0.709 seconds
[2025-10-13T08:26:44.034+0000] {processor.py:161} INFO - Started process (PID=49321) to work on /opt/airflow/dags/minio_to_snowflake.py
[2025-10-13T08:26:44.036+0000] {processor.py:830} INFO - Processing file /opt/airflow/dags/minio_to_snowflake.py for tasks to queue
[2025-10-13T08:26:44.038+0000] {logging_mixin.py:188} INFO - [2025-10-13T08:26:44.038+0000] {dagbag.py:545} INFO - Filling up the DagBag from /opt/airflow/dags/minio_to_snowflake.py
[2025-10-13T08:26:44.671+0000] {processor.py:840} INFO - DAG(s) 'minio_to_snowflake' retrieved from /opt/airflow/dags/minio_to_snowflake.py
[2025-10-13T08:26:44.701+0000] {logging_mixin.py:188} INFO - [2025-10-13T08:26:44.701+0000] {dag.py:3089} INFO - Sync 1 DAGs
[2025-10-13T08:26:44.732+0000] {logging_mixin.py:188} INFO - [2025-10-13T08:26:44.732+0000] {dag.py:3947} INFO - Setting next_dagrun for minio_to_snowflake to 2025-10-13 08:25:00+00:00, run_after=2025-10-13 08:26:00+00:00
[2025-10-13T08:26:44.755+0000] {processor.py:183} INFO - Processing /opt/airflow/dags/minio_to_snowflake.py took 0.726 seconds
[2025-10-13T08:27:14.840+0000] {processor.py:161} INFO - Started process (PID=49522) to work on /opt/airflow/dags/minio_to_snowflake.py
[2025-10-13T08:27:14.841+0000] {processor.py:830} INFO - Processing file /opt/airflow/dags/minio_to_snowflake.py for tasks to queue
[2025-10-13T08:27:14.843+0000] {logging_mixin.py:188} INFO - [2025-10-13T08:27:14.843+0000] {dagbag.py:545} INFO - Filling up the DagBag from /opt/airflow/dags/minio_to_snowflake.py
[2025-10-13T08:27:15.504+0000] {processor.py:840} INFO - DAG(s) 'minio_to_snowflake' retrieved from /opt/airflow/dags/minio_to_snowflake.py
[2025-10-13T08:27:15.535+0000] {logging_mixin.py:188} INFO - [2025-10-13T08:27:15.534+0000] {dag.py:3089} INFO - Sync 1 DAGs
[2025-10-13T08:27:15.568+0000] {logging_mixin.py:188} INFO - [2025-10-13T08:27:15.568+0000] {dag.py:3947} INFO - Setting next_dagrun for minio_to_snowflake to 2025-10-13 08:26:00+00:00, run_after=2025-10-13 08:27:00+00:00
[2025-10-13T08:27:15.590+0000] {processor.py:183} INFO - Processing /opt/airflow/dags/minio_to_snowflake.py took 0.758 seconds
[2025-10-13T08:27:45.827+0000] {processor.py:161} INFO - Started process (PID=49681) to work on /opt/airflow/dags/minio_to_snowflake.py
[2025-10-13T08:27:45.829+0000] {processor.py:830} INFO - Processing file /opt/airflow/dags/minio_to_snowflake.py for tasks to queue
[2025-10-13T08:27:45.832+0000] {logging_mixin.py:188} INFO - [2025-10-13T08:27:45.831+0000] {dagbag.py:545} INFO - Filling up the DagBag from /opt/airflow/dags/minio_to_snowflake.py
[2025-10-13T08:27:46.476+0000] {processor.py:840} INFO - DAG(s) 'minio_to_snowflake' retrieved from /opt/airflow/dags/minio_to_snowflake.py
[2025-10-13T08:27:46.509+0000] {logging_mixin.py:188} INFO - [2025-10-13T08:27:46.508+0000] {dag.py:3089} INFO - Sync 1 DAGs
[2025-10-13T08:27:46.539+0000] {logging_mixin.py:188} INFO - [2025-10-13T08:27:46.539+0000] {dag.py:3947} INFO - Setting next_dagrun for minio_to_snowflake to 2025-10-13 08:26:00+00:00, run_after=2025-10-13 08:27:00+00:00
[2025-10-13T08:27:46.560+0000] {processor.py:183} INFO - Processing /opt/airflow/dags/minio_to_snowflake.py took 0.741 seconds
[2025-10-13T08:28:16.798+0000] {processor.py:161} INFO - Started process (PID=49864) to work on /opt/airflow/dags/minio_to_snowflake.py
[2025-10-13T08:28:16.806+0000] {processor.py:830} INFO - Processing file /opt/airflow/dags/minio_to_snowflake.py for tasks to queue
[2025-10-13T08:28:16.812+0000] {logging_mixin.py:188} INFO - [2025-10-13T08:28:16.811+0000] {dagbag.py:545} INFO - Filling up the DagBag from /opt/airflow/dags/minio_to_snowflake.py
[2025-10-13T08:28:17.721+0000] {processor.py:840} INFO - DAG(s) 'minio_to_snowflake' retrieved from /opt/airflow/dags/minio_to_snowflake.py
[2025-10-13T08:28:17.750+0000] {logging_mixin.py:188} INFO - [2025-10-13T08:28:17.749+0000] {dag.py:3089} INFO - Sync 1 DAGs
[2025-10-13T08:28:17.773+0000] {logging_mixin.py:188} INFO - [2025-10-13T08:28:17.773+0000] {dag.py:3947} INFO - Setting next_dagrun for minio_to_snowflake to 2025-10-13 08:27:00+00:00, run_after=2025-10-13 08:28:00+00:00
[2025-10-13T08:28:17.794+0000] {processor.py:183} INFO - Processing /opt/airflow/dags/minio_to_snowflake.py took 1.005 seconds
[2025-10-13T08:28:47.958+0000] {processor.py:161} INFO - Started process (PID=51959) to work on /opt/airflow/dags/minio_to_snowflake.py
[2025-10-13T08:28:47.959+0000] {processor.py:830} INFO - Processing file /opt/airflow/dags/minio_to_snowflake.py for tasks to queue
[2025-10-13T08:28:47.961+0000] {logging_mixin.py:188} INFO - [2025-10-13T08:28:47.961+0000] {dagbag.py:545} INFO - Filling up the DagBag from /opt/airflow/dags/minio_to_snowflake.py
[2025-10-13T08:28:48.729+0000] {processor.py:840} INFO - DAG(s) 'minio_to_snowflake' retrieved from /opt/airflow/dags/minio_to_snowflake.py
[2025-10-13T08:28:48.762+0000] {logging_mixin.py:188} INFO - [2025-10-13T08:28:48.761+0000] {dag.py:3089} INFO - Sync 1 DAGs
[2025-10-13T08:28:48.788+0000] {logging_mixin.py:188} INFO - [2025-10-13T08:28:48.787+0000] {dag.py:3947} INFO - Setting next_dagrun for minio_to_snowflake to 2025-10-13 08:28:00+00:00, run_after=2025-10-13 08:29:00+00:00
[2025-10-13T08:28:48.804+0000] {processor.py:183} INFO - Processing /opt/airflow/dags/minio_to_snowflake.py took 0.853 seconds
[2025-10-13T08:29:19.048+0000] {processor.py:161} INFO - Started process (PID=52154) to work on /opt/airflow/dags/minio_to_snowflake.py
[2025-10-13T08:29:19.050+0000] {processor.py:830} INFO - Processing file /opt/airflow/dags/minio_to_snowflake.py for tasks to queue
[2025-10-13T08:29:19.051+0000] {logging_mixin.py:188} INFO - [2025-10-13T08:29:19.051+0000] {dagbag.py:545} INFO - Filling up the DagBag from /opt/airflow/dags/minio_to_snowflake.py
[2025-10-13T08:29:19.588+0000] {processor.py:840} INFO - DAG(s) 'minio_to_snowflake' retrieved from /opt/airflow/dags/minio_to_snowflake.py
[2025-10-13T08:29:19.613+0000] {logging_mixin.py:188} INFO - [2025-10-13T08:29:19.612+0000] {dag.py:3089} INFO - Sync 1 DAGs
[2025-10-13T08:29:19.640+0000] {logging_mixin.py:188} INFO - [2025-10-13T08:29:19.640+0000] {dag.py:3947} INFO - Setting next_dagrun for minio_to_snowflake to 2025-10-13 08:28:00+00:00, run_after=2025-10-13 08:29:00+00:00
[2025-10-13T08:29:19.659+0000] {processor.py:183} INFO - Processing /opt/airflow/dags/minio_to_snowflake.py took 0.617 seconds
[2025-10-13T08:29:49.857+0000] {processor.py:161} INFO - Started process (PID=52347) to work on /opt/airflow/dags/minio_to_snowflake.py
[2025-10-13T08:29:49.859+0000] {processor.py:830} INFO - Processing file /opt/airflow/dags/minio_to_snowflake.py for tasks to queue
[2025-10-13T08:29:49.861+0000] {logging_mixin.py:188} INFO - [2025-10-13T08:29:49.861+0000] {dagbag.py:545} INFO - Filling up the DagBag from /opt/airflow/dags/minio_to_snowflake.py
[2025-10-13T08:29:50.506+0000] {processor.py:840} INFO - DAG(s) 'minio_to_snowflake' retrieved from /opt/airflow/dags/minio_to_snowflake.py
[2025-10-13T08:29:50.532+0000] {logging_mixin.py:188} INFO - [2025-10-13T08:29:50.531+0000] {dag.py:3089} INFO - Sync 1 DAGs
[2025-10-13T08:29:50.557+0000] {logging_mixin.py:188} INFO - [2025-10-13T08:29:50.557+0000] {dag.py:3947} INFO - Setting next_dagrun for minio_to_snowflake to 2025-10-13 08:28:00+00:00, run_after=2025-10-13 08:29:00+00:00
[2025-10-13T08:29:50.577+0000] {processor.py:183} INFO - Processing /opt/airflow/dags/minio_to_snowflake.py took 0.727 seconds
[2025-10-13T08:30:20.791+0000] {processor.py:161} INFO - Started process (PID=52533) to work on /opt/airflow/dags/minio_to_snowflake.py
[2025-10-13T08:30:20.793+0000] {processor.py:830} INFO - Processing file /opt/airflow/dags/minio_to_snowflake.py for tasks to queue
[2025-10-13T08:30:20.795+0000] {logging_mixin.py:188} INFO - [2025-10-13T08:30:20.794+0000] {dagbag.py:545} INFO - Filling up the DagBag from /opt/airflow/dags/minio_to_snowflake.py
[2025-10-13T08:30:21.419+0000] {processor.py:840} INFO - DAG(s) 'minio_to_snowflake' retrieved from /opt/airflow/dags/minio_to_snowflake.py
[2025-10-13T08:30:21.451+0000] {logging_mixin.py:188} INFO - [2025-10-13T08:30:21.451+0000] {dag.py:3089} INFO - Sync 1 DAGs
[2025-10-13T08:30:21.482+0000] {logging_mixin.py:188} INFO - [2025-10-13T08:30:21.481+0000] {dag.py:3947} INFO - Setting next_dagrun for minio_to_snowflake to 2025-10-13 08:29:00+00:00, run_after=2025-10-13 08:30:00+00:00
[2025-10-13T08:30:21.508+0000] {processor.py:183} INFO - Processing /opt/airflow/dags/minio_to_snowflake.py took 0.724 seconds
[2025-10-13T08:30:51.712+0000] {processor.py:161} INFO - Started process (PID=52727) to work on /opt/airflow/dags/minio_to_snowflake.py
[2025-10-13T08:30:51.713+0000] {processor.py:830} INFO - Processing file /opt/airflow/dags/minio_to_snowflake.py for tasks to queue
[2025-10-13T08:30:51.716+0000] {logging_mixin.py:188} INFO - [2025-10-13T08:30:51.715+0000] {dagbag.py:545} INFO - Filling up the DagBag from /opt/airflow/dags/minio_to_snowflake.py
[2025-10-13T08:30:52.258+0000] {processor.py:840} INFO - DAG(s) 'minio_to_snowflake' retrieved from /opt/airflow/dags/minio_to_snowflake.py
[2025-10-13T08:30:52.286+0000] {logging_mixin.py:188} INFO - [2025-10-13T08:30:52.285+0000] {dag.py:3089} INFO - Sync 1 DAGs
[2025-10-13T08:30:52.311+0000] {logging_mixin.py:188} INFO - [2025-10-13T08:30:52.310+0000] {dag.py:3947} INFO - Setting next_dagrun for minio_to_snowflake to 2025-10-13 08:29:00+00:00, run_after=2025-10-13 08:30:00+00:00
[2025-10-13T08:30:52.334+0000] {processor.py:183} INFO - Processing /opt/airflow/dags/minio_to_snowflake.py took 0.628 seconds
[2025-10-13T08:31:22.542+0000] {processor.py:161} INFO - Started process (PID=52908) to work on /opt/airflow/dags/minio_to_snowflake.py
[2025-10-13T08:31:22.543+0000] {processor.py:830} INFO - Processing file /opt/airflow/dags/minio_to_snowflake.py for tasks to queue
[2025-10-13T08:31:22.545+0000] {logging_mixin.py:188} INFO - [2025-10-13T08:31:22.545+0000] {dagbag.py:545} INFO - Filling up the DagBag from /opt/airflow/dags/minio_to_snowflake.py
[2025-10-13T08:31:23.139+0000] {processor.py:840} INFO - DAG(s) 'minio_to_snowflake' retrieved from /opt/airflow/dags/minio_to_snowflake.py
[2025-10-13T08:31:23.172+0000] {logging_mixin.py:188} INFO - [2025-10-13T08:31:23.171+0000] {dag.py:3089} INFO - Sync 1 DAGs
[2025-10-13T08:31:23.200+0000] {logging_mixin.py:188} INFO - [2025-10-13T08:31:23.200+0000] {dag.py:3947} INFO - Setting next_dagrun for minio_to_snowflake to 2025-10-13 08:30:00+00:00, run_after=2025-10-13 08:31:00+00:00
[2025-10-13T08:31:23.222+0000] {processor.py:183} INFO - Processing /opt/airflow/dags/minio_to_snowflake.py took 0.687 seconds
[2025-10-13T08:31:53.407+0000] {processor.py:161} INFO - Started process (PID=54985) to work on /opt/airflow/dags/minio_to_snowflake.py
[2025-10-13T08:31:53.408+0000] {processor.py:830} INFO - Processing file /opt/airflow/dags/minio_to_snowflake.py for tasks to queue
[2025-10-13T08:31:53.410+0000] {logging_mixin.py:188} INFO - [2025-10-13T08:31:53.410+0000] {dagbag.py:545} INFO - Filling up the DagBag from /opt/airflow/dags/minio_to_snowflake.py
[2025-10-13T08:31:53.928+0000] {processor.py:840} INFO - DAG(s) 'minio_to_snowflake' retrieved from /opt/airflow/dags/minio_to_snowflake.py
[2025-10-13T08:31:53.954+0000] {logging_mixin.py:188} INFO - [2025-10-13T08:31:53.953+0000] {dag.py:3089} INFO - Sync 1 DAGs
[2025-10-13T08:31:53.978+0000] {logging_mixin.py:188} INFO - [2025-10-13T08:31:53.978+0000] {dag.py:3947} INFO - Setting next_dagrun for minio_to_snowflake to 2025-10-13 08:31:00+00:00, run_after=2025-10-13 08:32:00+00:00
[2025-10-13T08:31:53.998+0000] {processor.py:183} INFO - Processing /opt/airflow/dags/minio_to_snowflake.py took 0.596 seconds
[2025-10-13T08:32:24.215+0000] {processor.py:161} INFO - Started process (PID=55129) to work on /opt/airflow/dags/minio_to_snowflake.py
[2025-10-13T08:32:24.217+0000] {processor.py:830} INFO - Processing file /opt/airflow/dags/minio_to_snowflake.py for tasks to queue
[2025-10-13T08:32:24.219+0000] {logging_mixin.py:188} INFO - [2025-10-13T08:32:24.218+0000] {dagbag.py:545} INFO - Filling up the DagBag from /opt/airflow/dags/minio_to_snowflake.py
[2025-10-13T08:32:24.748+0000] {processor.py:840} INFO - DAG(s) 'minio_to_snowflake' retrieved from /opt/airflow/dags/minio_to_snowflake.py
[2025-10-13T08:32:24.774+0000] {logging_mixin.py:188} INFO - [2025-10-13T08:32:24.773+0000] {dag.py:3089} INFO - Sync 1 DAGs
[2025-10-13T08:32:24.798+0000] {logging_mixin.py:188} INFO - [2025-10-13T08:32:24.798+0000] {dag.py:3947} INFO - Setting next_dagrun for minio_to_snowflake to 2025-10-13 08:31:00+00:00, run_after=2025-10-13 08:32:00+00:00
[2025-10-13T08:32:24.819+0000] {processor.py:183} INFO - Processing /opt/airflow/dags/minio_to_snowflake.py took 0.611 seconds
[2025-10-13T08:32:55.025+0000] {processor.py:161} INFO - Started process (PID=55317) to work on /opt/airflow/dags/minio_to_snowflake.py
[2025-10-13T08:32:55.026+0000] {processor.py:830} INFO - Processing file /opt/airflow/dags/minio_to_snowflake.py for tasks to queue
[2025-10-13T08:32:55.028+0000] {logging_mixin.py:188} INFO - [2025-10-13T08:32:55.028+0000] {dagbag.py:545} INFO - Filling up the DagBag from /opt/airflow/dags/minio_to_snowflake.py
[2025-10-13T08:32:55.593+0000] {processor.py:840} INFO - DAG(s) 'minio_to_snowflake' retrieved from /opt/airflow/dags/minio_to_snowflake.py
[2025-10-13T08:32:55.619+0000] {logging_mixin.py:188} INFO - [2025-10-13T08:32:55.619+0000] {dag.py:3089} INFO - Sync 1 DAGs
[2025-10-13T08:32:55.645+0000] {logging_mixin.py:188} INFO - [2025-10-13T08:32:55.645+0000] {dag.py:3947} INFO - Setting next_dagrun for minio_to_snowflake to 2025-10-13 08:31:00+00:00, run_after=2025-10-13 08:32:00+00:00
[2025-10-13T08:32:55.668+0000] {processor.py:183} INFO - Processing /opt/airflow/dags/minio_to_snowflake.py took 0.648 seconds
[2025-10-13T08:33:25.879+0000] {processor.py:161} INFO - Started process (PID=55530) to work on /opt/airflow/dags/minio_to_snowflake.py
[2025-10-13T08:33:25.880+0000] {processor.py:830} INFO - Processing file /opt/airflow/dags/minio_to_snowflake.py for tasks to queue
[2025-10-13T08:33:25.882+0000] {logging_mixin.py:188} INFO - [2025-10-13T08:33:25.882+0000] {dagbag.py:545} INFO - Filling up the DagBag from /opt/airflow/dags/minio_to_snowflake.py
[2025-10-13T08:33:26.474+0000] {processor.py:840} INFO - DAG(s) 'minio_to_snowflake' retrieved from /opt/airflow/dags/minio_to_snowflake.py
[2025-10-13T08:33:26.502+0000] {logging_mixin.py:188} INFO - [2025-10-13T08:33:26.501+0000] {dag.py:3089} INFO - Sync 1 DAGs
[2025-10-13T08:33:26.526+0000] {logging_mixin.py:188} INFO - [2025-10-13T08:33:26.526+0000] {dag.py:3947} INFO - Setting next_dagrun for minio_to_snowflake to 2025-10-13 08:32:00+00:00, run_after=2025-10-13 08:33:00+00:00
[2025-10-13T08:33:26.547+0000] {processor.py:183} INFO - Processing /opt/airflow/dags/minio_to_snowflake.py took 0.680 seconds
[2025-10-13T08:33:56.755+0000] {processor.py:161} INFO - Started process (PID=55715) to work on /opt/airflow/dags/minio_to_snowflake.py
[2025-10-13T08:33:56.756+0000] {processor.py:830} INFO - Processing file /opt/airflow/dags/minio_to_snowflake.py for tasks to queue
[2025-10-13T08:33:56.758+0000] {logging_mixin.py:188} INFO - [2025-10-13T08:33:56.757+0000] {dagbag.py:545} INFO - Filling up the DagBag from /opt/airflow/dags/minio_to_snowflake.py
[2025-10-13T08:33:57.827+0000] {processor.py:840} INFO - DAG(s) 'minio_to_snowflake' retrieved from /opt/airflow/dags/minio_to_snowflake.py
[2025-10-13T08:33:57.859+0000] {logging_mixin.py:188} INFO - [2025-10-13T08:33:57.858+0000] {dag.py:3089} INFO - Sync 1 DAGs
[2025-10-13T08:33:57.885+0000] {logging_mixin.py:188} INFO - [2025-10-13T08:33:57.885+0000] {dag.py:3947} INFO - Setting next_dagrun for minio_to_snowflake to 2025-10-13 08:32:00+00:00, run_after=2025-10-13 08:33:00+00:00
[2025-10-13T08:33:57.906+0000] {processor.py:183} INFO - Processing /opt/airflow/dags/minio_to_snowflake.py took 1.157 seconds
[2025-10-13T08:34:27.996+0000] {processor.py:161} INFO - Started process (PID=55894) to work on /opt/airflow/dags/minio_to_snowflake.py
[2025-10-13T08:34:27.997+0000] {processor.py:830} INFO - Processing file /opt/airflow/dags/minio_to_snowflake.py for tasks to queue
[2025-10-13T08:34:27.999+0000] {logging_mixin.py:188} INFO - [2025-10-13T08:34:27.999+0000] {dagbag.py:545} INFO - Filling up the DagBag from /opt/airflow/dags/minio_to_snowflake.py
[2025-10-13T08:34:28.743+0000] {processor.py:840} INFO - DAG(s) 'minio_to_snowflake' retrieved from /opt/airflow/dags/minio_to_snowflake.py
[2025-10-13T08:34:28.780+0000] {logging_mixin.py:188} INFO - [2025-10-13T08:34:28.780+0000] {dag.py:3089} INFO - Sync 1 DAGs
[2025-10-13T08:34:28.809+0000] {logging_mixin.py:188} INFO - [2025-10-13T08:34:28.809+0000] {dag.py:3947} INFO - Setting next_dagrun for minio_to_snowflake to 2025-10-13 08:33:00+00:00, run_after=2025-10-13 08:34:00+00:00
[2025-10-13T08:34:28.829+0000] {processor.py:183} INFO - Processing /opt/airflow/dags/minio_to_snowflake.py took 0.839 seconds
[2025-10-13T08:34:59.199+0000] {processor.py:161} INFO - Started process (PID=57991) to work on /opt/airflow/dags/minio_to_snowflake.py
[2025-10-13T08:34:59.200+0000] {processor.py:830} INFO - Processing file /opt/airflow/dags/minio_to_snowflake.py for tasks to queue
[2025-10-13T08:34:59.202+0000] {logging_mixin.py:188} INFO - [2025-10-13T08:34:59.202+0000] {dagbag.py:545} INFO - Filling up the DagBag from /opt/airflow/dags/minio_to_snowflake.py
[2025-10-13T08:34:59.735+0000] {processor.py:840} INFO - DAG(s) 'minio_to_snowflake' retrieved from /opt/airflow/dags/minio_to_snowflake.py
[2025-10-13T08:34:59.758+0000] {logging_mixin.py:188} INFO - [2025-10-13T08:34:59.758+0000] {dag.py:3089} INFO - Sync 1 DAGs
[2025-10-13T08:34:59.779+0000] {logging_mixin.py:188} INFO - [2025-10-13T08:34:59.779+0000] {dag.py:3947} INFO - Setting next_dagrun for minio_to_snowflake to 2025-10-13 08:34:00+00:00, run_after=2025-10-13 08:35:00+00:00
[2025-10-13T08:34:59.800+0000] {processor.py:183} INFO - Processing /opt/airflow/dags/minio_to_snowflake.py took 0.607 seconds
[2025-10-13T08:35:30.005+0000] {processor.py:161} INFO - Started process (PID=58185) to work on /opt/airflow/dags/minio_to_snowflake.py
[2025-10-13T08:35:30.006+0000] {processor.py:830} INFO - Processing file /opt/airflow/dags/minio_to_snowflake.py for tasks to queue
[2025-10-13T08:35:30.008+0000] {logging_mixin.py:188} INFO - [2025-10-13T08:35:30.007+0000] {dagbag.py:545} INFO - Filling up the DagBag from /opt/airflow/dags/minio_to_snowflake.py
[2025-10-13T08:35:30.539+0000] {processor.py:840} INFO - DAG(s) 'minio_to_snowflake' retrieved from /opt/airflow/dags/minio_to_snowflake.py
[2025-10-13T08:35:30.566+0000] {logging_mixin.py:188} INFO - [2025-10-13T08:35:30.566+0000] {dag.py:3089} INFO - Sync 1 DAGs
[2025-10-13T08:35:30.591+0000] {logging_mixin.py:188} INFO - [2025-10-13T08:35:30.590+0000] {dag.py:3947} INFO - Setting next_dagrun for minio_to_snowflake to 2025-10-13 08:34:00+00:00, run_after=2025-10-13 08:35:00+00:00
[2025-10-13T08:35:30.610+0000] {processor.py:183} INFO - Processing /opt/airflow/dags/minio_to_snowflake.py took 0.610 seconds
[2025-10-13T08:36:00.849+0000] {processor.py:161} INFO - Started process (PID=58345) to work on /opt/airflow/dags/minio_to_snowflake.py
[2025-10-13T08:36:00.850+0000] {processor.py:830} INFO - Processing file /opt/airflow/dags/minio_to_snowflake.py for tasks to queue
[2025-10-13T08:36:00.852+0000] {logging_mixin.py:188} INFO - [2025-10-13T08:36:00.852+0000] {dagbag.py:545} INFO - Filling up the DagBag from /opt/airflow/dags/minio_to_snowflake.py
[2025-10-13T08:36:01.896+0000] {processor.py:840} INFO - DAG(s) 'minio_to_snowflake' retrieved from /opt/airflow/dags/minio_to_snowflake.py
[2025-10-13T08:36:01.929+0000] {logging_mixin.py:188} INFO - [2025-10-13T08:36:01.928+0000] {dag.py:3089} INFO - Sync 1 DAGs
[2025-10-13T08:36:01.976+0000] {logging_mixin.py:188} INFO - [2025-10-13T08:36:01.975+0000] {dag.py:3947} INFO - Setting next_dagrun for minio_to_snowflake to 2025-10-13 08:35:00+00:00, run_after=2025-10-13 08:36:00+00:00
[2025-10-13T08:36:02.000+0000] {processor.py:183} INFO - Processing /opt/airflow/dags/minio_to_snowflake.py took 1.159 seconds
[2025-10-13T08:36:32.045+0000] {processor.py:161} INFO - Started process (PID=58526) to work on /opt/airflow/dags/minio_to_snowflake.py
[2025-10-13T08:36:32.047+0000] {processor.py:830} INFO - Processing file /opt/airflow/dags/minio_to_snowflake.py for tasks to queue
[2025-10-13T08:36:32.048+0000] {logging_mixin.py:188} INFO - [2025-10-13T08:36:32.048+0000] {dagbag.py:545} INFO - Filling up the DagBag from /opt/airflow/dags/minio_to_snowflake.py
[2025-10-13T08:36:32.562+0000] {processor.py:840} INFO - DAG(s) 'minio_to_snowflake' retrieved from /opt/airflow/dags/minio_to_snowflake.py
[2025-10-13T08:36:32.590+0000] {logging_mixin.py:188} INFO - [2025-10-13T08:36:32.589+0000] {dag.py:3089} INFO - Sync 1 DAGs
[2025-10-13T08:36:32.616+0000] {logging_mixin.py:188} INFO - [2025-10-13T08:36:32.615+0000] {dag.py:3947} INFO - Setting next_dagrun for minio_to_snowflake to 2025-10-13 08:35:00+00:00, run_after=2025-10-13 08:36:00+00:00
[2025-10-13T08:36:32.638+0000] {processor.py:183} INFO - Processing /opt/airflow/dags/minio_to_snowflake.py took 0.598 seconds
[2025-10-13T08:37:02.883+0000] {processor.py:161} INFO - Started process (PID=58703) to work on /opt/airflow/dags/minio_to_snowflake.py
[2025-10-13T08:37:02.885+0000] {processor.py:830} INFO - Processing file /opt/airflow/dags/minio_to_snowflake.py for tasks to queue
[2025-10-13T08:37:02.887+0000] {logging_mixin.py:188} INFO - [2025-10-13T08:37:02.886+0000] {dagbag.py:545} INFO - Filling up the DagBag from /opt/airflow/dags/minio_to_snowflake.py
[2025-10-13T08:37:03.471+0000] {processor.py:840} INFO - DAG(s) 'minio_to_snowflake' retrieved from /opt/airflow/dags/minio_to_snowflake.py
[2025-10-13T08:37:03.501+0000] {logging_mixin.py:188} INFO - [2025-10-13T08:37:03.501+0000] {dag.py:3089} INFO - Sync 1 DAGs
[2025-10-13T08:37:03.525+0000] {logging_mixin.py:188} INFO - [2025-10-13T08:37:03.525+0000] {dag.py:3947} INFO - Setting next_dagrun for minio_to_snowflake to 2025-10-13 08:36:00+00:00, run_after=2025-10-13 08:37:00+00:00
[2025-10-13T08:37:03.542+0000] {processor.py:183} INFO - Processing /opt/airflow/dags/minio_to_snowflake.py took 0.665 seconds
[2025-10-13T08:37:33.754+0000] {processor.py:161} INFO - Started process (PID=58884) to work on /opt/airflow/dags/minio_to_snowflake.py
[2025-10-13T08:37:33.756+0000] {processor.py:830} INFO - Processing file /opt/airflow/dags/minio_to_snowflake.py for tasks to queue
[2025-10-13T08:37:33.758+0000] {logging_mixin.py:188} INFO - [2025-10-13T08:37:33.757+0000] {dagbag.py:545} INFO - Filling up the DagBag from /opt/airflow/dags/minio_to_snowflake.py
[2025-10-13T08:37:34.280+0000] {processor.py:840} INFO - DAG(s) 'minio_to_snowflake' retrieved from /opt/airflow/dags/minio_to_snowflake.py
[2025-10-13T08:37:34.305+0000] {logging_mixin.py:188} INFO - [2025-10-13T08:37:34.305+0000] {dag.py:3089} INFO - Sync 1 DAGs
[2025-10-13T08:37:34.327+0000] {logging_mixin.py:188} INFO - [2025-10-13T08:37:34.327+0000] {dag.py:3947} INFO - Setting next_dagrun for minio_to_snowflake to 2025-10-13 08:36:00+00:00, run_after=2025-10-13 08:37:00+00:00
[2025-10-13T08:37:34.347+0000] {processor.py:183} INFO - Processing /opt/airflow/dags/minio_to_snowflake.py took 0.599 seconds
[2025-10-13T08:38:04.572+0000] {processor.py:161} INFO - Started process (PID=59850) to work on /opt/airflow/dags/minio_to_snowflake.py
[2025-10-13T08:38:04.574+0000] {processor.py:830} INFO - Processing file /opt/airflow/dags/minio_to_snowflake.py for tasks to queue
[2025-10-13T08:38:04.576+0000] {logging_mixin.py:188} INFO - [2025-10-13T08:38:04.576+0000] {dagbag.py:545} INFO - Filling up the DagBag from /opt/airflow/dags/minio_to_snowflake.py
[2025-10-13T08:38:05.192+0000] {processor.py:840} INFO - DAG(s) 'minio_to_snowflake' retrieved from /opt/airflow/dags/minio_to_snowflake.py
[2025-10-13T08:38:05.226+0000] {logging_mixin.py:188} INFO - [2025-10-13T08:38:05.225+0000] {dag.py:3089} INFO - Sync 1 DAGs
[2025-10-13T08:38:05.255+0000] {logging_mixin.py:188} INFO - [2025-10-13T08:38:05.255+0000] {dag.py:3947} INFO - Setting next_dagrun for minio_to_snowflake to 2025-10-13 08:37:00+00:00, run_after=2025-10-13 08:38:00+00:00
[2025-10-13T08:38:05.281+0000] {processor.py:183} INFO - Processing /opt/airflow/dags/minio_to_snowflake.py took 0.716 seconds
[2025-10-13T08:38:35.494+0000] {processor.py:161} INFO - Started process (PID=61152) to work on /opt/airflow/dags/minio_to_snowflake.py
[2025-10-13T08:38:35.496+0000] {processor.py:830} INFO - Processing file /opt/airflow/dags/minio_to_snowflake.py for tasks to queue
[2025-10-13T08:38:35.498+0000] {logging_mixin.py:188} INFO - [2025-10-13T08:38:35.498+0000] {dagbag.py:545} INFO - Filling up the DagBag from /opt/airflow/dags/minio_to_snowflake.py
[2025-10-13T08:38:36.014+0000] {processor.py:840} INFO - DAG(s) 'minio_to_snowflake' retrieved from /opt/airflow/dags/minio_to_snowflake.py
[2025-10-13T08:38:36.042+0000] {logging_mixin.py:188} INFO - [2025-10-13T08:38:36.041+0000] {dag.py:3089} INFO - Sync 1 DAGs
[2025-10-13T08:38:36.066+0000] {logging_mixin.py:188} INFO - [2025-10-13T08:38:36.066+0000] {dag.py:3947} INFO - Setting next_dagrun for minio_to_snowflake to 2025-10-13 08:37:00+00:00, run_after=2025-10-13 08:38:00+00:00
[2025-10-13T08:38:36.087+0000] {processor.py:183} INFO - Processing /opt/airflow/dags/minio_to_snowflake.py took 0.598 seconds
[2025-10-13T08:39:06.339+0000] {processor.py:161} INFO - Started process (PID=61357) to work on /opt/airflow/dags/minio_to_snowflake.py
[2025-10-13T08:39:06.340+0000] {processor.py:830} INFO - Processing file /opt/airflow/dags/minio_to_snowflake.py for tasks to queue
[2025-10-13T08:39:06.342+0000] {logging_mixin.py:188} INFO - [2025-10-13T08:39:06.342+0000] {dagbag.py:545} INFO - Filling up the DagBag from /opt/airflow/dags/minio_to_snowflake.py
[2025-10-13T08:39:06.883+0000] {processor.py:840} INFO - DAG(s) 'minio_to_snowflake' retrieved from /opt/airflow/dags/minio_to_snowflake.py
[2025-10-13T08:39:06.912+0000] {logging_mixin.py:188} INFO - [2025-10-13T08:39:06.911+0000] {dag.py:3089} INFO - Sync 1 DAGs
[2025-10-13T08:39:06.937+0000] {logging_mixin.py:188} INFO - [2025-10-13T08:39:06.937+0000] {dag.py:3947} INFO - Setting next_dagrun for minio_to_snowflake to 2025-10-13 08:38:00+00:00, run_after=2025-10-13 08:39:00+00:00
[2025-10-13T08:39:06.957+0000] {processor.py:183} INFO - Processing /opt/airflow/dags/minio_to_snowflake.py took 0.623 seconds
[2025-10-13T08:39:37.424+0000] {processor.py:161} INFO - Started process (PID=61561) to work on /opt/airflow/dags/minio_to_snowflake.py
[2025-10-13T08:39:37.431+0000] {processor.py:830} INFO - Processing file /opt/airflow/dags/minio_to_snowflake.py for tasks to queue
[2025-10-13T08:39:37.438+0000] {logging_mixin.py:188} INFO - [2025-10-13T08:39:37.438+0000] {dagbag.py:545} INFO - Filling up the DagBag from /opt/airflow/dags/minio_to_snowflake.py
[2025-10-13T08:39:38.255+0000] {processor.py:840} INFO - DAG(s) 'minio_to_snowflake' retrieved from /opt/airflow/dags/minio_to_snowflake.py
[2025-10-13T08:39:38.283+0000] {logging_mixin.py:188} INFO - [2025-10-13T08:39:38.282+0000] {dag.py:3089} INFO - Sync 1 DAGs
[2025-10-13T08:39:38.305+0000] {logging_mixin.py:188} INFO - [2025-10-13T08:39:38.305+0000] {dag.py:3947} INFO - Setting next_dagrun for minio_to_snowflake to 2025-10-13 08:38:00+00:00, run_after=2025-10-13 08:39:00+00:00
[2025-10-13T08:39:38.327+0000] {processor.py:183} INFO - Processing /opt/airflow/dags/minio_to_snowflake.py took 0.913 seconds
[2025-10-13T08:40:08.583+0000] {processor.py:161} INFO - Started process (PID=61784) to work on /opt/airflow/dags/minio_to_snowflake.py
[2025-10-13T08:40:08.584+0000] {processor.py:830} INFO - Processing file /opt/airflow/dags/minio_to_snowflake.py for tasks to queue
[2025-10-13T08:40:08.586+0000] {logging_mixin.py:188} INFO - [2025-10-13T08:40:08.586+0000] {dagbag.py:545} INFO - Filling up the DagBag from /opt/airflow/dags/minio_to_snowflake.py
[2025-10-13T08:40:09.322+0000] {processor.py:840} INFO - DAG(s) 'minio_to_snowflake' retrieved from /opt/airflow/dags/minio_to_snowflake.py
[2025-10-13T08:40:09.348+0000] {logging_mixin.py:188} INFO - [2025-10-13T08:40:09.348+0000] {dag.py:3089} INFO - Sync 1 DAGs
[2025-10-13T08:40:09.394+0000] {logging_mixin.py:188} INFO - [2025-10-13T08:40:09.394+0000] {dag.py:3947} INFO - Setting next_dagrun for minio_to_snowflake to 2025-10-13 08:39:00+00:00, run_after=2025-10-13 08:40:00+00:00
[2025-10-13T08:40:09.443+0000] {processor.py:183} INFO - Processing /opt/airflow/dags/minio_to_snowflake.py took 0.865 seconds
[2025-10-13T08:40:39.688+0000] {processor.py:161} INFO - Started process (PID=61989) to work on /opt/airflow/dags/minio_to_snowflake.py
[2025-10-13T08:40:39.689+0000] {processor.py:830} INFO - Processing file /opt/airflow/dags/minio_to_snowflake.py for tasks to queue
[2025-10-13T08:40:39.691+0000] {logging_mixin.py:188} INFO - [2025-10-13T08:40:39.691+0000] {dagbag.py:545} INFO - Filling up the DagBag from /opt/airflow/dags/minio_to_snowflake.py
[2025-10-13T08:40:40.359+0000] {processor.py:840} INFO - DAG(s) 'minio_to_snowflake' retrieved from /opt/airflow/dags/minio_to_snowflake.py
[2025-10-13T08:40:40.385+0000] {logging_mixin.py:188} INFO - [2025-10-13T08:40:40.385+0000] {dag.py:3089} INFO - Sync 1 DAGs
[2025-10-13T08:40:40.409+0000] {logging_mixin.py:188} INFO - [2025-10-13T08:40:40.409+0000] {dag.py:3947} INFO - Setting next_dagrun for minio_to_snowflake to 2025-10-13 08:39:00+00:00, run_after=2025-10-13 08:40:00+00:00
[2025-10-13T08:40:40.428+0000] {processor.py:183} INFO - Processing /opt/airflow/dags/minio_to_snowflake.py took 0.746 seconds
[2025-10-13T08:41:10.666+0000] {processor.py:161} INFO - Started process (PID=64097) to work on /opt/airflow/dags/minio_to_snowflake.py
[2025-10-13T08:41:10.667+0000] {processor.py:830} INFO - Processing file /opt/airflow/dags/minio_to_snowflake.py for tasks to queue
[2025-10-13T08:41:10.669+0000] {logging_mixin.py:188} INFO - [2025-10-13T08:41:10.669+0000] {dagbag.py:545} INFO - Filling up the DagBag from /opt/airflow/dags/minio_to_snowflake.py
[2025-10-13T08:41:11.271+0000] {processor.py:840} INFO - DAG(s) 'minio_to_snowflake' retrieved from /opt/airflow/dags/minio_to_snowflake.py
[2025-10-13T08:41:11.296+0000] {logging_mixin.py:188} INFO - [2025-10-13T08:41:11.296+0000] {dag.py:3089} INFO - Sync 1 DAGs
[2025-10-13T08:41:11.321+0000] {logging_mixin.py:188} INFO - [2025-10-13T08:41:11.321+0000] {dag.py:3947} INFO - Setting next_dagrun for minio_to_snowflake to 2025-10-13 08:40:00+00:00, run_after=2025-10-13 08:41:00+00:00
[2025-10-13T08:41:11.340+0000] {processor.py:183} INFO - Processing /opt/airflow/dags/minio_to_snowflake.py took 0.679 seconds
[2025-10-13T08:41:41.539+0000] {processor.py:161} INFO - Started process (PID=64292) to work on /opt/airflow/dags/minio_to_snowflake.py
[2025-10-13T08:41:41.542+0000] {processor.py:830} INFO - Processing file /opt/airflow/dags/minio_to_snowflake.py for tasks to queue
[2025-10-13T08:41:41.545+0000] {logging_mixin.py:188} INFO - [2025-10-13T08:41:41.545+0000] {dagbag.py:545} INFO - Filling up the DagBag from /opt/airflow/dags/minio_to_snowflake.py
[2025-10-13T08:41:42.292+0000] {processor.py:840} INFO - DAG(s) 'minio_to_snowflake' retrieved from /opt/airflow/dags/minio_to_snowflake.py
[2025-10-13T08:41:42.321+0000] {logging_mixin.py:188} INFO - [2025-10-13T08:41:42.318+0000] {dag.py:3089} INFO - Sync 1 DAGs
[2025-10-13T08:41:42.348+0000] {logging_mixin.py:188} INFO - [2025-10-13T08:41:42.348+0000] {dag.py:3947} INFO - Setting next_dagrun for minio_to_snowflake to 2025-10-13 08:40:00+00:00, run_after=2025-10-13 08:41:00+00:00
[2025-10-13T08:41:42.366+0000] {processor.py:183} INFO - Processing /opt/airflow/dags/minio_to_snowflake.py took 0.833 seconds
[2025-10-13T08:42:12.464+0000] {processor.py:161} INFO - Started process (PID=64500) to work on /opt/airflow/dags/minio_to_snowflake.py
[2025-10-13T08:42:12.465+0000] {processor.py:830} INFO - Processing file /opt/airflow/dags/minio_to_snowflake.py for tasks to queue
[2025-10-13T08:42:12.467+0000] {logging_mixin.py:188} INFO - [2025-10-13T08:42:12.467+0000] {dagbag.py:545} INFO - Filling up the DagBag from /opt/airflow/dags/minio_to_snowflake.py
[2025-10-13T08:42:13.028+0000] {processor.py:840} INFO - DAG(s) 'minio_to_snowflake' retrieved from /opt/airflow/dags/minio_to_snowflake.py
[2025-10-13T08:42:13.058+0000] {logging_mixin.py:188} INFO - [2025-10-13T08:42:13.056+0000] {dag.py:3089} INFO - Sync 1 DAGs
[2025-10-13T08:42:13.086+0000] {logging_mixin.py:188} INFO - [2025-10-13T08:42:13.085+0000] {dag.py:3947} INFO - Setting next_dagrun for minio_to_snowflake to 2025-10-13 08:41:00+00:00, run_after=2025-10-13 08:42:00+00:00
[2025-10-13T08:42:13.109+0000] {processor.py:183} INFO - Processing /opt/airflow/dags/minio_to_snowflake.py took 0.650 seconds
[2025-10-13T08:42:43.321+0000] {processor.py:161} INFO - Started process (PID=64738) to work on /opt/airflow/dags/minio_to_snowflake.py
[2025-10-13T08:42:43.322+0000] {processor.py:830} INFO - Processing file /opt/airflow/dags/minio_to_snowflake.py for tasks to queue
[2025-10-13T08:42:43.324+0000] {logging_mixin.py:188} INFO - [2025-10-13T08:42:43.323+0000] {dagbag.py:545} INFO - Filling up the DagBag from /opt/airflow/dags/minio_to_snowflake.py
[2025-10-13T08:42:43.956+0000] {processor.py:840} INFO - DAG(s) 'minio_to_snowflake' retrieved from /opt/airflow/dags/minio_to_snowflake.py
[2025-10-13T08:42:43.989+0000] {logging_mixin.py:188} INFO - [2025-10-13T08:42:43.988+0000] {dag.py:3089} INFO - Sync 1 DAGs
[2025-10-13T08:42:44.019+0000] {logging_mixin.py:188} INFO - [2025-10-13T08:42:44.019+0000] {dag.py:3947} INFO - Setting next_dagrun for minio_to_snowflake to 2025-10-13 08:41:00+00:00, run_after=2025-10-13 08:42:00+00:00
[2025-10-13T08:42:44.040+0000] {processor.py:183} INFO - Processing /opt/airflow/dags/minio_to_snowflake.py took 0.725 seconds
[2025-10-13T08:43:14.239+0000] {processor.py:161} INFO - Started process (PID=64962) to work on /opt/airflow/dags/minio_to_snowflake.py
[2025-10-13T08:43:14.241+0000] {processor.py:830} INFO - Processing file /opt/airflow/dags/minio_to_snowflake.py for tasks to queue
[2025-10-13T08:43:14.242+0000] {logging_mixin.py:188} INFO - [2025-10-13T08:43:14.242+0000] {dagbag.py:545} INFO - Filling up the DagBag from /opt/airflow/dags/minio_to_snowflake.py
[2025-10-13T08:43:14.794+0000] {processor.py:840} INFO - DAG(s) 'minio_to_snowflake' retrieved from /opt/airflow/dags/minio_to_snowflake.py
[2025-10-13T08:43:14.823+0000] {logging_mixin.py:188} INFO - [2025-10-13T08:43:14.823+0000] {dag.py:3089} INFO - Sync 1 DAGs
[2025-10-13T08:43:14.850+0000] {logging_mixin.py:188} INFO - [2025-10-13T08:43:14.850+0000] {dag.py:3947} INFO - Setting next_dagrun for minio_to_snowflake to 2025-10-13 08:42:00+00:00, run_after=2025-10-13 08:43:00+00:00
[2025-10-13T08:43:14.882+0000] {processor.py:183} INFO - Processing /opt/airflow/dags/minio_to_snowflake.py took 0.648 seconds
[2025-10-13T08:43:45.110+0000] {processor.py:161} INFO - Started process (PID=66811) to work on /opt/airflow/dags/minio_to_snowflake.py
[2025-10-13T08:43:45.111+0000] {processor.py:830} INFO - Processing file /opt/airflow/dags/minio_to_snowflake.py for tasks to queue
[2025-10-13T08:43:45.114+0000] {logging_mixin.py:188} INFO - [2025-10-13T08:43:45.113+0000] {dagbag.py:545} INFO - Filling up the DagBag from /opt/airflow/dags/minio_to_snowflake.py
[2025-10-13T08:43:45.768+0000] {processor.py:840} INFO - DAG(s) 'minio_to_snowflake' retrieved from /opt/airflow/dags/minio_to_snowflake.py
[2025-10-13T08:43:45.797+0000] {logging_mixin.py:188} INFO - [2025-10-13T08:43:45.797+0000] {dag.py:3089} INFO - Sync 1 DAGs
[2025-10-13T08:43:45.825+0000] {logging_mixin.py:188} INFO - [2025-10-13T08:43:45.824+0000] {dag.py:3947} INFO - Setting next_dagrun for minio_to_snowflake to 2025-10-13 08:43:00+00:00, run_after=2025-10-13 08:44:00+00:00
[2025-10-13T08:43:45.845+0000] {processor.py:183} INFO - Processing /opt/airflow/dags/minio_to_snowflake.py took 0.741 seconds
[2025-10-13T08:44:16.089+0000] {processor.py:161} INFO - Started process (PID=67265) to work on /opt/airflow/dags/minio_to_snowflake.py
[2025-10-13T08:44:16.090+0000] {processor.py:830} INFO - Processing file /opt/airflow/dags/minio_to_snowflake.py for tasks to queue
[2025-10-13T08:44:16.092+0000] {logging_mixin.py:188} INFO - [2025-10-13T08:44:16.092+0000] {dagbag.py:545} INFO - Filling up the DagBag from /opt/airflow/dags/minio_to_snowflake.py
[2025-10-13T08:44:16.675+0000] {processor.py:840} INFO - DAG(s) 'minio_to_snowflake' retrieved from /opt/airflow/dags/minio_to_snowflake.py
[2025-10-13T08:44:16.707+0000] {logging_mixin.py:188} INFO - [2025-10-13T08:44:16.706+0000] {dag.py:3089} INFO - Sync 1 DAGs
[2025-10-13T08:44:16.735+0000] {logging_mixin.py:188} INFO - [2025-10-13T08:44:16.734+0000] {dag.py:3947} INFO - Setting next_dagrun for minio_to_snowflake to 2025-10-13 08:43:00+00:00, run_after=2025-10-13 08:44:00+00:00
[2025-10-13T08:44:16.755+0000] {processor.py:183} INFO - Processing /opt/airflow/dags/minio_to_snowflake.py took 0.673 seconds
[2025-10-13T08:44:46.830+0000] {processor.py:161} INFO - Started process (PID=67477) to work on /opt/airflow/dags/minio_to_snowflake.py
[2025-10-13T08:44:46.832+0000] {processor.py:830} INFO - Processing file /opt/airflow/dags/minio_to_snowflake.py for tasks to queue
[2025-10-13T08:44:46.834+0000] {logging_mixin.py:188} INFO - [2025-10-13T08:44:46.833+0000] {dagbag.py:545} INFO - Filling up the DagBag from /opt/airflow/dags/minio_to_snowflake.py
[2025-10-13T08:44:47.739+0000] {processor.py:840} INFO - DAG(s) 'minio_to_snowflake' retrieved from /opt/airflow/dags/minio_to_snowflake.py
[2025-10-13T08:44:47.830+0000] {logging_mixin.py:188} INFO - [2025-10-13T08:44:47.829+0000] {dag.py:3089} INFO - Sync 1 DAGs
[2025-10-13T08:44:47.916+0000] {logging_mixin.py:188} INFO - [2025-10-13T08:44:47.916+0000] {dag.py:3947} INFO - Setting next_dagrun for minio_to_snowflake to 2025-10-13 08:43:00+00:00, run_after=2025-10-13 08:44:00+00:00
[2025-10-13T08:44:47.982+0000] {processor.py:183} INFO - Processing /opt/airflow/dags/minio_to_snowflake.py took 1.158 seconds
[2025-10-13T08:45:18.181+0000] {processor.py:161} INFO - Started process (PID=67684) to work on /opt/airflow/dags/minio_to_snowflake.py
[2025-10-13T08:45:18.183+0000] {processor.py:830} INFO - Processing file /opt/airflow/dags/minio_to_snowflake.py for tasks to queue
[2025-10-13T08:45:18.185+0000] {logging_mixin.py:188} INFO - [2025-10-13T08:45:18.184+0000] {dagbag.py:545} INFO - Filling up the DagBag from /opt/airflow/dags/minio_to_snowflake.py
[2025-10-13T08:45:18.781+0000] {processor.py:840} INFO - DAG(s) 'minio_to_snowflake' retrieved from /opt/airflow/dags/minio_to_snowflake.py
[2025-10-13T08:45:18.811+0000] {logging_mixin.py:188} INFO - [2025-10-13T08:45:18.809+0000] {dag.py:3089} INFO - Sync 1 DAGs
[2025-10-13T08:45:18.837+0000] {logging_mixin.py:188} INFO - [2025-10-13T08:45:18.837+0000] {dag.py:3947} INFO - Setting next_dagrun for minio_to_snowflake to 2025-10-13 08:44:00+00:00, run_after=2025-10-13 08:45:00+00:00
[2025-10-13T08:45:18.862+0000] {processor.py:183} INFO - Processing /opt/airflow/dags/minio_to_snowflake.py took 0.688 seconds
[2025-10-13T08:45:49.163+0000] {processor.py:161} INFO - Started process (PID=67891) to work on /opt/airflow/dags/minio_to_snowflake.py
[2025-10-13T08:45:49.164+0000] {processor.py:830} INFO - Processing file /opt/airflow/dags/minio_to_snowflake.py for tasks to queue
[2025-10-13T08:45:49.173+0000] {logging_mixin.py:188} INFO - [2025-10-13T08:45:49.167+0000] {dagbag.py:545} INFO - Filling up the DagBag from /opt/airflow/dags/minio_to_snowflake.py
[2025-10-13T08:45:49.854+0000] {processor.py:840} INFO - DAG(s) 'minio_to_snowflake' retrieved from /opt/airflow/dags/minio_to_snowflake.py
[2025-10-13T08:45:49.883+0000] {logging_mixin.py:188} INFO - [2025-10-13T08:45:49.883+0000] {dag.py:3089} INFO - Sync 1 DAGs
[2025-10-13T08:45:49.908+0000] {logging_mixin.py:188} INFO - [2025-10-13T08:45:49.908+0000] {dag.py:3947} INFO - Setting next_dagrun for minio_to_snowflake to 2025-10-13 08:44:00+00:00, run_after=2025-10-13 08:45:00+00:00
[2025-10-13T08:45:49.932+0000] {processor.py:183} INFO - Processing /opt/airflow/dags/minio_to_snowflake.py took 0.783 seconds
[2025-10-13T08:46:20.144+0000] {processor.py:161} INFO - Started process (PID=68060) to work on /opt/airflow/dags/minio_to_snowflake.py
[2025-10-13T08:46:20.145+0000] {processor.py:830} INFO - Processing file /opt/airflow/dags/minio_to_snowflake.py for tasks to queue
[2025-10-13T08:46:20.148+0000] {logging_mixin.py:188} INFO - [2025-10-13T08:46:20.147+0000] {dagbag.py:545} INFO - Filling up the DagBag from /opt/airflow/dags/minio_to_snowflake.py
[2025-10-13T08:46:20.790+0000] {processor.py:840} INFO - DAG(s) 'minio_to_snowflake' retrieved from /opt/airflow/dags/minio_to_snowflake.py
[2025-10-13T08:46:20.817+0000] {logging_mixin.py:188} INFO - [2025-10-13T08:46:20.816+0000] {dag.py:3089} INFO - Sync 1 DAGs
[2025-10-13T08:46:20.842+0000] {logging_mixin.py:188} INFO - [2025-10-13T08:46:20.842+0000] {dag.py:3947} INFO - Setting next_dagrun for minio_to_snowflake to 2025-10-13 08:45:00+00:00, run_after=2025-10-13 08:46:00+00:00
[2025-10-13T08:46:20.861+0000] {processor.py:183} INFO - Processing /opt/airflow/dags/minio_to_snowflake.py took 0.724 seconds
[2025-10-13T08:46:51.079+0000] {processor.py:161} INFO - Started process (PID=70147) to work on /opt/airflow/dags/minio_to_snowflake.py
[2025-10-13T08:46:51.080+0000] {processor.py:830} INFO - Processing file /opt/airflow/dags/minio_to_snowflake.py for tasks to queue
[2025-10-13T08:46:51.083+0000] {logging_mixin.py:188} INFO - [2025-10-13T08:46:51.082+0000] {dagbag.py:545} INFO - Filling up the DagBag from /opt/airflow/dags/minio_to_snowflake.py
[2025-10-13T08:46:51.697+0000] {processor.py:840} INFO - DAG(s) 'minio_to_snowflake' retrieved from /opt/airflow/dags/minio_to_snowflake.py
[2025-10-13T08:46:51.724+0000] {logging_mixin.py:188} INFO - [2025-10-13T08:46:51.723+0000] {dag.py:3089} INFO - Sync 1 DAGs
[2025-10-13T08:46:51.748+0000] {logging_mixin.py:188} INFO - [2025-10-13T08:46:51.748+0000] {dag.py:3947} INFO - Setting next_dagrun for minio_to_snowflake to 2025-10-13 08:46:00+00:00, run_after=2025-10-13 08:47:00+00:00
[2025-10-13T08:46:51.777+0000] {processor.py:183} INFO - Processing /opt/airflow/dags/minio_to_snowflake.py took 0.705 seconds
[2025-10-13T08:47:21.889+0000] {processor.py:161} INFO - Started process (PID=70343) to work on /opt/airflow/dags/minio_to_snowflake.py
[2025-10-13T08:47:21.890+0000] {processor.py:830} INFO - Processing file /opt/airflow/dags/minio_to_snowflake.py for tasks to queue
[2025-10-13T08:47:21.892+0000] {logging_mixin.py:188} INFO - [2025-10-13T08:47:21.892+0000] {dagbag.py:545} INFO - Filling up the DagBag from /opt/airflow/dags/minio_to_snowflake.py
[2025-10-13T08:47:22.470+0000] {processor.py:840} INFO - DAG(s) 'minio_to_snowflake' retrieved from /opt/airflow/dags/minio_to_snowflake.py
[2025-10-13T08:47:22.499+0000] {logging_mixin.py:188} INFO - [2025-10-13T08:47:22.498+0000] {dag.py:3089} INFO - Sync 1 DAGs
[2025-10-13T08:47:22.526+0000] {logging_mixin.py:188} INFO - [2025-10-13T08:47:22.526+0000] {dag.py:3947} INFO - Setting next_dagrun for minio_to_snowflake to 2025-10-13 08:46:00+00:00, run_after=2025-10-13 08:47:00+00:00
[2025-10-13T08:47:22.548+0000] {processor.py:183} INFO - Processing /opt/airflow/dags/minio_to_snowflake.py took 0.665 seconds
[2025-10-13T08:47:52.770+0000] {processor.py:161} INFO - Started process (PID=70536) to work on /opt/airflow/dags/minio_to_snowflake.py
[2025-10-13T08:47:52.771+0000] {processor.py:830} INFO - Processing file /opt/airflow/dags/minio_to_snowflake.py for tasks to queue
[2025-10-13T08:47:52.773+0000] {logging_mixin.py:188} INFO - [2025-10-13T08:47:52.773+0000] {dagbag.py:545} INFO - Filling up the DagBag from /opt/airflow/dags/minio_to_snowflake.py
[2025-10-13T08:47:53.373+0000] {processor.py:840} INFO - DAG(s) 'minio_to_snowflake' retrieved from /opt/airflow/dags/minio_to_snowflake.py
[2025-10-13T08:47:53.399+0000] {logging_mixin.py:188} INFO - [2025-10-13T08:47:53.399+0000] {dag.py:3089} INFO - Sync 1 DAGs
[2025-10-13T08:47:53.425+0000] {logging_mixin.py:188} INFO - [2025-10-13T08:47:53.425+0000] {dag.py:3947} INFO - Setting next_dagrun for minio_to_snowflake to 2025-10-13 08:46:00+00:00, run_after=2025-10-13 08:47:00+00:00
[2025-10-13T08:47:53.447+0000] {processor.py:183} INFO - Processing /opt/airflow/dags/minio_to_snowflake.py took 0.683 seconds
[2025-10-13T08:48:23.662+0000] {processor.py:161} INFO - Started process (PID=70743) to work on /opt/airflow/dags/minio_to_snowflake.py
[2025-10-13T08:48:23.663+0000] {processor.py:830} INFO - Processing file /opt/airflow/dags/minio_to_snowflake.py for tasks to queue
[2025-10-13T08:48:23.665+0000] {logging_mixin.py:188} INFO - [2025-10-13T08:48:23.665+0000] {dagbag.py:545} INFO - Filling up the DagBag from /opt/airflow/dags/minio_to_snowflake.py
[2025-10-13T08:48:24.428+0000] {processor.py:840} INFO - DAG(s) 'minio_to_snowflake' retrieved from /opt/airflow/dags/minio_to_snowflake.py
[2025-10-13T08:48:24.458+0000] {logging_mixin.py:188} INFO - [2025-10-13T08:48:24.457+0000] {dag.py:3089} INFO - Sync 1 DAGs
[2025-10-13T08:48:24.485+0000] {logging_mixin.py:188} INFO - [2025-10-13T08:48:24.485+0000] {dag.py:3947} INFO - Setting next_dagrun for minio_to_snowflake to 2025-10-13 08:47:00+00:00, run_after=2025-10-13 08:48:00+00:00
[2025-10-13T08:48:24.504+0000] {processor.py:183} INFO - Processing /opt/airflow/dags/minio_to_snowflake.py took 0.849 seconds
[2025-10-13T08:48:54.599+0000] {processor.py:161} INFO - Started process (PID=70945) to work on /opt/airflow/dags/minio_to_snowflake.py
[2025-10-13T08:48:54.601+0000] {processor.py:830} INFO - Processing file /opt/airflow/dags/minio_to_snowflake.py for tasks to queue
[2025-10-13T08:48:54.603+0000] {logging_mixin.py:188} INFO - [2025-10-13T08:48:54.603+0000] {dagbag.py:545} INFO - Filling up the DagBag from /opt/airflow/dags/minio_to_snowflake.py
[2025-10-13T08:48:55.175+0000] {processor.py:840} INFO - DAG(s) 'minio_to_snowflake' retrieved from /opt/airflow/dags/minio_to_snowflake.py
[2025-10-13T08:48:55.203+0000] {logging_mixin.py:188} INFO - [2025-10-13T08:48:55.202+0000] {dag.py:3089} INFO - Sync 1 DAGs
[2025-10-13T08:48:55.229+0000] {logging_mixin.py:188} INFO - [2025-10-13T08:48:55.229+0000] {dag.py:3947} INFO - Setting next_dagrun for minio_to_snowflake to 2025-10-13 08:47:00+00:00, run_after=2025-10-13 08:48:00+00:00
[2025-10-13T08:48:55.248+0000] {processor.py:183} INFO - Processing /opt/airflow/dags/minio_to_snowflake.py took 0.656 seconds
[2025-10-13T08:49:25.459+0000] {processor.py:161} INFO - Started process (PID=71163) to work on /opt/airflow/dags/minio_to_snowflake.py
[2025-10-13T08:49:25.460+0000] {processor.py:830} INFO - Processing file /opt/airflow/dags/minio_to_snowflake.py for tasks to queue
[2025-10-13T08:49:25.462+0000] {logging_mixin.py:188} INFO - [2025-10-13T08:49:25.462+0000] {dagbag.py:545} INFO - Filling up the DagBag from /opt/airflow/dags/minio_to_snowflake.py
[2025-10-13T08:49:26.085+0000] {processor.py:840} INFO - DAG(s) 'minio_to_snowflake' retrieved from /opt/airflow/dags/minio_to_snowflake.py
[2025-10-13T08:49:26.115+0000] {logging_mixin.py:188} INFO - [2025-10-13T08:49:26.115+0000] {dag.py:3089} INFO - Sync 1 DAGs
[2025-10-13T08:49:26.141+0000] {logging_mixin.py:188} INFO - [2025-10-13T08:49:26.141+0000] {dag.py:3947} INFO - Setting next_dagrun for minio_to_snowflake to 2025-10-13 08:48:00+00:00, run_after=2025-10-13 08:49:00+00:00
[2025-10-13T08:49:26.161+0000] {processor.py:183} INFO - Processing /opt/airflow/dags/minio_to_snowflake.py took 0.708 seconds
[2025-10-13T08:49:56.370+0000] {processor.py:161} INFO - Started process (PID=73264) to work on /opt/airflow/dags/minio_to_snowflake.py
[2025-10-13T08:49:56.371+0000] {processor.py:830} INFO - Processing file /opt/airflow/dags/minio_to_snowflake.py for tasks to queue
[2025-10-13T08:49:56.373+0000] {logging_mixin.py:188} INFO - [2025-10-13T08:49:56.373+0000] {dagbag.py:545} INFO - Filling up the DagBag from /opt/airflow/dags/minio_to_snowflake.py
[2025-10-13T08:49:56.976+0000] {processor.py:840} INFO - DAG(s) 'minio_to_snowflake' retrieved from /opt/airflow/dags/minio_to_snowflake.py
[2025-10-13T08:49:57.005+0000] {logging_mixin.py:188} INFO - [2025-10-13T08:49:57.004+0000] {dag.py:3089} INFO - Sync 1 DAGs
[2025-10-13T08:49:57.032+0000] {logging_mixin.py:188} INFO - [2025-10-13T08:49:57.031+0000] {dag.py:3947} INFO - Setting next_dagrun for minio_to_snowflake to 2025-10-13 08:49:00+00:00, run_after=2025-10-13 08:50:00+00:00
[2025-10-13T08:49:57.056+0000] {processor.py:183} INFO - Processing /opt/airflow/dags/minio_to_snowflake.py took 0.692 seconds
[2025-10-13T08:50:27.277+0000] {processor.py:161} INFO - Started process (PID=73468) to work on /opt/airflow/dags/minio_to_snowflake.py
[2025-10-13T08:50:27.279+0000] {processor.py:830} INFO - Processing file /opt/airflow/dags/minio_to_snowflake.py for tasks to queue
[2025-10-13T08:50:27.281+0000] {logging_mixin.py:188} INFO - [2025-10-13T08:50:27.280+0000] {dagbag.py:545} INFO - Filling up the DagBag from /opt/airflow/dags/minio_to_snowflake.py
[2025-10-13T08:50:28.396+0000] {processor.py:840} INFO - DAG(s) 'minio_to_snowflake' retrieved from /opt/airflow/dags/minio_to_snowflake.py
[2025-10-13T08:50:28.502+0000] {logging_mixin.py:188} INFO - [2025-10-13T08:50:28.501+0000] {dag.py:3089} INFO - Sync 1 DAGs
[2025-10-13T08:50:28.604+0000] {logging_mixin.py:188} INFO - [2025-10-13T08:50:28.594+0000] {dag.py:3947} INFO - Setting next_dagrun for minio_to_snowflake to 2025-10-13 08:49:00+00:00, run_after=2025-10-13 08:50:00+00:00
[2025-10-13T08:50:28.655+0000] {processor.py:183} INFO - Processing /opt/airflow/dags/minio_to_snowflake.py took 1.384 seconds
[2025-10-13T08:50:58.779+0000] {processor.py:161} INFO - Started process (PID=73683) to work on /opt/airflow/dags/minio_to_snowflake.py
[2025-10-13T08:50:58.780+0000] {processor.py:830} INFO - Processing file /opt/airflow/dags/minio_to_snowflake.py for tasks to queue
[2025-10-13T08:50:58.782+0000] {logging_mixin.py:188} INFO - [2025-10-13T08:50:58.782+0000] {dagbag.py:545} INFO - Filling up the DagBag from /opt/airflow/dags/minio_to_snowflake.py
[2025-10-13T08:50:59.647+0000] {processor.py:840} INFO - DAG(s) 'minio_to_snowflake' retrieved from /opt/airflow/dags/minio_to_snowflake.py
[2025-10-13T08:50:59.690+0000] {logging_mixin.py:188} INFO - [2025-10-13T08:50:59.687+0000] {dag.py:3089} INFO - Sync 1 DAGs
[2025-10-13T08:50:59.726+0000] {logging_mixin.py:188} INFO - [2025-10-13T08:50:59.725+0000] {dag.py:3947} INFO - Setting next_dagrun for minio_to_snowflake to 2025-10-13 08:49:00+00:00, run_after=2025-10-13 08:50:00+00:00
[2025-10-13T08:50:59.751+0000] {processor.py:183} INFO - Processing /opt/airflow/dags/minio_to_snowflake.py took 0.978 seconds
[2025-10-13T08:51:29.974+0000] {processor.py:161} INFO - Started process (PID=73901) to work on /opt/airflow/dags/minio_to_snowflake.py
[2025-10-13T08:51:29.975+0000] {processor.py:830} INFO - Processing file /opt/airflow/dags/minio_to_snowflake.py for tasks to queue
[2025-10-13T08:51:29.977+0000] {logging_mixin.py:188} INFO - [2025-10-13T08:51:29.977+0000] {dagbag.py:545} INFO - Filling up the DagBag from /opt/airflow/dags/minio_to_snowflake.py
[2025-10-13T08:51:30.612+0000] {processor.py:840} INFO - DAG(s) 'minio_to_snowflake' retrieved from /opt/airflow/dags/minio_to_snowflake.py
[2025-10-13T08:51:30.644+0000] {logging_mixin.py:188} INFO - [2025-10-13T08:51:30.643+0000] {dag.py:3089} INFO - Sync 1 DAGs
[2025-10-13T08:51:30.679+0000] {logging_mixin.py:188} INFO - [2025-10-13T08:51:30.678+0000] {dag.py:3947} INFO - Setting next_dagrun for minio_to_snowflake to 2025-10-13 08:50:00+00:00, run_after=2025-10-13 08:51:00+00:00
[2025-10-13T08:51:30.709+0000] {processor.py:183} INFO - Processing /opt/airflow/dags/minio_to_snowflake.py took 0.741 seconds
[2025-10-13T08:52:00.962+0000] {processor.py:161} INFO - Started process (PID=74122) to work on /opt/airflow/dags/minio_to_snowflake.py
[2025-10-13T08:52:00.970+0000] {processor.py:830} INFO - Processing file /opt/airflow/dags/minio_to_snowflake.py for tasks to queue
[2025-10-13T08:52:00.973+0000] {logging_mixin.py:188} INFO - [2025-10-13T08:52:00.973+0000] {dagbag.py:545} INFO - Filling up the DagBag from /opt/airflow/dags/minio_to_snowflake.py
[2025-10-13T08:52:01.603+0000] {processor.py:840} INFO - DAG(s) 'minio_to_snowflake' retrieved from /opt/airflow/dags/minio_to_snowflake.py
[2025-10-13T08:52:01.628+0000] {logging_mixin.py:188} INFO - [2025-10-13T08:52:01.628+0000] {dag.py:3089} INFO - Sync 1 DAGs
[2025-10-13T08:52:01.653+0000] {logging_mixin.py:188} INFO - [2025-10-13T08:52:01.653+0000] {dag.py:3947} INFO - Setting next_dagrun for minio_to_snowflake to 2025-10-13 08:51:00+00:00, run_after=2025-10-13 08:52:00+00:00
[2025-10-13T08:52:01.672+0000] {processor.py:183} INFO - Processing /opt/airflow/dags/minio_to_snowflake.py took 0.717 seconds
[2025-10-13T08:52:31.872+0000] {processor.py:161} INFO - Started process (PID=76215) to work on /opt/airflow/dags/minio_to_snowflake.py
[2025-10-13T08:52:31.873+0000] {processor.py:830} INFO - Processing file /opt/airflow/dags/minio_to_snowflake.py for tasks to queue
[2025-10-13T08:52:31.876+0000] {logging_mixin.py:188} INFO - [2025-10-13T08:52:31.875+0000] {dagbag.py:545} INFO - Filling up the DagBag from /opt/airflow/dags/minio_to_snowflake.py
[2025-10-13T08:52:32.592+0000] {processor.py:840} INFO - DAG(s) 'minio_to_snowflake' retrieved from /opt/airflow/dags/minio_to_snowflake.py
[2025-10-13T08:52:32.623+0000] {logging_mixin.py:188} INFO - [2025-10-13T08:52:32.623+0000] {dag.py:3089} INFO - Sync 1 DAGs
[2025-10-13T08:52:32.654+0000] {logging_mixin.py:188} INFO - [2025-10-13T08:52:32.654+0000] {dag.py:3947} INFO - Setting next_dagrun for minio_to_snowflake to 2025-10-13 08:52:00+00:00, run_after=2025-10-13 08:53:00+00:00
[2025-10-13T08:52:32.688+0000] {processor.py:183} INFO - Processing /opt/airflow/dags/minio_to_snowflake.py took 0.823 seconds
[2025-10-13T08:53:03.023+0000] {processor.py:161} INFO - Started process (PID=76400) to work on /opt/airflow/dags/minio_to_snowflake.py
[2025-10-13T08:53:03.024+0000] {processor.py:830} INFO - Processing file /opt/airflow/dags/minio_to_snowflake.py for tasks to queue
[2025-10-13T08:53:03.026+0000] {logging_mixin.py:188} INFO - [2025-10-13T08:53:03.026+0000] {dagbag.py:545} INFO - Filling up the DagBag from /opt/airflow/dags/minio_to_snowflake.py
[2025-10-13T08:53:03.627+0000] {processor.py:840} INFO - DAG(s) 'minio_to_snowflake' retrieved from /opt/airflow/dags/minio_to_snowflake.py
[2025-10-13T08:53:03.654+0000] {logging_mixin.py:188} INFO - [2025-10-13T08:53:03.654+0000] {dag.py:3089} INFO - Sync 1 DAGs
[2025-10-13T08:53:03.680+0000] {logging_mixin.py:188} INFO - [2025-10-13T08:53:03.679+0000] {dag.py:3947} INFO - Setting next_dagrun for minio_to_snowflake to 2025-10-13 08:52:00+00:00, run_after=2025-10-13 08:53:00+00:00
[2025-10-13T08:53:03.699+0000] {processor.py:183} INFO - Processing /opt/airflow/dags/minio_to_snowflake.py took 0.684 seconds
[2025-10-13T08:53:33.908+0000] {processor.py:161} INFO - Started process (PID=76587) to work on /opt/airflow/dags/minio_to_snowflake.py
[2025-10-13T08:53:33.909+0000] {processor.py:830} INFO - Processing file /opt/airflow/dags/minio_to_snowflake.py for tasks to queue
[2025-10-13T08:53:33.911+0000] {logging_mixin.py:188} INFO - [2025-10-13T08:53:33.910+0000] {dagbag.py:545} INFO - Filling up the DagBag from /opt/airflow/dags/minio_to_snowflake.py
[2025-10-13T08:53:34.576+0000] {processor.py:840} INFO - DAG(s) 'minio_to_snowflake' retrieved from /opt/airflow/dags/minio_to_snowflake.py
[2025-10-13T08:53:34.607+0000] {logging_mixin.py:188} INFO - [2025-10-13T08:53:34.607+0000] {dag.py:3089} INFO - Sync 1 DAGs
[2025-10-13T08:53:34.634+0000] {logging_mixin.py:188} INFO - [2025-10-13T08:53:34.634+0000] {dag.py:3947} INFO - Setting next_dagrun for minio_to_snowflake to 2025-10-13 08:52:00+00:00, run_after=2025-10-13 08:53:00+00:00
[2025-10-13T08:53:34.663+0000] {processor.py:183} INFO - Processing /opt/airflow/dags/minio_to_snowflake.py took 0.760 seconds
[2025-10-13T08:54:04.882+0000] {processor.py:161} INFO - Started process (PID=76775) to work on /opt/airflow/dags/minio_to_snowflake.py
[2025-10-13T08:54:04.883+0000] {processor.py:830} INFO - Processing file /opt/airflow/dags/minio_to_snowflake.py for tasks to queue
[2025-10-13T08:54:04.885+0000] {logging_mixin.py:188} INFO - [2025-10-13T08:54:04.884+0000] {dagbag.py:545} INFO - Filling up the DagBag from /opt/airflow/dags/minio_to_snowflake.py
[2025-10-13T08:54:05.412+0000] {processor.py:840} INFO - DAG(s) 'minio_to_snowflake' retrieved from /opt/airflow/dags/minio_to_snowflake.py
[2025-10-13T08:54:05.438+0000] {logging_mixin.py:188} INFO - [2025-10-13T08:54:05.436+0000] {dag.py:3089} INFO - Sync 1 DAGs
[2025-10-13T08:54:05.467+0000] {logging_mixin.py:188} INFO - [2025-10-13T08:54:05.467+0000] {dag.py:3947} INFO - Setting next_dagrun for minio_to_snowflake to 2025-10-13 08:53:00+00:00, run_after=2025-10-13 08:54:00+00:00
[2025-10-13T08:54:05.487+0000] {processor.py:183} INFO - Processing /opt/airflow/dags/minio_to_snowflake.py took 0.610 seconds
[2025-10-13T08:54:35.719+0000] {processor.py:161} INFO - Started process (PID=76977) to work on /opt/airflow/dags/minio_to_snowflake.py
[2025-10-13T08:54:35.721+0000] {processor.py:830} INFO - Processing file /opt/airflow/dags/minio_to_snowflake.py for tasks to queue
[2025-10-13T08:54:35.724+0000] {logging_mixin.py:188} INFO - [2025-10-13T08:54:35.723+0000] {dagbag.py:545} INFO - Filling up the DagBag from /opt/airflow/dags/minio_to_snowflake.py
[2025-10-13T08:54:36.401+0000] {processor.py:840} INFO - DAG(s) 'minio_to_snowflake' retrieved from /opt/airflow/dags/minio_to_snowflake.py
[2025-10-13T08:54:36.430+0000] {logging_mixin.py:188} INFO - [2025-10-13T08:54:36.429+0000] {dag.py:3089} INFO - Sync 1 DAGs
[2025-10-13T08:54:36.455+0000] {logging_mixin.py:188} INFO - [2025-10-13T08:54:36.455+0000] {dag.py:3947} INFO - Setting next_dagrun for minio_to_snowflake to 2025-10-13 08:53:00+00:00, run_after=2025-10-13 08:54:00+00:00
[2025-10-13T08:54:36.479+0000] {processor.py:183} INFO - Processing /opt/airflow/dags/minio_to_snowflake.py took 0.770 seconds
[2025-10-13T08:55:06.726+0000] {processor.py:161} INFO - Started process (PID=77190) to work on /opt/airflow/dags/minio_to_snowflake.py
[2025-10-13T08:55:06.727+0000] {processor.py:830} INFO - Processing file /opt/airflow/dags/minio_to_snowflake.py for tasks to queue
[2025-10-13T08:55:06.730+0000] {logging_mixin.py:188} INFO - [2025-10-13T08:55:06.730+0000] {dagbag.py:545} INFO - Filling up the DagBag from /opt/airflow/dags/minio_to_snowflake.py
[2025-10-13T08:55:07.518+0000] {processor.py:840} INFO - DAG(s) 'minio_to_snowflake' retrieved from /opt/airflow/dags/minio_to_snowflake.py
[2025-10-13T08:55:07.561+0000] {logging_mixin.py:188} INFO - [2025-10-13T08:55:07.559+0000] {dag.py:3089} INFO - Sync 1 DAGs
[2025-10-13T08:55:07.606+0000] {logging_mixin.py:188} INFO - [2025-10-13T08:55:07.606+0000] {dag.py:3947} INFO - Setting next_dagrun for minio_to_snowflake to 2025-10-13 08:54:00+00:00, run_after=2025-10-13 08:55:00+00:00
[2025-10-13T08:55:07.630+0000] {processor.py:183} INFO - Processing /opt/airflow/dags/minio_to_snowflake.py took 0.915 seconds
[2025-10-13T08:55:37.781+0000] {processor.py:161} INFO - Started process (PID=79264) to work on /opt/airflow/dags/minio_to_snowflake.py
[2025-10-13T08:55:37.783+0000] {processor.py:830} INFO - Processing file /opt/airflow/dags/minio_to_snowflake.py for tasks to queue
[2025-10-13T08:55:37.785+0000] {logging_mixin.py:188} INFO - [2025-10-13T08:55:37.784+0000] {dagbag.py:545} INFO - Filling up the DagBag from /opt/airflow/dags/minio_to_snowflake.py
[2025-10-13T08:55:39.335+0000] {processor.py:840} INFO - DAG(s) 'minio_to_snowflake' retrieved from /opt/airflow/dags/minio_to_snowflake.py
[2025-10-13T08:55:39.364+0000] {logging_mixin.py:188} INFO - [2025-10-13T08:55:39.364+0000] {dag.py:3089} INFO - Sync 1 DAGs
[2025-10-13T08:55:39.421+0000] {logging_mixin.py:188} INFO - [2025-10-13T08:55:39.421+0000] {dag.py:3947} INFO - Setting next_dagrun for minio_to_snowflake to 2025-10-13 08:55:00+00:00, run_after=2025-10-13 08:56:00+00:00
[2025-10-13T08:55:40.343+0000] {processor.py:183} INFO - Processing /opt/airflow/dags/minio_to_snowflake.py took 2.568 seconds
[2025-10-13T08:56:10.952+0000] {processor.py:161} INFO - Started process (PID=79460) to work on /opt/airflow/dags/minio_to_snowflake.py
[2025-10-13T08:56:10.954+0000] {processor.py:830} INFO - Processing file /opt/airflow/dags/minio_to_snowflake.py for tasks to queue
[2025-10-13T08:56:10.957+0000] {logging_mixin.py:188} INFO - [2025-10-13T08:56:10.956+0000] {dagbag.py:545} INFO - Filling up the DagBag from /opt/airflow/dags/minio_to_snowflake.py
[2025-10-13T08:56:11.727+0000] {processor.py:840} INFO - DAG(s) 'minio_to_snowflake' retrieved from /opt/airflow/dags/minio_to_snowflake.py
[2025-10-13T08:56:11.754+0000] {logging_mixin.py:188} INFO - [2025-10-13T08:56:11.753+0000] {dag.py:3089} INFO - Sync 1 DAGs
[2025-10-13T08:56:11.781+0000] {logging_mixin.py:188} INFO - [2025-10-13T08:56:11.781+0000] {dag.py:3947} INFO - Setting next_dagrun for minio_to_snowflake to 2025-10-13 08:55:00+00:00, run_after=2025-10-13 08:56:00+00:00
[2025-10-13T08:56:11.801+0000] {processor.py:183} INFO - Processing /opt/airflow/dags/minio_to_snowflake.py took 0.861 seconds
[2025-10-13T08:56:42.149+0000] {processor.py:161} INFO - Started process (PID=79652) to work on /opt/airflow/dags/minio_to_snowflake.py
[2025-10-13T08:56:42.151+0000] {processor.py:830} INFO - Processing file /opt/airflow/dags/minio_to_snowflake.py for tasks to queue
[2025-10-13T08:56:42.155+0000] {logging_mixin.py:188} INFO - [2025-10-13T08:56:42.155+0000] {dagbag.py:545} INFO - Filling up the DagBag from /opt/airflow/dags/minio_to_snowflake.py
[2025-10-13T08:56:42.815+0000] {processor.py:840} INFO - DAG(s) 'minio_to_snowflake' retrieved from /opt/airflow/dags/minio_to_snowflake.py
[2025-10-13T08:56:42.842+0000] {logging_mixin.py:188} INFO - [2025-10-13T08:56:42.841+0000] {dag.py:3089} INFO - Sync 1 DAGs
[2025-10-13T08:56:42.868+0000] {logging_mixin.py:188} INFO - [2025-10-13T08:56:42.868+0000] {dag.py:3947} INFO - Setting next_dagrun for minio_to_snowflake to 2025-10-13 08:55:00+00:00, run_after=2025-10-13 08:56:00+00:00
[2025-10-13T08:56:42.891+0000] {processor.py:183} INFO - Processing /opt/airflow/dags/minio_to_snowflake.py took 0.750 seconds
[2025-10-13T08:57:13.213+0000] {processor.py:161} INFO - Started process (PID=79839) to work on /opt/airflow/dags/minio_to_snowflake.py
[2025-10-13T08:57:13.214+0000] {processor.py:830} INFO - Processing file /opt/airflow/dags/minio_to_snowflake.py for tasks to queue
[2025-10-13T08:57:13.216+0000] {logging_mixin.py:188} INFO - [2025-10-13T08:57:13.216+0000] {dagbag.py:545} INFO - Filling up the DagBag from /opt/airflow/dags/minio_to_snowflake.py
[2025-10-13T08:57:13.921+0000] {processor.py:840} INFO - DAG(s) 'minio_to_snowflake' retrieved from /opt/airflow/dags/minio_to_snowflake.py
[2025-10-13T08:57:13.950+0000] {logging_mixin.py:188} INFO - [2025-10-13T08:57:13.950+0000] {dag.py:3089} INFO - Sync 1 DAGs
[2025-10-13T08:57:13.977+0000] {logging_mixin.py:188} INFO - [2025-10-13T08:57:13.977+0000] {dag.py:3947} INFO - Setting next_dagrun for minio_to_snowflake to 2025-10-13 08:56:00+00:00, run_after=2025-10-13 08:57:00+00:00
[2025-10-13T08:57:13.999+0000] {processor.py:183} INFO - Processing /opt/airflow/dags/minio_to_snowflake.py took 0.793 seconds
[2025-10-13T08:57:44.234+0000] {processor.py:161} INFO - Started process (PID=80034) to work on /opt/airflow/dags/minio_to_snowflake.py
[2025-10-13T08:57:44.235+0000] {processor.py:830} INFO - Processing file /opt/airflow/dags/minio_to_snowflake.py for tasks to queue
[2025-10-13T08:57:44.238+0000] {logging_mixin.py:188} INFO - [2025-10-13T08:57:44.238+0000] {dagbag.py:545} INFO - Filling up the DagBag from /opt/airflow/dags/minio_to_snowflake.py
[2025-10-13T08:57:44.897+0000] {processor.py:840} INFO - DAG(s) 'minio_to_snowflake' retrieved from /opt/airflow/dags/minio_to_snowflake.py
[2025-10-13T08:57:44.927+0000] {logging_mixin.py:188} INFO - [2025-10-13T08:57:44.927+0000] {dag.py:3089} INFO - Sync 1 DAGs
[2025-10-13T08:57:44.952+0000] {logging_mixin.py:188} INFO - [2025-10-13T08:57:44.951+0000] {dag.py:3947} INFO - Setting next_dagrun for minio_to_snowflake to 2025-10-13 08:56:00+00:00, run_after=2025-10-13 08:57:00+00:00
[2025-10-13T08:57:44.976+0000] {processor.py:183} INFO - Processing /opt/airflow/dags/minio_to_snowflake.py took 0.749 seconds
[2025-10-13T08:58:15.198+0000] {processor.py:161} INFO - Started process (PID=80224) to work on /opt/airflow/dags/minio_to_snowflake.py
[2025-10-13T08:58:15.199+0000] {processor.py:830} INFO - Processing file /opt/airflow/dags/minio_to_snowflake.py for tasks to queue
[2025-10-13T08:58:15.201+0000] {logging_mixin.py:188} INFO - [2025-10-13T08:58:15.200+0000] {dagbag.py:545} INFO - Filling up the DagBag from /opt/airflow/dags/minio_to_snowflake.py
[2025-10-13T08:58:15.817+0000] {processor.py:840} INFO - DAG(s) 'minio_to_snowflake' retrieved from /opt/airflow/dags/minio_to_snowflake.py
[2025-10-13T08:58:15.845+0000] {logging_mixin.py:188} INFO - [2025-10-13T08:58:15.844+0000] {dag.py:3089} INFO - Sync 1 DAGs
[2025-10-13T08:58:15.873+0000] {logging_mixin.py:188} INFO - [2025-10-13T08:58:15.872+0000] {dag.py:3947} INFO - Setting next_dagrun for minio_to_snowflake to 2025-10-13 08:57:00+00:00, run_after=2025-10-13 08:58:00+00:00
[2025-10-13T08:58:15.895+0000] {processor.py:183} INFO - Processing /opt/airflow/dags/minio_to_snowflake.py took 0.708 seconds
[2025-10-13T08:58:46.125+0000] {processor.py:161} INFO - Started process (PID=82330) to work on /opt/airflow/dags/minio_to_snowflake.py
[2025-10-13T08:58:46.126+0000] {processor.py:830} INFO - Processing file /opt/airflow/dags/minio_to_snowflake.py for tasks to queue
[2025-10-13T08:58:46.128+0000] {logging_mixin.py:188} INFO - [2025-10-13T08:58:46.128+0000] {dagbag.py:545} INFO - Filling up the DagBag from /opt/airflow/dags/minio_to_snowflake.py
[2025-10-13T08:58:46.718+0000] {processor.py:840} INFO - DAG(s) 'minio_to_snowflake' retrieved from /opt/airflow/dags/minio_to_snowflake.py
[2025-10-13T08:58:46.745+0000] {logging_mixin.py:188} INFO - [2025-10-13T08:58:46.744+0000] {dag.py:3089} INFO - Sync 1 DAGs
[2025-10-13T08:58:46.955+0000] {logging_mixin.py:188} INFO - [2025-10-13T08:58:46.954+0000] {dag.py:3947} INFO - Setting next_dagrun for minio_to_snowflake to 2025-10-13 08:58:00+00:00, run_after=2025-10-13 08:59:00+00:00
[2025-10-13T08:58:46.975+0000] {processor.py:183} INFO - Processing /opt/airflow/dags/minio_to_snowflake.py took 0.856 seconds
[2025-10-13T08:59:17.249+0000] {processor.py:161} INFO - Started process (PID=82529) to work on /opt/airflow/dags/minio_to_snowflake.py
[2025-10-13T08:59:17.250+0000] {processor.py:830} INFO - Processing file /opt/airflow/dags/minio_to_snowflake.py for tasks to queue
[2025-10-13T08:59:17.252+0000] {logging_mixin.py:188} INFO - [2025-10-13T08:59:17.252+0000] {dagbag.py:545} INFO - Filling up the DagBag from /opt/airflow/dags/minio_to_snowflake.py
[2025-10-13T08:59:17.809+0000] {processor.py:840} INFO - DAG(s) 'minio_to_snowflake' retrieved from /opt/airflow/dags/minio_to_snowflake.py
[2025-10-13T08:59:17.835+0000] {logging_mixin.py:188} INFO - [2025-10-13T08:59:17.834+0000] {dag.py:3089} INFO - Sync 1 DAGs
[2025-10-13T08:59:17.860+0000] {logging_mixin.py:188} INFO - [2025-10-13T08:59:17.860+0000] {dag.py:3947} INFO - Setting next_dagrun for minio_to_snowflake to 2025-10-13 08:58:00+00:00, run_after=2025-10-13 08:59:00+00:00
[2025-10-13T08:59:17.881+0000] {processor.py:183} INFO - Processing /opt/airflow/dags/minio_to_snowflake.py took 0.638 seconds
[2025-10-13T08:59:47.991+0000] {processor.py:161} INFO - Started process (PID=82742) to work on /opt/airflow/dags/minio_to_snowflake.py
[2025-10-13T08:59:47.992+0000] {processor.py:830} INFO - Processing file /opt/airflow/dags/minio_to_snowflake.py for tasks to queue
[2025-10-13T08:59:47.995+0000] {logging_mixin.py:188} INFO - [2025-10-13T08:59:47.994+0000] {dagbag.py:545} INFO - Filling up the DagBag from /opt/airflow/dags/minio_to_snowflake.py
[2025-10-13T08:59:48.946+0000] {processor.py:840} INFO - DAG(s) 'minio_to_snowflake' retrieved from /opt/airflow/dags/minio_to_snowflake.py
[2025-10-13T08:59:48.980+0000] {logging_mixin.py:188} INFO - [2025-10-13T08:59:48.980+0000] {dag.py:3089} INFO - Sync 1 DAGs
[2025-10-13T08:59:49.009+0000] {logging_mixin.py:188} INFO - [2025-10-13T08:59:49.009+0000] {dag.py:3947} INFO - Setting next_dagrun for minio_to_snowflake to 2025-10-13 08:58:00+00:00, run_after=2025-10-13 08:59:00+00:00
[2025-10-13T08:59:49.032+0000] {processor.py:183} INFO - Processing /opt/airflow/dags/minio_to_snowflake.py took 1.049 seconds
[2025-10-13T09:00:19.283+0000] {processor.py:161} INFO - Started process (PID=82904) to work on /opt/airflow/dags/minio_to_snowflake.py
[2025-10-13T09:00:19.284+0000] {processor.py:830} INFO - Processing file /opt/airflow/dags/minio_to_snowflake.py for tasks to queue
[2025-10-13T09:00:19.290+0000] {logging_mixin.py:188} INFO - [2025-10-13T09:00:19.289+0000] {dagbag.py:545} INFO - Filling up the DagBag from /opt/airflow/dags/minio_to_snowflake.py
[2025-10-13T09:00:20.332+0000] {processor.py:840} INFO - DAG(s) 'minio_to_snowflake' retrieved from /opt/airflow/dags/minio_to_snowflake.py
[2025-10-13T09:00:20.365+0000] {logging_mixin.py:188} INFO - [2025-10-13T09:00:20.364+0000] {dag.py:3089} INFO - Sync 1 DAGs
[2025-10-13T09:00:20.396+0000] {logging_mixin.py:188} INFO - [2025-10-13T09:00:20.396+0000] {dag.py:3947} INFO - Setting next_dagrun for minio_to_snowflake to 2025-10-13 08:59:00+00:00, run_after=2025-10-13 09:00:00+00:00
[2025-10-13T09:00:20.423+0000] {processor.py:183} INFO - Processing /opt/airflow/dags/minio_to_snowflake.py took 1.148 seconds
[2025-10-13T09:00:50.645+0000] {processor.py:161} INFO - Started process (PID=83052) to work on /opt/airflow/dags/minio_to_snowflake.py
[2025-10-13T09:00:50.647+0000] {processor.py:830} INFO - Processing file /opt/airflow/dags/minio_to_snowflake.py for tasks to queue
[2025-10-13T09:00:50.650+0000] {logging_mixin.py:188} INFO - [2025-10-13T09:00:50.650+0000] {dagbag.py:545} INFO - Filling up the DagBag from /opt/airflow/dags/minio_to_snowflake.py
[2025-10-13T09:00:51.454+0000] {processor.py:840} INFO - DAG(s) 'minio_to_snowflake' retrieved from /opt/airflow/dags/minio_to_snowflake.py
[2025-10-13T09:00:51.492+0000] {logging_mixin.py:188} INFO - [2025-10-13T09:00:51.491+0000] {dag.py:3089} INFO - Sync 1 DAGs
[2025-10-13T09:00:51.521+0000] {logging_mixin.py:188} INFO - [2025-10-13T09:00:51.521+0000] {dag.py:3947} INFO - Setting next_dagrun for minio_to_snowflake to 2025-10-13 08:59:00+00:00, run_after=2025-10-13 09:00:00+00:00
[2025-10-13T09:00:51.545+0000] {processor.py:183} INFO - Processing /opt/airflow/dags/minio_to_snowflake.py took 0.911 seconds
[2025-10-13T09:01:21.825+0000] {processor.py:161} INFO - Started process (PID=83230) to work on /opt/airflow/dags/minio_to_snowflake.py
[2025-10-13T09:01:21.826+0000] {processor.py:830} INFO - Processing file /opt/airflow/dags/minio_to_snowflake.py for tasks to queue
[2025-10-13T09:01:21.829+0000] {logging_mixin.py:188} INFO - [2025-10-13T09:01:21.828+0000] {dagbag.py:545} INFO - Filling up the DagBag from /opt/airflow/dags/minio_to_snowflake.py
[2025-10-13T09:01:22.609+0000] {processor.py:840} INFO - DAG(s) 'minio_to_snowflake' retrieved from /opt/airflow/dags/minio_to_snowflake.py
[2025-10-13T09:01:22.660+0000] {logging_mixin.py:188} INFO - [2025-10-13T09:01:22.658+0000] {dag.py:3089} INFO - Sync 1 DAGs
[2025-10-13T09:01:22.709+0000] {logging_mixin.py:188} INFO - [2025-10-13T09:01:22.709+0000] {dag.py:3947} INFO - Setting next_dagrun for minio_to_snowflake to 2025-10-13 09:00:00+00:00, run_after=2025-10-13 09:01:00+00:00
[2025-10-13T09:01:22.998+0000] {processor.py:183} INFO - Processing /opt/airflow/dags/minio_to_snowflake.py took 1.183 seconds
[2025-10-13T09:01:53.071+0000] {processor.py:161} INFO - Started process (PID=85098) to work on /opt/airflow/dags/minio_to_snowflake.py
[2025-10-13T09:01:53.072+0000] {processor.py:830} INFO - Processing file /opt/airflow/dags/minio_to_snowflake.py for tasks to queue
[2025-10-13T09:01:53.075+0000] {logging_mixin.py:188} INFO - [2025-10-13T09:01:53.075+0000] {dagbag.py:545} INFO - Filling up the DagBag from /opt/airflow/dags/minio_to_snowflake.py
[2025-10-13T09:01:53.943+0000] {processor.py:840} INFO - DAG(s) 'minio_to_snowflake' retrieved from /opt/airflow/dags/minio_to_snowflake.py
[2025-10-13T09:01:53.974+0000] {logging_mixin.py:188} INFO - [2025-10-13T09:01:53.973+0000] {dag.py:3089} INFO - Sync 1 DAGs
[2025-10-13T09:01:54.183+0000] {logging_mixin.py:188} INFO - [2025-10-13T09:01:54.183+0000] {dag.py:3947} INFO - Setting next_dagrun for minio_to_snowflake to 2025-10-13 09:01:00+00:00, run_after=2025-10-13 09:02:00+00:00
[2025-10-13T09:01:54.204+0000] {processor.py:183} INFO - Processing /opt/airflow/dags/minio_to_snowflake.py took 1.143 seconds
[2025-10-13T09:02:24.733+0000] {processor.py:161} INFO - Started process (PID=85474) to work on /opt/airflow/dags/minio_to_snowflake.py
[2025-10-13T09:02:24.734+0000] {processor.py:830} INFO - Processing file /opt/airflow/dags/minio_to_snowflake.py for tasks to queue
[2025-10-13T09:02:24.737+0000] {logging_mixin.py:188} INFO - [2025-10-13T09:02:24.736+0000] {dagbag.py:545} INFO - Filling up the DagBag from /opt/airflow/dags/minio_to_snowflake.py
[2025-10-13T09:02:25.457+0000] {processor.py:840} INFO - DAG(s) 'minio_to_snowflake' retrieved from /opt/airflow/dags/minio_to_snowflake.py
[2025-10-13T09:02:25.497+0000] {logging_mixin.py:188} INFO - [2025-10-13T09:02:25.495+0000] {dag.py:3089} INFO - Sync 1 DAGs
[2025-10-13T09:02:25.530+0000] {logging_mixin.py:188} INFO - [2025-10-13T09:02:25.530+0000] {dag.py:3947} INFO - Setting next_dagrun for minio_to_snowflake to 2025-10-13 09:01:00+00:00, run_after=2025-10-13 09:02:00+00:00
[2025-10-13T09:02:25.553+0000] {processor.py:183} INFO - Processing /opt/airflow/dags/minio_to_snowflake.py took 0.828 seconds
[2025-10-13T09:02:55.828+0000] {processor.py:161} INFO - Started process (PID=85688) to work on /opt/airflow/dags/minio_to_snowflake.py
[2025-10-13T09:02:55.829+0000] {processor.py:830} INFO - Processing file /opt/airflow/dags/minio_to_snowflake.py for tasks to queue
[2025-10-13T09:02:55.833+0000] {logging_mixin.py:188} INFO - [2025-10-13T09:02:55.832+0000] {dagbag.py:545} INFO - Filling up the DagBag from /opt/airflow/dags/minio_to_snowflake.py
[2025-10-13T09:02:56.488+0000] {processor.py:840} INFO - DAG(s) 'minio_to_snowflake' retrieved from /opt/airflow/dags/minio_to_snowflake.py
[2025-10-13T09:02:56.532+0000] {logging_mixin.py:188} INFO - [2025-10-13T09:02:56.531+0000] {dag.py:3089} INFO - Sync 1 DAGs
[2025-10-13T09:02:56.586+0000] {logging_mixin.py:188} INFO - [2025-10-13T09:02:56.585+0000] {dag.py:3947} INFO - Setting next_dagrun for minio_to_snowflake to 2025-10-13 09:01:00+00:00, run_after=2025-10-13 09:02:00+00:00
[2025-10-13T09:02:56.614+0000] {processor.py:183} INFO - Processing /opt/airflow/dags/minio_to_snowflake.py took 0.793 seconds
[2025-10-13T09:03:26.874+0000] {processor.py:161} INFO - Started process (PID=85871) to work on /opt/airflow/dags/minio_to_snowflake.py
[2025-10-13T09:03:26.876+0000] {processor.py:830} INFO - Processing file /opt/airflow/dags/minio_to_snowflake.py for tasks to queue
[2025-10-13T09:03:26.878+0000] {logging_mixin.py:188} INFO - [2025-10-13T09:03:26.878+0000] {dagbag.py:545} INFO - Filling up the DagBag from /opt/airflow/dags/minio_to_snowflake.py
[2025-10-13T09:03:27.490+0000] {processor.py:840} INFO - DAG(s) 'minio_to_snowflake' retrieved from /opt/airflow/dags/minio_to_snowflake.py
[2025-10-13T09:03:27.523+0000] {logging_mixin.py:188} INFO - [2025-10-13T09:03:27.523+0000] {dag.py:3089} INFO - Sync 1 DAGs
[2025-10-13T09:03:27.549+0000] {logging_mixin.py:188} INFO - [2025-10-13T09:03:27.549+0000] {dag.py:3947} INFO - Setting next_dagrun for minio_to_snowflake to 2025-10-13 09:02:00+00:00, run_after=2025-10-13 09:03:00+00:00
[2025-10-13T09:03:27.572+0000] {processor.py:183} INFO - Processing /opt/airflow/dags/minio_to_snowflake.py took 0.704 seconds
[2025-10-13T09:03:57.783+0000] {processor.py:161} INFO - Started process (PID=86062) to work on /opt/airflow/dags/minio_to_snowflake.py
[2025-10-13T09:03:57.785+0000] {processor.py:830} INFO - Processing file /opt/airflow/dags/minio_to_snowflake.py for tasks to queue
[2025-10-13T09:03:57.787+0000] {logging_mixin.py:188} INFO - [2025-10-13T09:03:57.787+0000] {dagbag.py:545} INFO - Filling up the DagBag from /opt/airflow/dags/minio_to_snowflake.py
[2025-10-13T09:03:58.590+0000] {processor.py:840} INFO - DAG(s) 'minio_to_snowflake' retrieved from /opt/airflow/dags/minio_to_snowflake.py
[2025-10-13T09:03:58.641+0000] {logging_mixin.py:188} INFO - [2025-10-13T09:03:58.640+0000] {dag.py:3089} INFO - Sync 1 DAGs
[2025-10-13T09:03:58.706+0000] {logging_mixin.py:188} INFO - [2025-10-13T09:03:58.705+0000] {dag.py:3947} INFO - Setting next_dagrun for minio_to_snowflake to 2025-10-13 09:02:00+00:00, run_after=2025-10-13 09:03:00+00:00
[2025-10-13T09:03:58.748+0000] {processor.py:183} INFO - Processing /opt/airflow/dags/minio_to_snowflake.py took 0.971 seconds
[2025-10-13T09:04:29.109+0000] {processor.py:161} INFO - Started process (PID=86266) to work on /opt/airflow/dags/minio_to_snowflake.py
[2025-10-13T09:04:29.110+0000] {processor.py:830} INFO - Processing file /opt/airflow/dags/minio_to_snowflake.py for tasks to queue
[2025-10-13T09:04:29.120+0000] {logging_mixin.py:188} INFO - [2025-10-13T09:04:29.119+0000] {dagbag.py:545} INFO - Filling up the DagBag from /opt/airflow/dags/minio_to_snowflake.py
[2025-10-13T09:04:29.919+0000] {processor.py:840} INFO - DAG(s) 'minio_to_snowflake' retrieved from /opt/airflow/dags/minio_to_snowflake.py
[2025-10-13T09:04:30.011+0000] {logging_mixin.py:188} INFO - [2025-10-13T09:04:30.010+0000] {dag.py:3089} INFO - Sync 1 DAGs
[2025-10-13T09:04:30.276+0000] {logging_mixin.py:188} INFO - [2025-10-13T09:04:30.275+0000] {dag.py:3947} INFO - Setting next_dagrun for minio_to_snowflake to 2025-10-13 09:03:00+00:00, run_after=2025-10-13 09:04:00+00:00
[2025-10-13T09:04:30.299+0000] {processor.py:183} INFO - Processing /opt/airflow/dags/minio_to_snowflake.py took 1.196 seconds
[2025-10-13T09:05:00.788+0000] {processor.py:161} INFO - Started process (PID=88253) to work on /opt/airflow/dags/minio_to_snowflake.py
[2025-10-13T09:05:00.791+0000] {processor.py:830} INFO - Processing file /opt/airflow/dags/minio_to_snowflake.py for tasks to queue
[2025-10-13T09:05:00.795+0000] {logging_mixin.py:188} INFO - [2025-10-13T09:05:00.794+0000] {dagbag.py:545} INFO - Filling up the DagBag from /opt/airflow/dags/minio_to_snowflake.py
[2025-10-13T09:05:02.427+0000] {processor.py:840} INFO - DAG(s) 'minio_to_snowflake' retrieved from /opt/airflow/dags/minio_to_snowflake.py
[2025-10-13T09:05:02.468+0000] {logging_mixin.py:188} INFO - [2025-10-13T09:05:02.465+0000] {dag.py:3089} INFO - Sync 1 DAGs
[2025-10-13T09:05:02.507+0000] {logging_mixin.py:188} INFO - [2025-10-13T09:05:02.506+0000] {dag.py:3947} INFO - Setting next_dagrun for minio_to_snowflake to 2025-10-13 09:04:00+00:00, run_after=2025-10-13 09:05:00+00:00
[2025-10-13T09:05:02.542+0000] {processor.py:183} INFO - Processing /opt/airflow/dags/minio_to_snowflake.py took 1.772 seconds
[2025-10-13T09:05:32.689+0000] {processor.py:161} INFO - Started process (PID=88531) to work on /opt/airflow/dags/minio_to_snowflake.py
[2025-10-13T09:05:32.691+0000] {processor.py:830} INFO - Processing file /opt/airflow/dags/minio_to_snowflake.py for tasks to queue
[2025-10-13T09:05:32.696+0000] {logging_mixin.py:188} INFO - [2025-10-13T09:05:32.696+0000] {dagbag.py:545} INFO - Filling up the DagBag from /opt/airflow/dags/minio_to_snowflake.py
[2025-10-13T09:05:33.449+0000] {processor.py:840} INFO - DAG(s) 'minio_to_snowflake' retrieved from /opt/airflow/dags/minio_to_snowflake.py
[2025-10-13T09:05:33.479+0000] {logging_mixin.py:188} INFO - [2025-10-13T09:05:33.478+0000] {dag.py:3089} INFO - Sync 1 DAGs
[2025-10-13T09:05:33.507+0000] {logging_mixin.py:188} INFO - [2025-10-13T09:05:33.506+0000] {dag.py:3947} INFO - Setting next_dagrun for minio_to_snowflake to 2025-10-13 09:04:00+00:00, run_after=2025-10-13 09:05:00+00:00
[2025-10-13T09:05:33.538+0000] {processor.py:183} INFO - Processing /opt/airflow/dags/minio_to_snowflake.py took 0.857 seconds
[2025-10-13T09:06:03.863+0000] {processor.py:161} INFO - Started process (PID=88702) to work on /opt/airflow/dags/minio_to_snowflake.py
[2025-10-13T09:06:03.865+0000] {processor.py:830} INFO - Processing file /opt/airflow/dags/minio_to_snowflake.py for tasks to queue
[2025-10-13T09:06:03.868+0000] {logging_mixin.py:188} INFO - [2025-10-13T09:06:03.867+0000] {dagbag.py:545} INFO - Filling up the DagBag from /opt/airflow/dags/minio_to_snowflake.py
[2025-10-13T09:06:04.540+0000] {processor.py:840} INFO - DAG(s) 'minio_to_snowflake' retrieved from /opt/airflow/dags/minio_to_snowflake.py
[2025-10-13T09:06:04.581+0000] {logging_mixin.py:188} INFO - [2025-10-13T09:06:04.580+0000] {dag.py:3089} INFO - Sync 1 DAGs
[2025-10-13T09:06:04.612+0000] {logging_mixin.py:188} INFO - [2025-10-13T09:06:04.611+0000] {dag.py:3947} INFO - Setting next_dagrun for minio_to_snowflake to 2025-10-13 09:05:00+00:00, run_after=2025-10-13 09:06:00+00:00
[2025-10-13T09:06:04.630+0000] {processor.py:183} INFO - Processing /opt/airflow/dags/minio_to_snowflake.py took 0.774 seconds
[2025-10-13T09:06:34.883+0000] {processor.py:161} INFO - Started process (PID=88885) to work on /opt/airflow/dags/minio_to_snowflake.py
[2025-10-13T09:06:34.884+0000] {processor.py:830} INFO - Processing file /opt/airflow/dags/minio_to_snowflake.py for tasks to queue
[2025-10-13T09:06:34.886+0000] {logging_mixin.py:188} INFO - [2025-10-13T09:06:34.886+0000] {dagbag.py:545} INFO - Filling up the DagBag from /opt/airflow/dags/minio_to_snowflake.py
[2025-10-13T09:06:35.528+0000] {processor.py:840} INFO - DAG(s) 'minio_to_snowflake' retrieved from /opt/airflow/dags/minio_to_snowflake.py
[2025-10-13T09:06:35.556+0000] {logging_mixin.py:188} INFO - [2025-10-13T09:06:35.555+0000] {dag.py:3089} INFO - Sync 1 DAGs
[2025-10-13T09:06:35.580+0000] {logging_mixin.py:188} INFO - [2025-10-13T09:06:35.580+0000] {dag.py:3947} INFO - Setting next_dagrun for minio_to_snowflake to 2025-10-13 09:05:00+00:00, run_after=2025-10-13 09:06:00+00:00
[2025-10-13T09:06:35.602+0000] {processor.py:183} INFO - Processing /opt/airflow/dags/minio_to_snowflake.py took 0.726 seconds
[2025-10-13T09:07:05.807+0000] {processor.py:161} INFO - Started process (PID=89071) to work on /opt/airflow/dags/minio_to_snowflake.py
[2025-10-13T09:07:05.808+0000] {processor.py:830} INFO - Processing file /opt/airflow/dags/minio_to_snowflake.py for tasks to queue
[2025-10-13T09:07:05.810+0000] {logging_mixin.py:188} INFO - [2025-10-13T09:07:05.810+0000] {dagbag.py:545} INFO - Filling up the DagBag from /opt/airflow/dags/minio_to_snowflake.py
[2025-10-13T09:07:06.451+0000] {processor.py:840} INFO - DAG(s) 'minio_to_snowflake' retrieved from /opt/airflow/dags/minio_to_snowflake.py
[2025-10-13T09:07:06.478+0000] {logging_mixin.py:188} INFO - [2025-10-13T09:07:06.478+0000] {dag.py:3089} INFO - Sync 1 DAGs
[2025-10-13T09:07:06.502+0000] {logging_mixin.py:188} INFO - [2025-10-13T09:07:06.501+0000] {dag.py:3947} INFO - Setting next_dagrun for minio_to_snowflake to 2025-10-13 09:06:00+00:00, run_after=2025-10-13 09:07:00+00:00
[2025-10-13T09:07:06.525+0000] {processor.py:183} INFO - Processing /opt/airflow/dags/minio_to_snowflake.py took 0.724 seconds
[2025-10-13T09:07:36.690+0000] {processor.py:161} INFO - Started process (PID=89271) to work on /opt/airflow/dags/minio_to_snowflake.py
[2025-10-13T09:07:36.691+0000] {processor.py:830} INFO - Processing file /opt/airflow/dags/minio_to_snowflake.py for tasks to queue
[2025-10-13T09:07:36.693+0000] {logging_mixin.py:188} INFO - [2025-10-13T09:07:36.693+0000] {dagbag.py:545} INFO - Filling up the DagBag from /opt/airflow/dags/minio_to_snowflake.py
[2025-10-13T09:07:37.311+0000] {processor.py:840} INFO - DAG(s) 'minio_to_snowflake' retrieved from /opt/airflow/dags/minio_to_snowflake.py
[2025-10-13T09:07:37.339+0000] {logging_mixin.py:188} INFO - [2025-10-13T09:07:37.338+0000] {dag.py:3089} INFO - Sync 1 DAGs
[2025-10-13T09:07:37.530+0000] {logging_mixin.py:188} INFO - [2025-10-13T09:07:37.529+0000] {dag.py:3947} INFO - Setting next_dagrun for minio_to_snowflake to 2025-10-13 09:06:00+00:00, run_after=2025-10-13 09:07:00+00:00
[2025-10-13T09:07:37.552+0000] {processor.py:183} INFO - Processing /opt/airflow/dags/minio_to_snowflake.py took 0.868 seconds
[2025-10-13T09:08:07.786+0000] {processor.py:161} INFO - Started process (PID=90040) to work on /opt/airflow/dags/minio_to_snowflake.py
[2025-10-13T09:08:07.787+0000] {processor.py:830} INFO - Processing file /opt/airflow/dags/minio_to_snowflake.py for tasks to queue
[2025-10-13T09:08:07.789+0000] {logging_mixin.py:188} INFO - [2025-10-13T09:08:07.789+0000] {dagbag.py:545} INFO - Filling up the DagBag from /opt/airflow/dags/minio_to_snowflake.py
[2025-10-13T09:08:08.507+0000] {processor.py:840} INFO - DAG(s) 'minio_to_snowflake' retrieved from /opt/airflow/dags/minio_to_snowflake.py
[2025-10-13T09:08:08.548+0000] {logging_mixin.py:188} INFO - [2025-10-13T09:08:08.548+0000] {dag.py:3089} INFO - Sync 1 DAGs
[2025-10-13T09:08:08.763+0000] {logging_mixin.py:188} INFO - [2025-10-13T09:08:08.762+0000] {dag.py:3947} INFO - Setting next_dagrun for minio_to_snowflake to 2025-10-13 09:07:00+00:00, run_after=2025-10-13 09:08:00+00:00
[2025-10-13T09:08:08.785+0000] {processor.py:183} INFO - Processing /opt/airflow/dags/minio_to_snowflake.py took 1.006 seconds
[2025-10-13T09:08:39.099+0000] {processor.py:161} INFO - Started process (PID=91543) to work on /opt/airflow/dags/minio_to_snowflake.py
[2025-10-13T09:08:39.101+0000] {processor.py:830} INFO - Processing file /opt/airflow/dags/minio_to_snowflake.py for tasks to queue
[2025-10-13T09:08:39.104+0000] {logging_mixin.py:188} INFO - [2025-10-13T09:08:39.103+0000] {dagbag.py:545} INFO - Filling up the DagBag from /opt/airflow/dags/minio_to_snowflake.py
[2025-10-13T09:08:39.764+0000] {processor.py:840} INFO - DAG(s) 'minio_to_snowflake' retrieved from /opt/airflow/dags/minio_to_snowflake.py
[2025-10-13T09:08:39.798+0000] {logging_mixin.py:188} INFO - [2025-10-13T09:08:39.797+0000] {dag.py:3089} INFO - Sync 1 DAGs
[2025-10-13T09:08:39.832+0000] {logging_mixin.py:188} INFO - [2025-10-13T09:08:39.832+0000] {dag.py:3947} INFO - Setting next_dagrun for minio_to_snowflake to 2025-10-13 09:07:00+00:00, run_after=2025-10-13 09:08:00+00:00
[2025-10-13T09:08:39.861+0000] {processor.py:183} INFO - Processing /opt/airflow/dags/minio_to_snowflake.py took 0.774 seconds
[2025-10-13T09:09:10.207+0000] {processor.py:161} INFO - Started process (PID=91756) to work on /opt/airflow/dags/minio_to_snowflake.py
[2025-10-13T09:09:10.208+0000] {processor.py:830} INFO - Processing file /opt/airflow/dags/minio_to_snowflake.py for tasks to queue
[2025-10-13T09:09:10.214+0000] {logging_mixin.py:188} INFO - [2025-10-13T09:09:10.213+0000] {dagbag.py:545} INFO - Filling up the DagBag from /opt/airflow/dags/minio_to_snowflake.py
[2025-10-13T09:09:11.238+0000] {processor.py:840} INFO - DAG(s) 'minio_to_snowflake' retrieved from /opt/airflow/dags/minio_to_snowflake.py
[2025-10-13T09:09:11.276+0000] {logging_mixin.py:188} INFO - [2025-10-13T09:09:11.275+0000] {dag.py:3089} INFO - Sync 1 DAGs
[2025-10-13T09:09:11.303+0000] {logging_mixin.py:188} INFO - [2025-10-13T09:09:11.303+0000] {dag.py:3947} INFO - Setting next_dagrun for minio_to_snowflake to 2025-10-13 09:08:00+00:00, run_after=2025-10-13 09:09:00+00:00
[2025-10-13T09:09:11.322+0000] {processor.py:183} INFO - Processing /opt/airflow/dags/minio_to_snowflake.py took 1.126 seconds
[2025-10-13T09:09:41.558+0000] {processor.py:161} INFO - Started process (PID=91971) to work on /opt/airflow/dags/minio_to_snowflake.py
[2025-10-13T09:09:41.562+0000] {processor.py:830} INFO - Processing file /opt/airflow/dags/minio_to_snowflake.py for tasks to queue
[2025-10-13T09:09:41.565+0000] {logging_mixin.py:188} INFO - [2025-10-13T09:09:41.564+0000] {dagbag.py:545} INFO - Filling up the DagBag from /opt/airflow/dags/minio_to_snowflake.py
[2025-10-13T09:09:42.179+0000] {processor.py:840} INFO - DAG(s) 'minio_to_snowflake' retrieved from /opt/airflow/dags/minio_to_snowflake.py
[2025-10-13T09:09:42.207+0000] {logging_mixin.py:188} INFO - [2025-10-13T09:09:42.206+0000] {dag.py:3089} INFO - Sync 1 DAGs
[2025-10-13T09:09:42.230+0000] {logging_mixin.py:188} INFO - [2025-10-13T09:09:42.230+0000] {dag.py:3947} INFO - Setting next_dagrun for minio_to_snowflake to 2025-10-13 09:08:00+00:00, run_after=2025-10-13 09:09:00+00:00
[2025-10-13T09:09:42.252+0000] {processor.py:183} INFO - Processing /opt/airflow/dags/minio_to_snowflake.py took 0.700 seconds
[2025-10-13T09:10:12.499+0000] {processor.py:161} INFO - Started process (PID=92174) to work on /opt/airflow/dags/minio_to_snowflake.py
[2025-10-13T09:10:12.501+0000] {processor.py:830} INFO - Processing file /opt/airflow/dags/minio_to_snowflake.py for tasks to queue
[2025-10-13T09:10:12.502+0000] {logging_mixin.py:188} INFO - [2025-10-13T09:10:12.502+0000] {dagbag.py:545} INFO - Filling up the DagBag from /opt/airflow/dags/minio_to_snowflake.py
[2025-10-13T09:10:13.250+0000] {processor.py:840} INFO - DAG(s) 'minio_to_snowflake' retrieved from /opt/airflow/dags/minio_to_snowflake.py
[2025-10-13T09:10:13.277+0000] {logging_mixin.py:188} INFO - [2025-10-13T09:10:13.276+0000] {dag.py:3089} INFO - Sync 1 DAGs
[2025-10-13T09:10:13.520+0000] {logging_mixin.py:188} INFO - [2025-10-13T09:10:13.520+0000] {dag.py:3947} INFO - Setting next_dagrun for minio_to_snowflake to 2025-10-13 09:09:00+00:00, run_after=2025-10-13 09:10:00+00:00
[2025-10-13T09:10:13.540+0000] {processor.py:183} INFO - Processing /opt/airflow/dags/minio_to_snowflake.py took 1.046 seconds
[2025-10-13T09:10:43.816+0000] {processor.py:161} INFO - Started process (PID=92402) to work on /opt/airflow/dags/minio_to_snowflake.py
[2025-10-13T09:10:43.818+0000] {processor.py:830} INFO - Processing file /opt/airflow/dags/minio_to_snowflake.py for tasks to queue
[2025-10-13T09:10:43.820+0000] {logging_mixin.py:188} INFO - [2025-10-13T09:10:43.819+0000] {dagbag.py:545} INFO - Filling up the DagBag from /opt/airflow/dags/minio_to_snowflake.py
[2025-10-13T09:10:44.516+0000] {processor.py:840} INFO - DAG(s) 'minio_to_snowflake' retrieved from /opt/airflow/dags/minio_to_snowflake.py
[2025-10-13T09:10:44.545+0000] {logging_mixin.py:188} INFO - [2025-10-13T09:10:44.544+0000] {dag.py:3089} INFO - Sync 1 DAGs
[2025-10-13T09:10:44.576+0000] {logging_mixin.py:188} INFO - [2025-10-13T09:10:44.575+0000] {dag.py:3947} INFO - Setting next_dagrun for minio_to_snowflake to 2025-10-13 09:09:00+00:00, run_after=2025-10-13 09:10:00+00:00
[2025-10-13T09:10:44.599+0000] {processor.py:183} INFO - Processing /opt/airflow/dags/minio_to_snowflake.py took 0.789 seconds
[2025-10-13T09:11:14.825+0000] {processor.py:161} INFO - Started process (PID=94482) to work on /opt/airflow/dags/minio_to_snowflake.py
[2025-10-13T09:11:14.826+0000] {processor.py:830} INFO - Processing file /opt/airflow/dags/minio_to_snowflake.py for tasks to queue
[2025-10-13T09:11:14.828+0000] {logging_mixin.py:188} INFO - [2025-10-13T09:11:14.828+0000] {dagbag.py:545} INFO - Filling up the DagBag from /opt/airflow/dags/minio_to_snowflake.py
[2025-10-13T09:11:15.429+0000] {processor.py:840} INFO - DAG(s) 'minio_to_snowflake' retrieved from /opt/airflow/dags/minio_to_snowflake.py
[2025-10-13T09:11:15.458+0000] {logging_mixin.py:188} INFO - [2025-10-13T09:11:15.458+0000] {dag.py:3089} INFO - Sync 1 DAGs
[2025-10-13T09:11:15.485+0000] {logging_mixin.py:188} INFO - [2025-10-13T09:11:15.484+0000] {dag.py:3947} INFO - Setting next_dagrun for minio_to_snowflake to 2025-10-13 09:10:00+00:00, run_after=2025-10-13 09:11:00+00:00
[2025-10-13T09:11:15.508+0000] {processor.py:183} INFO - Processing /opt/airflow/dags/minio_to_snowflake.py took 0.689 seconds
[2025-10-13T09:11:45.726+0000] {processor.py:161} INFO - Started process (PID=94687) to work on /opt/airflow/dags/minio_to_snowflake.py
[2025-10-13T09:11:45.728+0000] {processor.py:830} INFO - Processing file /opt/airflow/dags/minio_to_snowflake.py for tasks to queue
[2025-10-13T09:11:45.731+0000] {logging_mixin.py:188} INFO - [2025-10-13T09:11:45.730+0000] {dagbag.py:545} INFO - Filling up the DagBag from /opt/airflow/dags/minio_to_snowflake.py
[2025-10-13T09:11:46.438+0000] {processor.py:840} INFO - DAG(s) 'minio_to_snowflake' retrieved from /opt/airflow/dags/minio_to_snowflake.py
[2025-10-13T09:11:46.465+0000] {logging_mixin.py:188} INFO - [2025-10-13T09:11:46.465+0000] {dag.py:3089} INFO - Sync 1 DAGs
[2025-10-13T09:11:46.494+0000] {logging_mixin.py:188} INFO - [2025-10-13T09:11:46.494+0000] {dag.py:3947} INFO - Setting next_dagrun for minio_to_snowflake to 2025-10-13 09:10:00+00:00, run_after=2025-10-13 09:11:00+00:00
[2025-10-13T09:11:46.513+0000] {processor.py:183} INFO - Processing /opt/airflow/dags/minio_to_snowflake.py took 0.794 seconds
[2025-10-13T09:12:16.766+0000] {processor.py:161} INFO - Started process (PID=94799) to work on /opt/airflow/dags/minio_to_snowflake.py
[2025-10-13T09:12:16.770+0000] {processor.py:830} INFO - Processing file /opt/airflow/dags/minio_to_snowflake.py for tasks to queue
[2025-10-13T09:12:16.775+0000] {logging_mixin.py:188} INFO - [2025-10-13T09:12:16.774+0000] {dagbag.py:545} INFO - Filling up the DagBag from /opt/airflow/dags/minio_to_snowflake.py
[2025-10-13T09:12:18.201+0000] {processor.py:840} INFO - DAG(s) 'minio_to_snowflake' retrieved from /opt/airflow/dags/minio_to_snowflake.py
[2025-10-13T09:12:18.281+0000] {logging_mixin.py:188} INFO - [2025-10-13T09:12:18.281+0000] {dag.py:3089} INFO - Sync 1 DAGs
[2025-10-13T09:12:18.380+0000] {logging_mixin.py:188} INFO - [2025-10-13T09:12:18.380+0000] {dag.py:3947} INFO - Setting next_dagrun for minio_to_snowflake to 2025-10-13 09:11:00+00:00, run_after=2025-10-13 09:12:00+00:00
[2025-10-13T09:12:18.425+0000] {processor.py:183} INFO - Processing /opt/airflow/dags/minio_to_snowflake.py took 1.677 seconds
[2025-10-13T09:12:48.765+0000] {processor.py:161} INFO - Started process (PID=94976) to work on /opt/airflow/dags/minio_to_snowflake.py
[2025-10-13T09:12:48.769+0000] {processor.py:830} INFO - Processing file /opt/airflow/dags/minio_to_snowflake.py for tasks to queue
[2025-10-13T09:12:48.773+0000] {logging_mixin.py:188} INFO - [2025-10-13T09:12:48.772+0000] {dagbag.py:545} INFO - Filling up the DagBag from /opt/airflow/dags/minio_to_snowflake.py
[2025-10-13T09:12:49.972+0000] {processor.py:840} INFO - DAG(s) 'minio_to_snowflake' retrieved from /opt/airflow/dags/minio_to_snowflake.py
[2025-10-13T09:12:50.016+0000] {logging_mixin.py:188} INFO - [2025-10-13T09:12:50.016+0000] {dag.py:3089} INFO - Sync 1 DAGs
[2025-10-13T09:12:50.073+0000] {logging_mixin.py:188} INFO - [2025-10-13T09:12:50.072+0000] {dag.py:3947} INFO - Setting next_dagrun for minio_to_snowflake to 2025-10-13 09:11:00+00:00, run_after=2025-10-13 09:12:00+00:00
[2025-10-13T09:12:50.128+0000] {processor.py:183} INFO - Processing /opt/airflow/dags/minio_to_snowflake.py took 1.375 seconds
[2025-10-13T09:13:20.505+0000] {processor.py:161} INFO - Started process (PID=95170) to work on /opt/airflow/dags/minio_to_snowflake.py
[2025-10-13T09:13:20.510+0000] {processor.py:830} INFO - Processing file /opt/airflow/dags/minio_to_snowflake.py for tasks to queue
[2025-10-13T09:13:20.518+0000] {logging_mixin.py:188} INFO - [2025-10-13T09:13:20.517+0000] {dagbag.py:545} INFO - Filling up the DagBag from /opt/airflow/dags/minio_to_snowflake.py
[2025-10-13T09:13:21.827+0000] {processor.py:840} INFO - DAG(s) 'minio_to_snowflake' retrieved from /opt/airflow/dags/minio_to_snowflake.py
[2025-10-13T09:13:21.864+0000] {logging_mixin.py:188} INFO - [2025-10-13T09:13:21.864+0000] {dag.py:3089} INFO - Sync 1 DAGs
[2025-10-13T09:13:22.956+0000] {logging_mixin.py:188} INFO - [2025-10-13T09:13:22.956+0000] {dag.py:3947} INFO - Setting next_dagrun for minio_to_snowflake to 2025-10-13 09:12:00+00:00, run_after=2025-10-13 09:13:00+00:00
[2025-10-13T09:13:22.988+0000] {processor.py:183} INFO - Processing /opt/airflow/dags/minio_to_snowflake.py took 2.510 seconds
[2025-10-13T09:13:53.404+0000] {processor.py:161} INFO - Started process (PID=95368) to work on /opt/airflow/dags/minio_to_snowflake.py
[2025-10-13T09:13:53.411+0000] {processor.py:830} INFO - Processing file /opt/airflow/dags/minio_to_snowflake.py for tasks to queue
[2025-10-13T09:13:53.424+0000] {logging_mixin.py:188} INFO - [2025-10-13T09:13:53.422+0000] {dagbag.py:545} INFO - Filling up the DagBag from /opt/airflow/dags/minio_to_snowflake.py
[2025-10-13T09:13:55.353+0000] {processor.py:840} INFO - DAG(s) 'minio_to_snowflake' retrieved from /opt/airflow/dags/minio_to_snowflake.py
[2025-10-13T09:13:55.463+0000] {logging_mixin.py:188} INFO - [2025-10-13T09:13:55.461+0000] {dag.py:3089} INFO - Sync 1 DAGs
[2025-10-13T09:13:55.809+0000] {logging_mixin.py:188} INFO - [2025-10-13T09:13:55.809+0000] {dag.py:3947} INFO - Setting next_dagrun for minio_to_snowflake to 2025-10-13 09:12:00+00:00, run_after=2025-10-13 09:13:00+00:00
[2025-10-13T09:13:55.837+0000] {processor.py:183} INFO - Processing /opt/airflow/dags/minio_to_snowflake.py took 2.460 seconds
[2025-10-13T09:14:26.127+0000] {processor.py:161} INFO - Started process (PID=95492) to work on /opt/airflow/dags/minio_to_snowflake.py
[2025-10-13T09:14:26.130+0000] {processor.py:830} INFO - Processing file /opt/airflow/dags/minio_to_snowflake.py for tasks to queue
[2025-10-13T09:14:26.136+0000] {logging_mixin.py:188} INFO - [2025-10-13T09:14:26.135+0000] {dagbag.py:545} INFO - Filling up the DagBag from /opt/airflow/dags/minio_to_snowflake.py
[2025-10-13T09:14:27.497+0000] {processor.py:840} INFO - DAG(s) 'minio_to_snowflake' retrieved from /opt/airflow/dags/minio_to_snowflake.py
[2025-10-13T09:14:27.548+0000] {logging_mixin.py:188} INFO - [2025-10-13T09:14:27.547+0000] {dag.py:3089} INFO - Sync 1 DAGs
[2025-10-13T09:14:27.598+0000] {logging_mixin.py:188} INFO - [2025-10-13T09:14:27.597+0000] {dag.py:3947} INFO - Setting next_dagrun for minio_to_snowflake to 2025-10-13 09:13:00+00:00, run_after=2025-10-13 09:14:00+00:00
[2025-10-13T09:14:27.629+0000] {processor.py:183} INFO - Processing /opt/airflow/dags/minio_to_snowflake.py took 1.514 seconds
[2025-10-13T09:14:58.013+0000] {processor.py:161} INFO - Started process (PID=97508) to work on /opt/airflow/dags/minio_to_snowflake.py
[2025-10-13T09:14:58.016+0000] {processor.py:830} INFO - Processing file /opt/airflow/dags/minio_to_snowflake.py for tasks to queue
[2025-10-13T09:14:58.022+0000] {logging_mixin.py:188} INFO - [2025-10-13T09:14:58.021+0000] {dagbag.py:545} INFO - Filling up the DagBag from /opt/airflow/dags/minio_to_snowflake.py
[2025-10-13T09:14:59.563+0000] {processor.py:840} INFO - DAG(s) 'minio_to_snowflake' retrieved from /opt/airflow/dags/minio_to_snowflake.py
[2025-10-13T09:14:59.624+0000] {logging_mixin.py:188} INFO - [2025-10-13T09:14:59.622+0000] {dag.py:3089} INFO - Sync 1 DAGs
[2025-10-13T09:14:59.690+0000] {logging_mixin.py:188} INFO - [2025-10-13T09:14:59.689+0000] {dag.py:3947} INFO - Setting next_dagrun for minio_to_snowflake to 2025-10-13 09:13:00+00:00, run_after=2025-10-13 09:14:00+00:00
[2025-10-13T09:14:59.745+0000] {processor.py:183} INFO - Processing /opt/airflow/dags/minio_to_snowflake.py took 1.750 seconds
[2025-10-13T09:15:30.206+0000] {processor.py:161} INFO - Started process (PID=97687) to work on /opt/airflow/dags/minio_to_snowflake.py
[2025-10-13T09:15:30.209+0000] {processor.py:830} INFO - Processing file /opt/airflow/dags/minio_to_snowflake.py for tasks to queue
[2025-10-13T09:15:30.215+0000] {logging_mixin.py:188} INFO - [2025-10-13T09:15:30.214+0000] {dagbag.py:545} INFO - Filling up the DagBag from /opt/airflow/dags/minio_to_snowflake.py
[2025-10-13T09:15:31.454+0000] {processor.py:840} INFO - DAG(s) 'minio_to_snowflake' retrieved from /opt/airflow/dags/minio_to_snowflake.py
[2025-10-13T09:15:31.487+0000] {logging_mixin.py:188} INFO - [2025-10-13T09:15:31.486+0000] {dag.py:3089} INFO - Sync 1 DAGs
[2025-10-13T09:15:31.518+0000] {logging_mixin.py:188} INFO - [2025-10-13T09:15:31.518+0000] {dag.py:3947} INFO - Setting next_dagrun for minio_to_snowflake to 2025-10-13 09:14:00+00:00, run_after=2025-10-13 09:15:00+00:00
[2025-10-13T09:15:31.542+0000] {processor.py:183} INFO - Processing /opt/airflow/dags/minio_to_snowflake.py took 1.352 seconds
[2025-10-13T09:16:01.915+0000] {processor.py:161} INFO - Started process (PID=97773) to work on /opt/airflow/dags/minio_to_snowflake.py
[2025-10-13T09:16:01.919+0000] {processor.py:830} INFO - Processing file /opt/airflow/dags/minio_to_snowflake.py for tasks to queue
[2025-10-13T09:16:01.926+0000] {logging_mixin.py:188} INFO - [2025-10-13T09:16:01.925+0000] {dagbag.py:545} INFO - Filling up the DagBag from /opt/airflow/dags/minio_to_snowflake.py
[2025-10-13T09:16:03.533+0000] {processor.py:840} INFO - DAG(s) 'minio_to_snowflake' retrieved from /opt/airflow/dags/minio_to_snowflake.py
[2025-10-13T09:16:03.577+0000] {logging_mixin.py:188} INFO - [2025-10-13T09:16:03.576+0000] {dag.py:3089} INFO - Sync 1 DAGs
[2025-10-13T09:16:03.908+0000] {logging_mixin.py:188} INFO - [2025-10-13T09:16:03.908+0000] {dag.py:3947} INFO - Setting next_dagrun for minio_to_snowflake to 2025-10-13 09:15:00+00:00, run_after=2025-10-13 09:16:00+00:00
[2025-10-13T09:16:03.936+0000] {processor.py:183} INFO - Processing /opt/airflow/dags/minio_to_snowflake.py took 2.038 seconds
[2025-10-13T09:16:34.319+0000] {processor.py:161} INFO - Started process (PID=97937) to work on /opt/airflow/dags/minio_to_snowflake.py
[2025-10-13T09:16:34.329+0000] {processor.py:830} INFO - Processing file /opt/airflow/dags/minio_to_snowflake.py for tasks to queue
[2025-10-13T09:16:34.345+0000] {logging_mixin.py:188} INFO - [2025-10-13T09:16:34.343+0000] {dagbag.py:545} INFO - Filling up the DagBag from /opt/airflow/dags/minio_to_snowflake.py
[2025-10-13T09:16:35.731+0000] {processor.py:840} INFO - DAG(s) 'minio_to_snowflake' retrieved from /opt/airflow/dags/minio_to_snowflake.py
[2025-10-13T09:16:35.776+0000] {logging_mixin.py:188} INFO - [2025-10-13T09:16:35.775+0000] {dag.py:3089} INFO - Sync 1 DAGs
[2025-10-13T09:16:36.035+0000] {logging_mixin.py:188} INFO - [2025-10-13T09:16:36.035+0000] {dag.py:3947} INFO - Setting next_dagrun for minio_to_snowflake to 2025-10-13 09:15:00+00:00, run_after=2025-10-13 09:16:00+00:00
[2025-10-13T09:16:36.067+0000] {processor.py:183} INFO - Processing /opt/airflow/dags/minio_to_snowflake.py took 1.791 seconds
[2025-10-13T09:17:06.491+0000] {processor.py:161} INFO - Started process (PID=98123) to work on /opt/airflow/dags/minio_to_snowflake.py
[2025-10-13T09:17:06.494+0000] {processor.py:830} INFO - Processing file /opt/airflow/dags/minio_to_snowflake.py for tasks to queue
[2025-10-13T09:17:06.500+0000] {logging_mixin.py:188} INFO - [2025-10-13T09:17:06.499+0000] {dagbag.py:545} INFO - Filling up the DagBag from /opt/airflow/dags/minio_to_snowflake.py
[2025-10-13T09:17:07.690+0000] {processor.py:840} INFO - DAG(s) 'minio_to_snowflake' retrieved from /opt/airflow/dags/minio_to_snowflake.py
[2025-10-13T09:17:07.787+0000] {logging_mixin.py:188} INFO - [2025-10-13T09:17:07.786+0000] {dag.py:3089} INFO - Sync 1 DAGs
[2025-10-13T09:17:07.884+0000] {logging_mixin.py:188} INFO - [2025-10-13T09:17:07.880+0000] {dag.py:3947} INFO - Setting next_dagrun for minio_to_snowflake to 2025-10-13 09:16:00+00:00, run_after=2025-10-13 09:17:00+00:00
[2025-10-13T09:17:07.922+0000] {processor.py:183} INFO - Processing /opt/airflow/dags/minio_to_snowflake.py took 1.443 seconds
[2025-10-13T09:17:38.420+0000] {processor.py:161} INFO - Started process (PID=98296) to work on /opt/airflow/dags/minio_to_snowflake.py
[2025-10-13T09:17:38.427+0000] {processor.py:830} INFO - Processing file /opt/airflow/dags/minio_to_snowflake.py for tasks to queue
[2025-10-13T09:17:38.434+0000] {logging_mixin.py:188} INFO - [2025-10-13T09:17:38.433+0000] {dagbag.py:545} INFO - Filling up the DagBag from /opt/airflow/dags/minio_to_snowflake.py
[2025-10-13T09:17:40.202+0000] {processor.py:840} INFO - DAG(s) 'minio_to_snowflake' retrieved from /opt/airflow/dags/minio_to_snowflake.py
[2025-10-13T09:17:40.288+0000] {logging_mixin.py:188} INFO - [2025-10-13T09:17:40.287+0000] {dag.py:3089} INFO - Sync 1 DAGs
[2025-10-13T09:17:40.344+0000] {logging_mixin.py:188} INFO - [2025-10-13T09:17:40.344+0000] {dag.py:3947} INFO - Setting next_dagrun for minio_to_snowflake to 2025-10-13 09:16:00+00:00, run_after=2025-10-13 09:17:00+00:00
[2025-10-13T09:17:40.383+0000] {processor.py:183} INFO - Processing /opt/airflow/dags/minio_to_snowflake.py took 1.992 seconds
[2025-10-13T09:18:10.897+0000] {processor.py:161} INFO - Started process (PID=98436) to work on /opt/airflow/dags/minio_to_snowflake.py
[2025-10-13T09:18:10.900+0000] {processor.py:830} INFO - Processing file /opt/airflow/dags/minio_to_snowflake.py for tasks to queue
[2025-10-13T09:18:10.904+0000] {logging_mixin.py:188} INFO - [2025-10-13T09:18:10.903+0000] {dagbag.py:545} INFO - Filling up the DagBag from /opt/airflow/dags/minio_to_snowflake.py
[2025-10-13T09:18:12.045+0000] {processor.py:840} INFO - DAG(s) 'minio_to_snowflake' retrieved from /opt/airflow/dags/minio_to_snowflake.py
[2025-10-13T09:18:12.079+0000] {logging_mixin.py:188} INFO - [2025-10-13T09:18:12.079+0000] {dag.py:3089} INFO - Sync 1 DAGs
[2025-10-13T09:18:12.116+0000] {logging_mixin.py:188} INFO - [2025-10-13T09:18:12.116+0000] {dag.py:3947} INFO - Setting next_dagrun for minio_to_snowflake to 2025-10-13 09:17:00+00:00, run_after=2025-10-13 09:18:00+00:00
[2025-10-13T09:18:12.145+0000] {processor.py:183} INFO - Processing /opt/airflow/dags/minio_to_snowflake.py took 1.261 seconds
[2025-10-13T09:18:42.287+0000] {processor.py:161} INFO - Started process (PID=98667) to work on /opt/airflow/dags/minio_to_snowflake.py
[2025-10-13T09:18:42.289+0000] {processor.py:830} INFO - Processing file /opt/airflow/dags/minio_to_snowflake.py for tasks to queue
[2025-10-13T09:18:42.293+0000] {logging_mixin.py:188} INFO - [2025-10-13T09:18:42.292+0000] {dagbag.py:545} INFO - Filling up the DagBag from /opt/airflow/dags/minio_to_snowflake.py
[2025-10-13T09:18:43.441+0000] {processor.py:840} INFO - DAG(s) 'minio_to_snowflake' retrieved from /opt/airflow/dags/minio_to_snowflake.py
[2025-10-13T09:18:43.507+0000] {logging_mixin.py:188} INFO - [2025-10-13T09:18:43.505+0000] {dag.py:3089} INFO - Sync 1 DAGs
[2025-10-13T09:18:43.570+0000] {logging_mixin.py:188} INFO - [2025-10-13T09:18:43.569+0000] {dag.py:3947} INFO - Setting next_dagrun for minio_to_snowflake to 2025-10-13 09:18:00+00:00, run_after=2025-10-13 09:19:00+00:00
[2025-10-13T09:18:43.904+0000] {processor.py:183} INFO - Processing /opt/airflow/dags/minio_to_snowflake.py took 1.626 seconds
[2025-10-13T09:19:14.268+0000] {processor.py:161} INFO - Started process (PID=871) to work on /opt/airflow/dags/minio_to_snowflake.py
[2025-10-13T09:19:14.272+0000] {processor.py:830} INFO - Processing file /opt/airflow/dags/minio_to_snowflake.py for tasks to queue
[2025-10-13T09:19:14.280+0000] {logging_mixin.py:188} INFO - [2025-10-13T09:19:14.279+0000] {dagbag.py:545} INFO - Filling up the DagBag from /opt/airflow/dags/minio_to_snowflake.py
[2025-10-13T09:19:16.859+0000] {processor.py:840} INFO - DAG(s) 'minio_to_snowflake' retrieved from /opt/airflow/dags/minio_to_snowflake.py
[2025-10-13T09:19:17.001+0000] {logging_mixin.py:188} INFO - [2025-10-13T09:19:16.998+0000] {dag.py:3089} INFO - Sync 1 DAGs
[2025-10-13T09:19:17.374+0000] {logging_mixin.py:188} INFO - [2025-10-13T09:19:17.374+0000] {dag.py:3947} INFO - Setting next_dagrun for minio_to_snowflake to 2025-10-13 09:18:00+00:00, run_after=2025-10-13 09:19:00+00:00
[2025-10-13T09:19:17.398+0000] {processor.py:183} INFO - Processing /opt/airflow/dags/minio_to_snowflake.py took 3.144 seconds
[2025-10-13T09:19:47.788+0000] {processor.py:161} INFO - Started process (PID=1066) to work on /opt/airflow/dags/minio_to_snowflake.py
[2025-10-13T09:19:47.791+0000] {processor.py:830} INFO - Processing file /opt/airflow/dags/minio_to_snowflake.py for tasks to queue
[2025-10-13T09:19:47.797+0000] {logging_mixin.py:188} INFO - [2025-10-13T09:19:47.796+0000] {dagbag.py:545} INFO - Filling up the DagBag from /opt/airflow/dags/minio_to_snowflake.py
[2025-10-13T09:19:49.102+0000] {processor.py:840} INFO - DAG(s) 'minio_to_snowflake' retrieved from /opt/airflow/dags/minio_to_snowflake.py
[2025-10-13T09:19:49.163+0000] {logging_mixin.py:188} INFO - [2025-10-13T09:19:49.160+0000] {dag.py:3089} INFO - Sync 1 DAGs
[2025-10-13T09:19:49.200+0000] {logging_mixin.py:188} INFO - [2025-10-13T09:19:49.200+0000] {dag.py:3947} INFO - Setting next_dagrun for minio_to_snowflake to 2025-10-13 09:18:00+00:00, run_after=2025-10-13 09:19:00+00:00
[2025-10-13T09:19:49.223+0000] {processor.py:183} INFO - Processing /opt/airflow/dags/minio_to_snowflake.py took 1.451 seconds
[2025-10-13T09:20:19.599+0000] {processor.py:161} INFO - Started process (PID=1255) to work on /opt/airflow/dags/minio_to_snowflake.py
[2025-10-13T09:20:19.601+0000] {processor.py:830} INFO - Processing file /opt/airflow/dags/minio_to_snowflake.py for tasks to queue
[2025-10-13T09:20:19.604+0000] {logging_mixin.py:188} INFO - [2025-10-13T09:20:19.603+0000] {dagbag.py:545} INFO - Filling up the DagBag from /opt/airflow/dags/minio_to_snowflake.py
[2025-10-13T09:20:20.723+0000] {processor.py:840} INFO - DAG(s) 'minio_to_snowflake' retrieved from /opt/airflow/dags/minio_to_snowflake.py
[2025-10-13T09:20:20.784+0000] {logging_mixin.py:188} INFO - [2025-10-13T09:20:20.782+0000] {dag.py:3089} INFO - Sync 1 DAGs
[2025-10-13T09:20:20.843+0000] {logging_mixin.py:188} INFO - [2025-10-13T09:20:20.843+0000] {dag.py:3947} INFO - Setting next_dagrun for minio_to_snowflake to 2025-10-13 09:19:00+00:00, run_after=2025-10-13 09:20:00+00:00
[2025-10-13T09:20:20.885+0000] {processor.py:183} INFO - Processing /opt/airflow/dags/minio_to_snowflake.py took 1.293 seconds
[2025-10-13T09:20:51.206+0000] {processor.py:161} INFO - Started process (PID=1446) to work on /opt/airflow/dags/minio_to_snowflake.py
[2025-10-13T09:20:51.208+0000] {processor.py:830} INFO - Processing file /opt/airflow/dags/minio_to_snowflake.py for tasks to queue
[2025-10-13T09:20:51.211+0000] {logging_mixin.py:188} INFO - [2025-10-13T09:20:51.211+0000] {dagbag.py:545} INFO - Filling up the DagBag from /opt/airflow/dags/minio_to_snowflake.py
[2025-10-13T09:20:52.420+0000] {processor.py:840} INFO - DAG(s) 'minio_to_snowflake' retrieved from /opt/airflow/dags/minio_to_snowflake.py
[2025-10-13T09:20:52.496+0000] {logging_mixin.py:188} INFO - [2025-10-13T09:20:52.495+0000] {dag.py:3089} INFO - Sync 1 DAGs
[2025-10-13T09:20:52.571+0000] {logging_mixin.py:188} INFO - [2025-10-13T09:20:52.570+0000] {dag.py:3947} INFO - Setting next_dagrun for minio_to_snowflake to 2025-10-13 09:19:00+00:00, run_after=2025-10-13 09:20:00+00:00
[2025-10-13T09:20:52.620+0000] {processor.py:183} INFO - Processing /opt/airflow/dags/minio_to_snowflake.py took 1.427 seconds
[2025-10-13T09:21:23.007+0000] {processor.py:161} INFO - Started process (PID=1621) to work on /opt/airflow/dags/minio_to_snowflake.py
[2025-10-13T09:21:23.011+0000] {processor.py:830} INFO - Processing file /opt/airflow/dags/minio_to_snowflake.py for tasks to queue
[2025-10-13T09:21:23.017+0000] {logging_mixin.py:188} INFO - [2025-10-13T09:21:23.016+0000] {dagbag.py:545} INFO - Filling up the DagBag from /opt/airflow/dags/minio_to_snowflake.py
[2025-10-13T09:21:24.108+0000] {processor.py:840} INFO - DAG(s) 'minio_to_snowflake' retrieved from /opt/airflow/dags/minio_to_snowflake.py
[2025-10-13T09:21:24.148+0000] {logging_mixin.py:188} INFO - [2025-10-13T09:21:24.148+0000] {dag.py:3089} INFO - Sync 1 DAGs
[2025-10-13T09:21:24.182+0000] {logging_mixin.py:188} INFO - [2025-10-13T09:21:24.182+0000] {dag.py:3947} INFO - Setting next_dagrun for minio_to_snowflake to 2025-10-13 09:20:00+00:00, run_after=2025-10-13 09:21:00+00:00
[2025-10-13T09:21:24.216+0000] {processor.py:183} INFO - Processing /opt/airflow/dags/minio_to_snowflake.py took 1.231 seconds
[2025-10-13T09:21:54.573+0000] {processor.py:161} INFO - Started process (PID=1805) to work on /opt/airflow/dags/minio_to_snowflake.py
[2025-10-13T09:21:54.575+0000] {processor.py:830} INFO - Processing file /opt/airflow/dags/minio_to_snowflake.py for tasks to queue
[2025-10-13T09:21:54.579+0000] {logging_mixin.py:188} INFO - [2025-10-13T09:21:54.578+0000] {dagbag.py:545} INFO - Filling up the DagBag from /opt/airflow/dags/minio_to_snowflake.py
[2025-10-13T09:21:55.722+0000] {processor.py:840} INFO - DAG(s) 'minio_to_snowflake' retrieved from /opt/airflow/dags/minio_to_snowflake.py
[2025-10-13T09:21:55.790+0000] {logging_mixin.py:188} INFO - [2025-10-13T09:21:55.789+0000] {dag.py:3089} INFO - Sync 1 DAGs
[2025-10-13T09:21:56.188+0000] {logging_mixin.py:188} INFO - [2025-10-13T09:21:56.188+0000] {dag.py:3947} INFO - Setting next_dagrun for minio_to_snowflake to 2025-10-13 09:20:00+00:00, run_after=2025-10-13 09:21:00+00:00
[2025-10-13T09:21:56.211+0000] {processor.py:183} INFO - Processing /opt/airflow/dags/minio_to_snowflake.py took 1.648 seconds
[2025-10-13T09:22:26.727+0000] {processor.py:161} INFO - Started process (PID=2986) to work on /opt/airflow/dags/minio_to_snowflake.py
[2025-10-13T09:22:26.733+0000] {processor.py:830} INFO - Processing file /opt/airflow/dags/minio_to_snowflake.py for tasks to queue
[2025-10-13T09:22:26.741+0000] {logging_mixin.py:188} INFO - [2025-10-13T09:22:26.740+0000] {dagbag.py:545} INFO - Filling up the DagBag from /opt/airflow/dags/minio_to_snowflake.py
[2025-10-13T09:22:27.892+0000] {processor.py:840} INFO - DAG(s) 'minio_to_snowflake' retrieved from /opt/airflow/dags/minio_to_snowflake.py
[2025-10-13T09:22:27.933+0000] {logging_mixin.py:188} INFO - [2025-10-13T09:22:27.932+0000] {dag.py:3089} INFO - Sync 1 DAGs
[2025-10-13T09:22:28.192+0000] {logging_mixin.py:188} INFO - [2025-10-13T09:22:28.191+0000] {dag.py:3947} INFO - Setting next_dagrun for minio_to_snowflake to 2025-10-13 09:21:00+00:00, run_after=2025-10-13 09:22:00+00:00
[2025-10-13T09:22:28.225+0000] {processor.py:183} INFO - Processing /opt/airflow/dags/minio_to_snowflake.py took 1.519 seconds
[2025-10-13T09:22:58.579+0000] {processor.py:161} INFO - Started process (PID=3985) to work on /opt/airflow/dags/minio_to_snowflake.py
[2025-10-13T09:22:58.582+0000] {processor.py:830} INFO - Processing file /opt/airflow/dags/minio_to_snowflake.py for tasks to queue
[2025-10-13T09:22:58.586+0000] {logging_mixin.py:188} INFO - [2025-10-13T09:22:58.585+0000] {dagbag.py:545} INFO - Filling up the DagBag from /opt/airflow/dags/minio_to_snowflake.py
[2025-10-13T09:22:59.737+0000] {processor.py:840} INFO - DAG(s) 'minio_to_snowflake' retrieved from /opt/airflow/dags/minio_to_snowflake.py
[2025-10-13T09:22:59.788+0000] {logging_mixin.py:188} INFO - [2025-10-13T09:22:59.786+0000] {dag.py:3089} INFO - Sync 1 DAGs
[2025-10-13T09:22:59.847+0000] {logging_mixin.py:188} INFO - [2025-10-13T09:22:59.847+0000] {dag.py:3947} INFO - Setting next_dagrun for minio_to_snowflake to 2025-10-13 09:21:00+00:00, run_after=2025-10-13 09:22:00+00:00
[2025-10-13T09:22:59.889+0000] {processor.py:183} INFO - Processing /opt/airflow/dags/minio_to_snowflake.py took 1.335 seconds
[2025-10-13T09:23:30.315+0000] {processor.py:161} INFO - Started process (PID=4184) to work on /opt/airflow/dags/minio_to_snowflake.py
[2025-10-13T09:23:30.318+0000] {processor.py:830} INFO - Processing file /opt/airflow/dags/minio_to_snowflake.py for tasks to queue
[2025-10-13T09:23:30.323+0000] {logging_mixin.py:188} INFO - [2025-10-13T09:23:30.322+0000] {dagbag.py:545} INFO - Filling up the DagBag from /opt/airflow/dags/minio_to_snowflake.py
[2025-10-13T09:23:31.758+0000] {processor.py:840} INFO - DAG(s) 'minio_to_snowflake' retrieved from /opt/airflow/dags/minio_to_snowflake.py
[2025-10-13T09:23:31.808+0000] {logging_mixin.py:188} INFO - [2025-10-13T09:23:31.807+0000] {dag.py:3089} INFO - Sync 1 DAGs
[2025-10-13T09:23:31.861+0000] {logging_mixin.py:188} INFO - [2025-10-13T09:23:31.861+0000] {dag.py:3947} INFO - Setting next_dagrun for minio_to_snowflake to 2025-10-13 09:22:00+00:00, run_after=2025-10-13 09:23:00+00:00
[2025-10-13T09:23:31.902+0000] {processor.py:183} INFO - Processing /opt/airflow/dags/minio_to_snowflake.py took 1.607 seconds
[2025-10-13T09:24:02.192+0000] {processor.py:161} INFO - Started process (PID=4355) to work on /opt/airflow/dags/minio_to_snowflake.py
[2025-10-13T09:24:02.194+0000] {processor.py:830} INFO - Processing file /opt/airflow/dags/minio_to_snowflake.py for tasks to queue
[2025-10-13T09:24:02.198+0000] {logging_mixin.py:188} INFO - [2025-10-13T09:24:02.197+0000] {dagbag.py:545} INFO - Filling up the DagBag from /opt/airflow/dags/minio_to_snowflake.py
[2025-10-13T09:24:03.425+0000] {processor.py:840} INFO - DAG(s) 'minio_to_snowflake' retrieved from /opt/airflow/dags/minio_to_snowflake.py
[2025-10-13T09:24:03.489+0000] {logging_mixin.py:188} INFO - [2025-10-13T09:24:03.488+0000] {dag.py:3089} INFO - Sync 1 DAGs
[2025-10-13T09:24:03.540+0000] {logging_mixin.py:188} INFO - [2025-10-13T09:24:03.539+0000] {dag.py:3947} INFO - Setting next_dagrun for minio_to_snowflake to 2025-10-13 09:23:00+00:00, run_after=2025-10-13 09:24:00+00:00
[2025-10-13T09:24:03.593+0000] {processor.py:183} INFO - Processing /opt/airflow/dags/minio_to_snowflake.py took 1.413 seconds
[2025-10-13T09:24:33.970+0000] {processor.py:161} INFO - Started process (PID=4558) to work on /opt/airflow/dags/minio_to_snowflake.py
[2025-10-13T09:24:33.973+0000] {processor.py:830} INFO - Processing file /opt/airflow/dags/minio_to_snowflake.py for tasks to queue
[2025-10-13T09:24:33.977+0000] {logging_mixin.py:188} INFO - [2025-10-13T09:24:33.976+0000] {dagbag.py:545} INFO - Filling up the DagBag from /opt/airflow/dags/minio_to_snowflake.py
[2025-10-13T09:24:35.614+0000] {processor.py:840} INFO - DAG(s) 'minio_to_snowflake' retrieved from /opt/airflow/dags/minio_to_snowflake.py
[2025-10-13T09:24:35.658+0000] {logging_mixin.py:188} INFO - [2025-10-13T09:24:35.656+0000] {dag.py:3089} INFO - Sync 1 DAGs
[2025-10-13T09:24:35.934+0000] {logging_mixin.py:188} INFO - [2025-10-13T09:24:35.934+0000] {dag.py:3947} INFO - Setting next_dagrun for minio_to_snowflake to 2025-10-13 09:23:00+00:00, run_after=2025-10-13 09:24:00+00:00
[2025-10-13T09:24:35.986+0000] {processor.py:183} INFO - Processing /opt/airflow/dags/minio_to_snowflake.py took 2.031 seconds
[2025-10-13T09:25:06.312+0000] {processor.py:161} INFO - Started process (PID=4739) to work on /opt/airflow/dags/minio_to_snowflake.py
[2025-10-13T09:25:06.314+0000] {processor.py:830} INFO - Processing file /opt/airflow/dags/minio_to_snowflake.py for tasks to queue
[2025-10-13T09:25:06.316+0000] {logging_mixin.py:188} INFO - [2025-10-13T09:25:06.316+0000] {dagbag.py:545} INFO - Filling up the DagBag from /opt/airflow/dags/minio_to_snowflake.py
[2025-10-13T09:25:07.649+0000] {processor.py:840} INFO - DAG(s) 'minio_to_snowflake' retrieved from /opt/airflow/dags/minio_to_snowflake.py
[2025-10-13T09:25:07.723+0000] {logging_mixin.py:188} INFO - [2025-10-13T09:25:07.722+0000] {dag.py:3089} INFO - Sync 1 DAGs
[2025-10-13T09:25:08.090+0000] {logging_mixin.py:188} INFO - [2025-10-13T09:25:08.090+0000] {dag.py:3947} INFO - Setting next_dagrun for minio_to_snowflake to 2025-10-13 09:24:00+00:00, run_after=2025-10-13 09:25:00+00:00
[2025-10-13T09:25:08.127+0000] {processor.py:183} INFO - Processing /opt/airflow/dags/minio_to_snowflake.py took 1.823 seconds
[2025-10-13T09:25:38.519+0000] {processor.py:161} INFO - Started process (PID=4913) to work on /opt/airflow/dags/minio_to_snowflake.py
[2025-10-13T09:25:38.522+0000] {processor.py:830} INFO - Processing file /opt/airflow/dags/minio_to_snowflake.py for tasks to queue
[2025-10-13T09:25:38.530+0000] {logging_mixin.py:188} INFO - [2025-10-13T09:25:38.529+0000] {dagbag.py:545} INFO - Filling up the DagBag from /opt/airflow/dags/minio_to_snowflake.py
[2025-10-13T09:25:39.776+0000] {processor.py:840} INFO - DAG(s) 'minio_to_snowflake' retrieved from /opt/airflow/dags/minio_to_snowflake.py
[2025-10-13T09:25:39.828+0000] {logging_mixin.py:188} INFO - [2025-10-13T09:25:39.825+0000] {dag.py:3089} INFO - Sync 1 DAGs
[2025-10-13T09:25:40.101+0000] {logging_mixin.py:188} INFO - [2025-10-13T09:25:40.101+0000] {dag.py:3947} INFO - Setting next_dagrun for minio_to_snowflake to 2025-10-13 09:24:00+00:00, run_after=2025-10-13 09:25:00+00:00
[2025-10-13T09:25:40.135+0000] {processor.py:183} INFO - Processing /opt/airflow/dags/minio_to_snowflake.py took 1.641 seconds
[2025-10-13T09:26:10.494+0000] {processor.py:161} INFO - Started process (PID=6937) to work on /opt/airflow/dags/minio_to_snowflake.py
[2025-10-13T09:26:10.497+0000] {processor.py:830} INFO - Processing file /opt/airflow/dags/minio_to_snowflake.py for tasks to queue
[2025-10-13T09:26:10.502+0000] {logging_mixin.py:188} INFO - [2025-10-13T09:26:10.501+0000] {dagbag.py:545} INFO - Filling up the DagBag from /opt/airflow/dags/minio_to_snowflake.py
[2025-10-13T09:26:11.810+0000] {processor.py:840} INFO - DAG(s) 'minio_to_snowflake' retrieved from /opt/airflow/dags/minio_to_snowflake.py
[2025-10-13T09:26:11.883+0000] {logging_mixin.py:188} INFO - [2025-10-13T09:26:11.882+0000] {dag.py:3089} INFO - Sync 1 DAGs
[2025-10-13T09:26:11.959+0000] {logging_mixin.py:188} INFO - [2025-10-13T09:26:11.958+0000] {dag.py:3947} INFO - Setting next_dagrun for minio_to_snowflake to 2025-10-13 09:25:00+00:00, run_after=2025-10-13 09:26:00+00:00
[2025-10-13T09:26:12.016+0000] {processor.py:183} INFO - Processing /opt/airflow/dags/minio_to_snowflake.py took 1.543 seconds
[2025-10-13T09:26:42.204+0000] {processor.py:161} INFO - Started process (PID=7110) to work on /opt/airflow/dags/minio_to_snowflake.py
[2025-10-13T09:26:42.207+0000] {processor.py:830} INFO - Processing file /opt/airflow/dags/minio_to_snowflake.py for tasks to queue
[2025-10-13T09:26:42.210+0000] {logging_mixin.py:188} INFO - [2025-10-13T09:26:42.209+0000] {dagbag.py:545} INFO - Filling up the DagBag from /opt/airflow/dags/minio_to_snowflake.py
[2025-10-13T09:26:43.181+0000] {processor.py:840} INFO - DAG(s) 'minio_to_snowflake' retrieved from /opt/airflow/dags/minio_to_snowflake.py
[2025-10-13T09:26:43.221+0000] {logging_mixin.py:188} INFO - [2025-10-13T09:26:43.220+0000] {dag.py:3089} INFO - Sync 1 DAGs
[2025-10-13T09:26:43.267+0000] {logging_mixin.py:188} INFO - [2025-10-13T09:26:43.266+0000] {dag.py:3947} INFO - Setting next_dagrun for minio_to_snowflake to 2025-10-13 09:25:00+00:00, run_after=2025-10-13 09:26:00+00:00
[2025-10-13T09:26:43.292+0000] {processor.py:183} INFO - Processing /opt/airflow/dags/minio_to_snowflake.py took 1.099 seconds
[2025-10-13T09:27:13.623+0000] {processor.py:161} INFO - Started process (PID=7298) to work on /opt/airflow/dags/minio_to_snowflake.py
[2025-10-13T09:27:13.626+0000] {processor.py:830} INFO - Processing file /opt/airflow/dags/minio_to_snowflake.py for tasks to queue
[2025-10-13T09:27:13.630+0000] {logging_mixin.py:188} INFO - [2025-10-13T09:27:13.629+0000] {dagbag.py:545} INFO - Filling up the DagBag from /opt/airflow/dags/minio_to_snowflake.py
[2025-10-13T09:27:14.854+0000] {processor.py:840} INFO - DAG(s) 'minio_to_snowflake' retrieved from /opt/airflow/dags/minio_to_snowflake.py
[2025-10-13T09:27:14.902+0000] {logging_mixin.py:188} INFO - [2025-10-13T09:27:14.901+0000] {dag.py:3089} INFO - Sync 1 DAGs
[2025-10-13T09:27:14.970+0000] {logging_mixin.py:188} INFO - [2025-10-13T09:27:14.969+0000] {dag.py:3947} INFO - Setting next_dagrun for minio_to_snowflake to 2025-10-13 09:26:00+00:00, run_after=2025-10-13 09:27:00+00:00
[2025-10-13T09:27:15.328+0000] {processor.py:183} INFO - Processing /opt/airflow/dags/minio_to_snowflake.py took 1.718 seconds
[2025-10-13T09:27:45.716+0000] {processor.py:161} INFO - Started process (PID=7487) to work on /opt/airflow/dags/minio_to_snowflake.py
[2025-10-13T09:27:45.718+0000] {processor.py:830} INFO - Processing file /opt/airflow/dags/minio_to_snowflake.py for tasks to queue
[2025-10-13T09:27:45.724+0000] {logging_mixin.py:188} INFO - [2025-10-13T09:27:45.723+0000] {dagbag.py:545} INFO - Filling up the DagBag from /opt/airflow/dags/minio_to_snowflake.py
[2025-10-13T09:27:47.179+0000] {processor.py:840} INFO - DAG(s) 'minio_to_snowflake' retrieved from /opt/airflow/dags/minio_to_snowflake.py
[2025-10-13T09:27:47.218+0000] {logging_mixin.py:188} INFO - [2025-10-13T09:27:47.217+0000] {dag.py:3089} INFO - Sync 1 DAGs
[2025-10-13T09:27:47.549+0000] {logging_mixin.py:188} INFO - [2025-10-13T09:27:47.548+0000] {dag.py:3947} INFO - Setting next_dagrun for minio_to_snowflake to 2025-10-13 09:26:00+00:00, run_after=2025-10-13 09:27:00+00:00
[2025-10-13T09:27:47.579+0000] {processor.py:183} INFO - Processing /opt/airflow/dags/minio_to_snowflake.py took 1.877 seconds
[2025-10-13T09:28:17.976+0000] {processor.py:161} INFO - Started process (PID=7657) to work on /opt/airflow/dags/minio_to_snowflake.py
[2025-10-13T09:28:17.980+0000] {processor.py:830} INFO - Processing file /opt/airflow/dags/minio_to_snowflake.py for tasks to queue
[2025-10-13T09:28:17.983+0000] {logging_mixin.py:188} INFO - [2025-10-13T09:28:17.983+0000] {dagbag.py:545} INFO - Filling up the DagBag from /opt/airflow/dags/minio_to_snowflake.py
[2025-10-13T09:28:19.048+0000] {processor.py:840} INFO - DAG(s) 'minio_to_snowflake' retrieved from /opt/airflow/dags/minio_to_snowflake.py
[2025-10-13T09:28:19.114+0000] {logging_mixin.py:188} INFO - [2025-10-13T09:28:19.111+0000] {dag.py:3089} INFO - Sync 1 DAGs
[2025-10-13T09:28:19.413+0000] {logging_mixin.py:188} INFO - [2025-10-13T09:28:19.412+0000] {dag.py:3947} INFO - Setting next_dagrun for minio_to_snowflake to 2025-10-13 09:27:00+00:00, run_after=2025-10-13 09:28:00+00:00
[2025-10-13T09:28:19.453+0000] {processor.py:183} INFO - Processing /opt/airflow/dags/minio_to_snowflake.py took 1.491 seconds
[2025-10-13T09:28:49.787+0000] {processor.py:161} INFO - Started process (PID=7842) to work on /opt/airflow/dags/minio_to_snowflake.py
[2025-10-13T09:28:49.790+0000] {processor.py:830} INFO - Processing file /opt/airflow/dags/minio_to_snowflake.py for tasks to queue
[2025-10-13T09:28:49.795+0000] {logging_mixin.py:188} INFO - [2025-10-13T09:28:49.795+0000] {dagbag.py:545} INFO - Filling up the DagBag from /opt/airflow/dags/minio_to_snowflake.py
[2025-10-13T09:28:50.792+0000] {processor.py:840} INFO - DAG(s) 'minio_to_snowflake' retrieved from /opt/airflow/dags/minio_to_snowflake.py
[2025-10-13T09:28:50.832+0000] {logging_mixin.py:188} INFO - [2025-10-13T09:28:50.832+0000] {dag.py:3089} INFO - Sync 1 DAGs
[2025-10-13T09:28:50.866+0000] {logging_mixin.py:188} INFO - [2025-10-13T09:28:50.865+0000] {dag.py:3947} INFO - Setting next_dagrun for minio_to_snowflake to 2025-10-13 09:27:00+00:00, run_after=2025-10-13 09:28:00+00:00
[2025-10-13T09:28:50.898+0000] {processor.py:183} INFO - Processing /opt/airflow/dags/minio_to_snowflake.py took 1.132 seconds
[2025-10-13T09:29:21.112+0000] {processor.py:161} INFO - Started process (PID=7966) to work on /opt/airflow/dags/minio_to_snowflake.py
[2025-10-13T09:29:21.114+0000] {processor.py:830} INFO - Processing file /opt/airflow/dags/minio_to_snowflake.py for tasks to queue
[2025-10-13T09:29:21.119+0000] {logging_mixin.py:188} INFO - [2025-10-13T09:29:21.118+0000] {dagbag.py:545} INFO - Filling up the DagBag from /opt/airflow/dags/minio_to_snowflake.py
[2025-10-13T09:29:22.217+0000] {processor.py:840} INFO - DAG(s) 'minio_to_snowflake' retrieved from /opt/airflow/dags/minio_to_snowflake.py
[2025-10-13T09:29:22.269+0000] {logging_mixin.py:188} INFO - [2025-10-13T09:29:22.268+0000] {dag.py:3089} INFO - Sync 1 DAGs
[2025-10-13T09:29:22.336+0000] {logging_mixin.py:188} INFO - [2025-10-13T09:29:22.335+0000] {dag.py:3947} INFO - Setting next_dagrun for minio_to_snowflake to 2025-10-13 09:28:00+00:00, run_after=2025-10-13 09:29:00+00:00
[2025-10-13T09:29:22.373+0000] {processor.py:183} INFO - Processing /opt/airflow/dags/minio_to_snowflake.py took 1.284 seconds
[2025-10-13T09:29:52.544+0000] {processor.py:161} INFO - Started process (PID=10003) to work on /opt/airflow/dags/minio_to_snowflake.py
[2025-10-13T09:29:52.545+0000] {processor.py:830} INFO - Processing file /opt/airflow/dags/minio_to_snowflake.py for tasks to queue
[2025-10-13T09:29:52.549+0000] {logging_mixin.py:188} INFO - [2025-10-13T09:29:52.548+0000] {dagbag.py:545} INFO - Filling up the DagBag from /opt/airflow/dags/minio_to_snowflake.py
[2025-10-13T09:29:53.719+0000] {processor.py:840} INFO - DAG(s) 'minio_to_snowflake' retrieved from /opt/airflow/dags/minio_to_snowflake.py
[2025-10-13T09:29:53.761+0000] {logging_mixin.py:188} INFO - [2025-10-13T09:29:53.760+0000] {dag.py:3089} INFO - Sync 1 DAGs
[2025-10-13T09:29:53.812+0000] {logging_mixin.py:188} INFO - [2025-10-13T09:29:53.811+0000] {dag.py:3947} INFO - Setting next_dagrun for minio_to_snowflake to 2025-10-13 09:28:00+00:00, run_after=2025-10-13 09:29:00+00:00
[2025-10-13T09:29:53.851+0000] {processor.py:183} INFO - Processing /opt/airflow/dags/minio_to_snowflake.py took 1.317 seconds
[2025-10-13T09:30:23.996+0000] {processor.py:161} INFO - Started process (PID=10179) to work on /opt/airflow/dags/minio_to_snowflake.py
[2025-10-13T09:30:23.998+0000] {processor.py:830} INFO - Processing file /opt/airflow/dags/minio_to_snowflake.py for tasks to queue
[2025-10-13T09:30:24.002+0000] {logging_mixin.py:188} INFO - [2025-10-13T09:30:24.001+0000] {dagbag.py:545} INFO - Filling up the DagBag from /opt/airflow/dags/minio_to_snowflake.py
[2025-10-13T09:30:24.980+0000] {processor.py:840} INFO - DAG(s) 'minio_to_snowflake' retrieved from /opt/airflow/dags/minio_to_snowflake.py
[2025-10-13T09:30:25.058+0000] {logging_mixin.py:188} INFO - [2025-10-13T09:30:25.057+0000] {dag.py:3089} INFO - Sync 1 DAGs
[2025-10-13T09:30:25.538+0000] {logging_mixin.py:188} INFO - [2025-10-13T09:30:25.538+0000] {dag.py:3947} INFO - Setting next_dagrun for minio_to_snowflake to 2025-10-13 09:29:00+00:00, run_after=2025-10-13 09:30:00+00:00
[2025-10-13T09:30:25.569+0000] {processor.py:183} INFO - Processing /opt/airflow/dags/minio_to_snowflake.py took 1.581 seconds
[2025-10-13T09:30:55.925+0000] {processor.py:161} INFO - Started process (PID=10254) to work on /opt/airflow/dags/minio_to_snowflake.py
[2025-10-13T09:30:55.929+0000] {processor.py:830} INFO - Processing file /opt/airflow/dags/minio_to_snowflake.py for tasks to queue
[2025-10-13T09:30:55.932+0000] {logging_mixin.py:188} INFO - [2025-10-13T09:30:55.932+0000] {dagbag.py:545} INFO - Filling up the DagBag from /opt/airflow/dags/minio_to_snowflake.py
[2025-10-13T09:30:57.338+0000] {processor.py:840} INFO - DAG(s) 'minio_to_snowflake' retrieved from /opt/airflow/dags/minio_to_snowflake.py
[2025-10-13T09:30:57.375+0000] {logging_mixin.py:188} INFO - [2025-10-13T09:30:57.373+0000] {dag.py:3089} INFO - Sync 1 DAGs
[2025-10-13T09:30:57.749+0000] {logging_mixin.py:188} INFO - [2025-10-13T09:30:57.748+0000] {dag.py:3947} INFO - Setting next_dagrun for minio_to_snowflake to 2025-10-13 09:29:00+00:00, run_after=2025-10-13 09:30:00+00:00
[2025-10-13T09:30:57.793+0000] {processor.py:183} INFO - Processing /opt/airflow/dags/minio_to_snowflake.py took 1.880 seconds
[2025-10-13T09:31:28.204+0000] {processor.py:161} INFO - Started process (PID=10420) to work on /opt/airflow/dags/minio_to_snowflake.py
[2025-10-13T09:31:28.207+0000] {processor.py:830} INFO - Processing file /opt/airflow/dags/minio_to_snowflake.py for tasks to queue
[2025-10-13T09:31:28.214+0000] {logging_mixin.py:188} INFO - [2025-10-13T09:31:28.213+0000] {dagbag.py:545} INFO - Filling up the DagBag from /opt/airflow/dags/minio_to_snowflake.py
[2025-10-13T09:31:29.601+0000] {processor.py:840} INFO - DAG(s) 'minio_to_snowflake' retrieved from /opt/airflow/dags/minio_to_snowflake.py
[2025-10-13T09:31:29.905+0000] {logging_mixin.py:188} INFO - [2025-10-13T09:31:29.650+0000] {dag.py:3089} INFO - Sync 1 DAGs
[2025-10-13T09:31:29.959+0000] {logging_mixin.py:188} INFO - [2025-10-13T09:31:29.958+0000] {dag.py:3947} INFO - Setting next_dagrun for minio_to_snowflake to 2025-10-13 09:30:00+00:00, run_after=2025-10-13 09:31:00+00:00
[2025-10-13T09:31:29.996+0000] {processor.py:183} INFO - Processing /opt/airflow/dags/minio_to_snowflake.py took 1.809 seconds
[2025-10-13T09:32:00.118+0000] {processor.py:161} INFO - Started process (PID=10577) to work on /opt/airflow/dags/minio_to_snowflake.py
[2025-10-13T09:32:00.121+0000] {processor.py:830} INFO - Processing file /opt/airflow/dags/minio_to_snowflake.py for tasks to queue
[2025-10-13T09:32:00.125+0000] {logging_mixin.py:188} INFO - [2025-10-13T09:32:00.124+0000] {dagbag.py:545} INFO - Filling up the DagBag from /opt/airflow/dags/minio_to_snowflake.py
[2025-10-13T09:32:01.307+0000] {processor.py:840} INFO - DAG(s) 'minio_to_snowflake' retrieved from /opt/airflow/dags/minio_to_snowflake.py
[2025-10-13T09:32:01.342+0000] {logging_mixin.py:188} INFO - [2025-10-13T09:32:01.341+0000] {dag.py:3089} INFO - Sync 1 DAGs
[2025-10-13T09:32:01.372+0000] {logging_mixin.py:188} INFO - [2025-10-13T09:32:01.372+0000] {dag.py:3947} INFO - Setting next_dagrun for minio_to_snowflake to 2025-10-13 09:31:00+00:00, run_after=2025-10-13 09:32:00+00:00
[2025-10-13T09:32:01.404+0000] {processor.py:183} INFO - Processing /opt/airflow/dags/minio_to_snowflake.py took 1.304 seconds
[2025-10-13T09:32:31.651+0000] {processor.py:161} INFO - Started process (PID=10734) to work on /opt/airflow/dags/minio_to_snowflake.py
[2025-10-13T09:32:31.652+0000] {processor.py:830} INFO - Processing file /opt/airflow/dags/minio_to_snowflake.py for tasks to queue
[2025-10-13T09:32:31.655+0000] {logging_mixin.py:188} INFO - [2025-10-13T09:32:31.655+0000] {dagbag.py:545} INFO - Filling up the DagBag from /opt/airflow/dags/minio_to_snowflake.py
[2025-10-13T09:32:33.024+0000] {processor.py:840} INFO - DAG(s) 'minio_to_snowflake' retrieved from /opt/airflow/dags/minio_to_snowflake.py
[2025-10-13T09:32:33.092+0000] {logging_mixin.py:188} INFO - [2025-10-13T09:32:33.091+0000] {dag.py:3089} INFO - Sync 1 DAGs
[2025-10-13T09:32:33.154+0000] {logging_mixin.py:188} INFO - [2025-10-13T09:32:33.154+0000] {dag.py:3947} INFO - Setting next_dagrun for minio_to_snowflake to 2025-10-13 09:31:00+00:00, run_after=2025-10-13 09:32:00+00:00
[2025-10-13T09:32:33.201+0000] {processor.py:183} INFO - Processing /opt/airflow/dags/minio_to_snowflake.py took 1.568 seconds
[2025-10-13T09:33:03.554+0000] {processor.py:161} INFO - Started process (PID=10896) to work on /opt/airflow/dags/minio_to_snowflake.py
[2025-10-13T09:33:03.557+0000] {processor.py:830} INFO - Processing file /opt/airflow/dags/minio_to_snowflake.py for tasks to queue
[2025-10-13T09:33:03.562+0000] {logging_mixin.py:188} INFO - [2025-10-13T09:33:03.561+0000] {dagbag.py:545} INFO - Filling up the DagBag from /opt/airflow/dags/minio_to_snowflake.py
[2025-10-13T09:33:04.698+0000] {processor.py:840} INFO - DAG(s) 'minio_to_snowflake' retrieved from /opt/airflow/dags/minio_to_snowflake.py
[2025-10-13T09:33:04.762+0000] {logging_mixin.py:188} INFO - [2025-10-13T09:33:04.761+0000] {dag.py:3089} INFO - Sync 1 DAGs
[2025-10-13T09:33:04.794+0000] {logging_mixin.py:188} INFO - [2025-10-13T09:33:04.794+0000] {dag.py:3947} INFO - Setting next_dagrun for minio_to_snowflake to 2025-10-13 09:32:00+00:00, run_after=2025-10-13 09:33:00+00:00
[2025-10-13T09:33:05.025+0000] {processor.py:183} INFO - Processing /opt/airflow/dags/minio_to_snowflake.py took 1.487 seconds
[2025-10-13T09:33:35.273+0000] {processor.py:161} INFO - Started process (PID=11011) to work on /opt/airflow/dags/minio_to_snowflake.py
[2025-10-13T09:33:35.275+0000] {processor.py:830} INFO - Processing file /opt/airflow/dags/minio_to_snowflake.py for tasks to queue
[2025-10-13T09:33:35.278+0000] {logging_mixin.py:188} INFO - [2025-10-13T09:33:35.277+0000] {dagbag.py:545} INFO - Filling up the DagBag from /opt/airflow/dags/minio_to_snowflake.py
[2025-10-13T09:33:36.576+0000] {processor.py:840} INFO - DAG(s) 'minio_to_snowflake' retrieved from /opt/airflow/dags/minio_to_snowflake.py
[2025-10-13T09:33:36.627+0000] {logging_mixin.py:188} INFO - [2025-10-13T09:33:36.626+0000] {dag.py:3089} INFO - Sync 1 DAGs
[2025-10-13T09:33:36.868+0000] {logging_mixin.py:188} INFO - [2025-10-13T09:33:36.868+0000] {dag.py:3947} INFO - Setting next_dagrun for minio_to_snowflake to 2025-10-13 09:33:00+00:00, run_after=2025-10-13 09:34:00+00:00
[2025-10-13T09:33:36.924+0000] {processor.py:183} INFO - Processing /opt/airflow/dags/minio_to_snowflake.py took 1.669 seconds
[2025-10-13T09:34:07.341+0000] {processor.py:161} INFO - Started process (PID=13048) to work on /opt/airflow/dags/minio_to_snowflake.py
[2025-10-13T09:34:07.343+0000] {processor.py:830} INFO - Processing file /opt/airflow/dags/minio_to_snowflake.py for tasks to queue
[2025-10-13T09:34:07.346+0000] {logging_mixin.py:188} INFO - [2025-10-13T09:34:07.346+0000] {dagbag.py:545} INFO - Filling up the DagBag from /opt/airflow/dags/minio_to_snowflake.py
[2025-10-13T09:34:08.738+0000] {processor.py:840} INFO - DAG(s) 'minio_to_snowflake' retrieved from /opt/airflow/dags/minio_to_snowflake.py
[2025-10-13T09:34:09.044+0000] {logging_mixin.py:188} INFO - [2025-10-13T09:34:08.794+0000] {dag.py:3089} INFO - Sync 1 DAGs
[2025-10-13T09:34:09.078+0000] {logging_mixin.py:188} INFO - [2025-10-13T09:34:09.077+0000] {dag.py:3947} INFO - Setting next_dagrun for minio_to_snowflake to 2025-10-13 09:33:00+00:00, run_after=2025-10-13 09:34:00+00:00
[2025-10-13T09:34:09.107+0000] {processor.py:183} INFO - Processing /opt/airflow/dags/minio_to_snowflake.py took 1.785 seconds
[2025-10-13T09:34:39.692+0000] {processor.py:161} INFO - Started process (PID=13225) to work on /opt/airflow/dags/minio_to_snowflake.py
[2025-10-13T09:34:39.703+0000] {processor.py:830} INFO - Processing file /opt/airflow/dags/minio_to_snowflake.py for tasks to queue
[2025-10-13T09:34:39.716+0000] {logging_mixin.py:188} INFO - [2025-10-13T09:34:39.715+0000] {dagbag.py:545} INFO - Filling up the DagBag from /opt/airflow/dags/minio_to_snowflake.py
[2025-10-13T09:34:40.869+0000] {processor.py:840} INFO - DAG(s) 'minio_to_snowflake' retrieved from /opt/airflow/dags/minio_to_snowflake.py
[2025-10-13T09:34:40.912+0000] {logging_mixin.py:188} INFO - [2025-10-13T09:34:40.911+0000] {dag.py:3089} INFO - Sync 1 DAGs
[2025-10-13T09:34:40.983+0000] {logging_mixin.py:188} INFO - [2025-10-13T09:34:40.983+0000] {dag.py:3947} INFO - Setting next_dagrun for minio_to_snowflake to 2025-10-13 09:33:00+00:00, run_after=2025-10-13 09:34:00+00:00
[2025-10-13T09:34:41.026+0000] {processor.py:183} INFO - Processing /opt/airflow/dags/minio_to_snowflake.py took 1.348 seconds
[2025-10-13T09:35:11.266+0000] {processor.py:161} INFO - Started process (PID=13401) to work on /opt/airflow/dags/minio_to_snowflake.py
[2025-10-13T09:35:11.269+0000] {processor.py:830} INFO - Processing file /opt/airflow/dags/minio_to_snowflake.py for tasks to queue
[2025-10-13T09:35:11.276+0000] {logging_mixin.py:188} INFO - [2025-10-13T09:35:11.275+0000] {dagbag.py:545} INFO - Filling up the DagBag from /opt/airflow/dags/minio_to_snowflake.py
[2025-10-13T09:35:12.376+0000] {processor.py:840} INFO - DAG(s) 'minio_to_snowflake' retrieved from /opt/airflow/dags/minio_to_snowflake.py
[2025-10-13T09:35:12.407+0000] {logging_mixin.py:188} INFO - [2025-10-13T09:35:12.406+0000] {dag.py:3089} INFO - Sync 1 DAGs
[2025-10-13T09:35:12.434+0000] {logging_mixin.py:188} INFO - [2025-10-13T09:35:12.434+0000] {dag.py:3947} INFO - Setting next_dagrun for minio_to_snowflake to 2025-10-13 09:34:00+00:00, run_after=2025-10-13 09:35:00+00:00
[2025-10-13T09:35:12.458+0000] {processor.py:183} INFO - Processing /opt/airflow/dags/minio_to_snowflake.py took 1.213 seconds
[2025-10-13T09:35:42.706+0000] {processor.py:161} INFO - Started process (PID=13583) to work on /opt/airflow/dags/minio_to_snowflake.py
[2025-10-13T09:35:42.709+0000] {processor.py:830} INFO - Processing file /opt/airflow/dags/minio_to_snowflake.py for tasks to queue
[2025-10-13T09:35:42.713+0000] {logging_mixin.py:188} INFO - [2025-10-13T09:35:42.713+0000] {dagbag.py:545} INFO - Filling up the DagBag from /opt/airflow/dags/minio_to_snowflake.py
[2025-10-13T09:35:43.969+0000] {processor.py:840} INFO - DAG(s) 'minio_to_snowflake' retrieved from /opt/airflow/dags/minio_to_snowflake.py
[2025-10-13T09:35:44.013+0000] {logging_mixin.py:188} INFO - [2025-10-13T09:35:44.012+0000] {dag.py:3089} INFO - Sync 1 DAGs
[2025-10-13T09:35:44.056+0000] {logging_mixin.py:188} INFO - [2025-10-13T09:35:44.055+0000] {dag.py:3947} INFO - Setting next_dagrun for minio_to_snowflake to 2025-10-13 09:34:00+00:00, run_after=2025-10-13 09:35:00+00:00
[2025-10-13T09:35:44.288+0000] {processor.py:183} INFO - Processing /opt/airflow/dags/minio_to_snowflake.py took 1.599 seconds
[2025-10-13T09:36:14.794+0000] {processor.py:161} INFO - Started process (PID=13732) to work on /opt/airflow/dags/minio_to_snowflake.py
[2025-10-13T09:36:14.796+0000] {processor.py:830} INFO - Processing file /opt/airflow/dags/minio_to_snowflake.py for tasks to queue
[2025-10-13T09:36:14.806+0000] {logging_mixin.py:188} INFO - [2025-10-13T09:36:14.805+0000] {dagbag.py:545} INFO - Filling up the DagBag from /opt/airflow/dags/minio_to_snowflake.py
[2025-10-13T09:36:16.268+0000] {processor.py:840} INFO - DAG(s) 'minio_to_snowflake' retrieved from /opt/airflow/dags/minio_to_snowflake.py
[2025-10-13T09:36:16.332+0000] {logging_mixin.py:188} INFO - [2025-10-13T09:36:16.330+0000] {dag.py:3089} INFO - Sync 1 DAGs
[2025-10-13T09:36:16.636+0000] {logging_mixin.py:188} INFO - [2025-10-13T09:36:16.636+0000] {dag.py:3947} INFO - Setting next_dagrun for minio_to_snowflake to 2025-10-13 09:35:00+00:00, run_after=2025-10-13 09:36:00+00:00
[2025-10-13T09:36:16.669+0000] {processor.py:183} INFO - Processing /opt/airflow/dags/minio_to_snowflake.py took 1.895 seconds
[2025-10-13T09:36:46.792+0000] {processor.py:161} INFO - Started process (PID=13924) to work on /opt/airflow/dags/minio_to_snowflake.py
[2025-10-13T09:36:46.796+0000] {processor.py:830} INFO - Processing file /opt/airflow/dags/minio_to_snowflake.py for tasks to queue
[2025-10-13T09:36:46.800+0000] {logging_mixin.py:188} INFO - [2025-10-13T09:36:46.799+0000] {dagbag.py:545} INFO - Filling up the DagBag from /opt/airflow/dags/minio_to_snowflake.py
[2025-10-13T09:36:47.966+0000] {processor.py:840} INFO - DAG(s) 'minio_to_snowflake' retrieved from /opt/airflow/dags/minio_to_snowflake.py
[2025-10-13T09:36:48.037+0000] {logging_mixin.py:188} INFO - [2025-10-13T09:36:48.035+0000] {dag.py:3089} INFO - Sync 1 DAGs
[2025-10-13T09:36:48.282+0000] {logging_mixin.py:188} INFO - [2025-10-13T09:36:48.282+0000] {dag.py:3947} INFO - Setting next_dagrun for minio_to_snowflake to 2025-10-13 09:35:00+00:00, run_after=2025-10-13 09:36:00+00:00
[2025-10-13T09:36:48.303+0000] {processor.py:183} INFO - Processing /opt/airflow/dags/minio_to_snowflake.py took 1.522 seconds
[2025-10-13T09:37:18.387+0000] {processor.py:161} INFO - Started process (PID=14055) to work on /opt/airflow/dags/minio_to_snowflake.py
[2025-10-13T09:37:18.391+0000] {processor.py:830} INFO - Processing file /opt/airflow/dags/minio_to_snowflake.py for tasks to queue
[2025-10-13T09:37:18.395+0000] {logging_mixin.py:188} INFO - [2025-10-13T09:37:18.394+0000] {dagbag.py:545} INFO - Filling up the DagBag from /opt/airflow/dags/minio_to_snowflake.py
[2025-10-13T09:37:20.152+0000] {processor.py:840} INFO - DAG(s) 'minio_to_snowflake' retrieved from /opt/airflow/dags/minio_to_snowflake.py
[2025-10-13T09:37:20.230+0000] {logging_mixin.py:188} INFO - [2025-10-13T09:37:20.229+0000] {dag.py:3089} INFO - Sync 1 DAGs
[2025-10-13T09:37:20.282+0000] {logging_mixin.py:188} INFO - [2025-10-13T09:37:20.282+0000] {dag.py:3947} INFO - Setting next_dagrun for minio_to_snowflake to 2025-10-13 09:36:00+00:00, run_after=2025-10-13 09:37:00+00:00
[2025-10-13T09:37:20.333+0000] {processor.py:183} INFO - Processing /opt/airflow/dags/minio_to_snowflake.py took 1.957 seconds
[2025-10-13T09:37:50.732+0000] {processor.py:161} INFO - Started process (PID=16087) to work on /opt/airflow/dags/minio_to_snowflake.py
[2025-10-13T09:37:50.735+0000] {processor.py:830} INFO - Processing file /opt/airflow/dags/minio_to_snowflake.py for tasks to queue
[2025-10-13T09:37:50.741+0000] {logging_mixin.py:188} INFO - [2025-10-13T09:37:50.740+0000] {dagbag.py:545} INFO - Filling up the DagBag from /opt/airflow/dags/minio_to_snowflake.py
[2025-10-13T09:37:52.098+0000] {processor.py:840} INFO - DAG(s) 'minio_to_snowflake' retrieved from /opt/airflow/dags/minio_to_snowflake.py
[2025-10-13T09:37:52.175+0000] {logging_mixin.py:188} INFO - [2025-10-13T09:37:52.174+0000] {dag.py:3089} INFO - Sync 1 DAGs
[2025-10-13T09:37:52.235+0000] {logging_mixin.py:188} INFO - [2025-10-13T09:37:52.235+0000] {dag.py:3947} INFO - Setting next_dagrun for minio_to_snowflake to 2025-10-13 09:36:00+00:00, run_after=2025-10-13 09:37:00+00:00
[2025-10-13T09:37:52.312+0000] {processor.py:183} INFO - Processing /opt/airflow/dags/minio_to_snowflake.py took 1.599 seconds
[2025-10-13T09:38:22.754+0000] {processor.py:161} INFO - Started process (PID=16273) to work on /opt/airflow/dags/minio_to_snowflake.py
[2025-10-13T09:38:22.756+0000] {processor.py:830} INFO - Processing file /opt/airflow/dags/minio_to_snowflake.py for tasks to queue
[2025-10-13T09:38:22.759+0000] {logging_mixin.py:188} INFO - [2025-10-13T09:38:22.758+0000] {dagbag.py:545} INFO - Filling up the DagBag from /opt/airflow/dags/minio_to_snowflake.py
[2025-10-13T09:38:23.890+0000] {processor.py:840} INFO - DAG(s) 'minio_to_snowflake' retrieved from /opt/airflow/dags/minio_to_snowflake.py
[2025-10-13T09:38:23.933+0000] {logging_mixin.py:188} INFO - [2025-10-13T09:38:23.932+0000] {dag.py:3089} INFO - Sync 1 DAGs
[2025-10-13T09:38:23.984+0000] {logging_mixin.py:188} INFO - [2025-10-13T09:38:23.984+0000] {dag.py:3947} INFO - Setting next_dagrun for minio_to_snowflake to 2025-10-13 09:37:00+00:00, run_after=2025-10-13 09:38:00+00:00
[2025-10-13T09:38:24.013+0000] {processor.py:183} INFO - Processing /opt/airflow/dags/minio_to_snowflake.py took 1.270 seconds
[2025-10-13T09:38:54.363+0000] {processor.py:161} INFO - Started process (PID=16446) to work on /opt/airflow/dags/minio_to_snowflake.py
[2025-10-13T09:38:54.366+0000] {processor.py:830} INFO - Processing file /opt/airflow/dags/minio_to_snowflake.py for tasks to queue
[2025-10-13T09:38:54.371+0000] {logging_mixin.py:188} INFO - [2025-10-13T09:38:54.370+0000] {dagbag.py:545} INFO - Filling up the DagBag from /opt/airflow/dags/minio_to_snowflake.py
[2025-10-13T09:38:55.852+0000] {processor.py:840} INFO - DAG(s) 'minio_to_snowflake' retrieved from /opt/airflow/dags/minio_to_snowflake.py
[2025-10-13T09:38:55.924+0000] {logging_mixin.py:188} INFO - [2025-10-13T09:38:55.924+0000] {dag.py:3089} INFO - Sync 1 DAGs
[2025-10-13T09:38:56.230+0000] {logging_mixin.py:188} INFO - [2025-10-13T09:38:56.229+0000] {dag.py:3947} INFO - Setting next_dagrun for minio_to_snowflake to 2025-10-13 09:37:00+00:00, run_after=2025-10-13 09:38:00+00:00
[2025-10-13T09:38:56.252+0000] {processor.py:183} INFO - Processing /opt/airflow/dags/minio_to_snowflake.py took 1.909 seconds
[2025-10-13T09:39:26.418+0000] {processor.py:161} INFO - Started process (PID=16620) to work on /opt/airflow/dags/minio_to_snowflake.py
[2025-10-13T09:39:26.421+0000] {processor.py:830} INFO - Processing file /opt/airflow/dags/minio_to_snowflake.py for tasks to queue
[2025-10-13T09:39:26.427+0000] {logging_mixin.py:188} INFO - [2025-10-13T09:39:26.426+0000] {dagbag.py:545} INFO - Filling up the DagBag from /opt/airflow/dags/minio_to_snowflake.py
[2025-10-13T09:39:27.808+0000] {processor.py:840} INFO - DAG(s) 'minio_to_snowflake' retrieved from /opt/airflow/dags/minio_to_snowflake.py
[2025-10-13T09:39:27.884+0000] {logging_mixin.py:188} INFO - [2025-10-13T09:39:27.883+0000] {dag.py:3089} INFO - Sync 1 DAGs
[2025-10-13T09:39:28.324+0000] {logging_mixin.py:188} INFO - [2025-10-13T09:39:28.324+0000] {dag.py:3947} INFO - Setting next_dagrun for minio_to_snowflake to 2025-10-13 09:38:00+00:00, run_after=2025-10-13 09:39:00+00:00
[2025-10-13T09:39:28.360+0000] {processor.py:183} INFO - Processing /opt/airflow/dags/minio_to_snowflake.py took 1.961 seconds
[2025-10-13T09:39:58.928+0000] {processor.py:161} INFO - Started process (PID=16791) to work on /opt/airflow/dags/minio_to_snowflake.py
[2025-10-13T09:39:58.931+0000] {processor.py:830} INFO - Processing file /opt/airflow/dags/minio_to_snowflake.py for tasks to queue
[2025-10-13T09:39:58.936+0000] {logging_mixin.py:188} INFO - [2025-10-13T09:39:58.935+0000] {dagbag.py:545} INFO - Filling up the DagBag from /opt/airflow/dags/minio_to_snowflake.py
[2025-10-13T09:40:00.403+0000] {processor.py:840} INFO - DAG(s) 'minio_to_snowflake' retrieved from /opt/airflow/dags/minio_to_snowflake.py
[2025-10-13T09:40:00.662+0000] {logging_mixin.py:188} INFO - [2025-10-13T09:40:00.439+0000] {dag.py:3089} INFO - Sync 1 DAGs
[2025-10-13T09:40:00.723+0000] {logging_mixin.py:188} INFO - [2025-10-13T09:40:00.723+0000] {dag.py:3947} INFO - Setting next_dagrun for minio_to_snowflake to 2025-10-13 09:39:00+00:00, run_after=2025-10-13 09:40:00+00:00
[2025-10-13T09:40:00.774+0000] {processor.py:183} INFO - Processing /opt/airflow/dags/minio_to_snowflake.py took 1.863 seconds
[2025-10-13T09:40:31.139+0000] {processor.py:161} INFO - Started process (PID=16961) to work on /opt/airflow/dags/minio_to_snowflake.py
[2025-10-13T09:40:31.141+0000] {processor.py:830} INFO - Processing file /opt/airflow/dags/minio_to_snowflake.py for tasks to queue
[2025-10-13T09:40:31.146+0000] {logging_mixin.py:188} INFO - [2025-10-13T09:40:31.145+0000] {dagbag.py:545} INFO - Filling up the DagBag from /opt/airflow/dags/minio_to_snowflake.py
[2025-10-13T09:40:32.437+0000] {processor.py:840} INFO - DAG(s) 'minio_to_snowflake' retrieved from /opt/airflow/dags/minio_to_snowflake.py
[2025-10-13T09:40:32.489+0000] {logging_mixin.py:188} INFO - [2025-10-13T09:40:32.487+0000] {dag.py:3089} INFO - Sync 1 DAGs
[2025-10-13T09:40:32.521+0000] {logging_mixin.py:188} INFO - [2025-10-13T09:40:32.521+0000] {dag.py:3947} INFO - Setting next_dagrun for minio_to_snowflake to 2025-10-13 09:39:00+00:00, run_after=2025-10-13 09:40:00+00:00
[2025-10-13T09:40:32.567+0000] {processor.py:183} INFO - Processing /opt/airflow/dags/minio_to_snowflake.py took 1.441 seconds
[2025-10-13T09:41:02.993+0000] {processor.py:161} INFO - Started process (PID=17099) to work on /opt/airflow/dags/minio_to_snowflake.py
[2025-10-13T09:41:02.995+0000] {processor.py:830} INFO - Processing file /opt/airflow/dags/minio_to_snowflake.py for tasks to queue
[2025-10-13T09:41:03.002+0000] {logging_mixin.py:188} INFO - [2025-10-13T09:41:03.001+0000] {dagbag.py:545} INFO - Filling up the DagBag from /opt/airflow/dags/minio_to_snowflake.py
[2025-10-13T09:41:03.955+0000] {processor.py:840} INFO - DAG(s) 'minio_to_snowflake' retrieved from /opt/airflow/dags/minio_to_snowflake.py
[2025-10-13T09:41:03.996+0000] {logging_mixin.py:188} INFO - [2025-10-13T09:41:03.995+0000] {dag.py:3089} INFO - Sync 1 DAGs
[2025-10-13T09:41:04.041+0000] {logging_mixin.py:188} INFO - [2025-10-13T09:41:04.041+0000] {dag.py:3947} INFO - Setting next_dagrun for minio_to_snowflake to 2025-10-13 09:40:00+00:00, run_after=2025-10-13 09:41:00+00:00
[2025-10-13T09:41:04.071+0000] {processor.py:183} INFO - Processing /opt/airflow/dags/minio_to_snowflake.py took 1.099 seconds
[2025-10-13T09:41:34.334+0000] {processor.py:161} INFO - Started process (PID=19140) to work on /opt/airflow/dags/minio_to_snowflake.py
[2025-10-13T09:41:34.337+0000] {processor.py:830} INFO - Processing file /opt/airflow/dags/minio_to_snowflake.py for tasks to queue
[2025-10-13T09:41:34.342+0000] {logging_mixin.py:188} INFO - [2025-10-13T09:41:34.341+0000] {dagbag.py:545} INFO - Filling up the DagBag from /opt/airflow/dags/minio_to_snowflake.py
[2025-10-13T09:41:35.933+0000] {processor.py:840} INFO - DAG(s) 'minio_to_snowflake' retrieved from /opt/airflow/dags/minio_to_snowflake.py
[2025-10-13T09:41:35.998+0000] {logging_mixin.py:188} INFO - [2025-10-13T09:41:35.997+0000] {dag.py:3089} INFO - Sync 1 DAGs
[2025-10-13T09:41:36.065+0000] {logging_mixin.py:188} INFO - [2025-10-13T09:41:36.064+0000] {dag.py:3947} INFO - Setting next_dagrun for minio_to_snowflake to 2025-10-13 09:40:00+00:00, run_after=2025-10-13 09:41:00+00:00
[2025-10-13T09:41:36.314+0000] {processor.py:183} INFO - Processing /opt/airflow/dags/minio_to_snowflake.py took 1.999 seconds
[2025-10-13T09:42:06.660+0000] {processor.py:161} INFO - Started process (PID=19312) to work on /opt/airflow/dags/minio_to_snowflake.py
[2025-10-13T09:42:06.662+0000] {processor.py:830} INFO - Processing file /opt/airflow/dags/minio_to_snowflake.py for tasks to queue
[2025-10-13T09:42:06.665+0000] {logging_mixin.py:188} INFO - [2025-10-13T09:42:06.665+0000] {dagbag.py:545} INFO - Filling up the DagBag from /opt/airflow/dags/minio_to_snowflake.py
[2025-10-13T09:42:07.579+0000] {processor.py:840} INFO - DAG(s) 'minio_to_snowflake' retrieved from /opt/airflow/dags/minio_to_snowflake.py
[2025-10-13T09:42:07.624+0000] {logging_mixin.py:188} INFO - [2025-10-13T09:42:07.623+0000] {dag.py:3089} INFO - Sync 1 DAGs
[2025-10-13T09:42:07.913+0000] {logging_mixin.py:188} INFO - [2025-10-13T09:42:07.912+0000] {dag.py:3947} INFO - Setting next_dagrun for minio_to_snowflake to 2025-10-13 09:41:00+00:00, run_after=2025-10-13 09:42:00+00:00
[2025-10-13T09:42:07.948+0000] {processor.py:183} INFO - Processing /opt/airflow/dags/minio_to_snowflake.py took 1.301 seconds
[2025-10-13T09:42:38.119+0000] {processor.py:161} INFO - Started process (PID=19470) to work on /opt/airflow/dags/minio_to_snowflake.py
[2025-10-13T09:42:38.121+0000] {processor.py:830} INFO - Processing file /opt/airflow/dags/minio_to_snowflake.py for tasks to queue
[2025-10-13T09:42:38.125+0000] {logging_mixin.py:188} INFO - [2025-10-13T09:42:38.125+0000] {dagbag.py:545} INFO - Filling up the DagBag from /opt/airflow/dags/minio_to_snowflake.py
[2025-10-13T09:42:39.437+0000] {processor.py:840} INFO - DAG(s) 'minio_to_snowflake' retrieved from /opt/airflow/dags/minio_to_snowflake.py
[2025-10-13T09:42:39.521+0000] {logging_mixin.py:188} INFO - [2025-10-13T09:42:39.518+0000] {dag.py:3089} INFO - Sync 1 DAGs
[2025-10-13T09:42:39.993+0000] {logging_mixin.py:188} INFO - [2025-10-13T09:42:39.992+0000] {dag.py:3947} INFO - Setting next_dagrun for minio_to_snowflake to 2025-10-13 09:41:00+00:00, run_after=2025-10-13 09:42:00+00:00
[2025-10-13T09:42:40.037+0000] {processor.py:183} INFO - Processing /opt/airflow/dags/minio_to_snowflake.py took 1.933 seconds
[2025-10-13T09:43:10.483+0000] {processor.py:161} INFO - Started process (PID=19645) to work on /opt/airflow/dags/minio_to_snowflake.py
[2025-10-13T09:43:10.485+0000] {processor.py:830} INFO - Processing file /opt/airflow/dags/minio_to_snowflake.py for tasks to queue
[2025-10-13T09:43:10.488+0000] {logging_mixin.py:188} INFO - [2025-10-13T09:43:10.488+0000] {dagbag.py:545} INFO - Filling up the DagBag from /opt/airflow/dags/minio_to_snowflake.py
[2025-10-13T09:43:11.771+0000] {processor.py:840} INFO - DAG(s) 'minio_to_snowflake' retrieved from /opt/airflow/dags/minio_to_snowflake.py
[2025-10-13T09:43:12.115+0000] {logging_mixin.py:188} INFO - [2025-10-13T09:43:12.114+0000] {dag.py:3089} INFO - Sync 1 DAGs
[2025-10-13T09:43:12.152+0000] {logging_mixin.py:188} INFO - [2025-10-13T09:43:12.152+0000] {dag.py:3947} INFO - Setting next_dagrun for minio_to_snowflake to 2025-10-13 09:42:00+00:00, run_after=2025-10-13 09:43:00+00:00
[2025-10-13T09:43:12.183+0000] {processor.py:183} INFO - Processing /opt/airflow/dags/minio_to_snowflake.py took 1.709 seconds
[2025-10-13T09:43:42.544+0000] {processor.py:161} INFO - Started process (PID=19841) to work on /opt/airflow/dags/minio_to_snowflake.py
[2025-10-13T09:43:42.547+0000] {processor.py:830} INFO - Processing file /opt/airflow/dags/minio_to_snowflake.py for tasks to queue
[2025-10-13T09:43:42.554+0000] {logging_mixin.py:188} INFO - [2025-10-13T09:43:42.553+0000] {dagbag.py:545} INFO - Filling up the DagBag from /opt/airflow/dags/minio_to_snowflake.py
[2025-10-13T09:43:43.841+0000] {processor.py:840} INFO - DAG(s) 'minio_to_snowflake' retrieved from /opt/airflow/dags/minio_to_snowflake.py
[2025-10-13T09:43:43.896+0000] {logging_mixin.py:188} INFO - [2025-10-13T09:43:43.895+0000] {dag.py:3089} INFO - Sync 1 DAGs
[2025-10-13T09:43:43.951+0000] {logging_mixin.py:188} INFO - [2025-10-13T09:43:43.950+0000] {dag.py:3947} INFO - Setting next_dagrun for minio_to_snowflake to 2025-10-13 09:42:00+00:00, run_after=2025-10-13 09:43:00+00:00
[2025-10-13T09:43:43.992+0000] {processor.py:183} INFO - Processing /opt/airflow/dags/minio_to_snowflake.py took 1.466 seconds
[2025-10-13T09:44:14.124+0000] {processor.py:161} INFO - Started process (PID=20023) to work on /opt/airflow/dags/minio_to_snowflake.py
[2025-10-13T09:44:14.126+0000] {processor.py:830} INFO - Processing file /opt/airflow/dags/minio_to_snowflake.py for tasks to queue
[2025-10-13T09:44:14.132+0000] {logging_mixin.py:188} INFO - [2025-10-13T09:44:14.131+0000] {dagbag.py:545} INFO - Filling up the DagBag from /opt/airflow/dags/minio_to_snowflake.py
[2025-10-13T09:44:15.267+0000] {processor.py:840} INFO - DAG(s) 'minio_to_snowflake' retrieved from /opt/airflow/dags/minio_to_snowflake.py
[2025-10-13T09:44:15.343+0000] {logging_mixin.py:188} INFO - [2025-10-13T09:44:15.341+0000] {dag.py:3089} INFO - Sync 1 DAGs
[2025-10-13T09:44:15.414+0000] {logging_mixin.py:188} INFO - [2025-10-13T09:44:15.413+0000] {dag.py:3947} INFO - Setting next_dagrun for minio_to_snowflake to 2025-10-13 09:43:00+00:00, run_after=2025-10-13 09:44:00+00:00
[2025-10-13T09:44:15.467+0000] {processor.py:183} INFO - Processing /opt/airflow/dags/minio_to_snowflake.py took 1.355 seconds
[2025-10-13T09:44:45.600+0000] {processor.py:161} INFO - Started process (PID=20653) to work on /opt/airflow/dags/minio_to_snowflake.py
[2025-10-13T09:44:45.602+0000] {processor.py:830} INFO - Processing file /opt/airflow/dags/minio_to_snowflake.py for tasks to queue
[2025-10-13T09:44:45.606+0000] {logging_mixin.py:188} INFO - [2025-10-13T09:44:45.606+0000] {dagbag.py:545} INFO - Filling up the DagBag from /opt/airflow/dags/minio_to_snowflake.py
[2025-10-13T09:44:46.820+0000] {processor.py:840} INFO - DAG(s) 'minio_to_snowflake' retrieved from /opt/airflow/dags/minio_to_snowflake.py
[2025-10-13T09:44:46.858+0000] {logging_mixin.py:188} INFO - [2025-10-13T09:44:46.858+0000] {dag.py:3089} INFO - Sync 1 DAGs
[2025-10-13T09:44:47.105+0000] {logging_mixin.py:188} INFO - [2025-10-13T09:44:47.105+0000] {dag.py:3947} INFO - Setting next_dagrun for minio_to_snowflake to 2025-10-13 09:44:00+00:00, run_after=2025-10-13 09:45:00+00:00
[2025-10-13T09:44:47.134+0000] {processor.py:183} INFO - Processing /opt/airflow/dags/minio_to_snowflake.py took 1.550 seconds
[2025-10-13T09:45:17.282+0000] {processor.py:161} INFO - Started process (PID=22208) to work on /opt/airflow/dags/minio_to_snowflake.py
[2025-10-13T09:45:17.285+0000] {processor.py:830} INFO - Processing file /opt/airflow/dags/minio_to_snowflake.py for tasks to queue
[2025-10-13T09:45:17.291+0000] {logging_mixin.py:188} INFO - [2025-10-13T09:45:17.290+0000] {dagbag.py:545} INFO - Filling up the DagBag from /opt/airflow/dags/minio_to_snowflake.py
[2025-10-13T09:45:18.580+0000] {processor.py:840} INFO - DAG(s) 'minio_to_snowflake' retrieved from /opt/airflow/dags/minio_to_snowflake.py
[2025-10-13T09:45:18.653+0000] {logging_mixin.py:188} INFO - [2025-10-13T09:45:18.650+0000] {dag.py:3089} INFO - Sync 1 DAGs
[2025-10-13T09:45:18.946+0000] {logging_mixin.py:188} INFO - [2025-10-13T09:45:18.945+0000] {dag.py:3947} INFO - Setting next_dagrun for minio_to_snowflake to 2025-10-13 09:44:00+00:00, run_after=2025-10-13 09:45:00+00:00
[2025-10-13T09:45:19.006+0000] {processor.py:183} INFO - Processing /opt/airflow/dags/minio_to_snowflake.py took 1.741 seconds
[2025-10-13T09:45:49.410+0000] {processor.py:161} INFO - Started process (PID=22309) to work on /opt/airflow/dags/minio_to_snowflake.py
[2025-10-13T09:45:49.413+0000] {processor.py:830} INFO - Processing file /opt/airflow/dags/minio_to_snowflake.py for tasks to queue
[2025-10-13T09:45:49.418+0000] {logging_mixin.py:188} INFO - [2025-10-13T09:45:49.417+0000] {dagbag.py:545} INFO - Filling up the DagBag from /opt/airflow/dags/minio_to_snowflake.py
[2025-10-13T09:45:51.028+0000] {processor.py:840} INFO - DAG(s) 'minio_to_snowflake' retrieved from /opt/airflow/dags/minio_to_snowflake.py
[2025-10-13T09:45:51.350+0000] {logging_mixin.py:188} INFO - [2025-10-13T09:45:51.084+0000] {dag.py:3089} INFO - Sync 1 DAGs
[2025-10-13T09:45:51.383+0000] {logging_mixin.py:188} INFO - [2025-10-13T09:45:51.383+0000] {dag.py:3947} INFO - Setting next_dagrun for minio_to_snowflake to 2025-10-13 09:44:00+00:00, run_after=2025-10-13 09:45:00+00:00
[2025-10-13T09:45:51.418+0000] {processor.py:183} INFO - Processing /opt/airflow/dags/minio_to_snowflake.py took 2.031 seconds
[2025-10-13T09:46:21.747+0000] {processor.py:161} INFO - Started process (PID=22470) to work on /opt/airflow/dags/minio_to_snowflake.py
[2025-10-13T09:46:21.749+0000] {processor.py:830} INFO - Processing file /opt/airflow/dags/minio_to_snowflake.py for tasks to queue
[2025-10-13T09:46:21.752+0000] {logging_mixin.py:188} INFO - [2025-10-13T09:46:21.751+0000] {dagbag.py:545} INFO - Filling up the DagBag from /opt/airflow/dags/minio_to_snowflake.py
[2025-10-13T09:46:23.067+0000] {processor.py:840} INFO - DAG(s) 'minio_to_snowflake' retrieved from /opt/airflow/dags/minio_to_snowflake.py
[2025-10-13T09:46:23.108+0000] {logging_mixin.py:188} INFO - [2025-10-13T09:46:23.107+0000] {dag.py:3089} INFO - Sync 1 DAGs
[2025-10-13T09:46:23.163+0000] {logging_mixin.py:188} INFO - [2025-10-13T09:46:23.163+0000] {dag.py:3947} INFO - Setting next_dagrun for minio_to_snowflake to 2025-10-13 09:45:00+00:00, run_after=2025-10-13 09:46:00+00:00
[2025-10-13T09:46:23.201+0000] {processor.py:183} INFO - Processing /opt/airflow/dags/minio_to_snowflake.py took 1.466 seconds
[2025-10-13T09:46:53.517+0000] {processor.py:161} INFO - Started process (PID=22650) to work on /opt/airflow/dags/minio_to_snowflake.py
[2025-10-13T09:46:53.519+0000] {processor.py:830} INFO - Processing file /opt/airflow/dags/minio_to_snowflake.py for tasks to queue
[2025-10-13T09:46:53.522+0000] {logging_mixin.py:188} INFO - [2025-10-13T09:46:53.521+0000] {dagbag.py:545} INFO - Filling up the DagBag from /opt/airflow/dags/minio_to_snowflake.py
[2025-10-13T09:46:54.729+0000] {processor.py:840} INFO - DAG(s) 'minio_to_snowflake' retrieved from /opt/airflow/dags/minio_to_snowflake.py
[2025-10-13T09:46:54.774+0000] {logging_mixin.py:188} INFO - [2025-10-13T09:46:54.774+0000] {dag.py:3089} INFO - Sync 1 DAGs
[2025-10-13T09:46:54.830+0000] {logging_mixin.py:188} INFO - [2025-10-13T09:46:54.829+0000] {dag.py:3947} INFO - Setting next_dagrun for minio_to_snowflake to 2025-10-13 09:45:00+00:00, run_after=2025-10-13 09:46:00+00:00
[2025-10-13T09:46:54.875+0000] {processor.py:183} INFO - Processing /opt/airflow/dags/minio_to_snowflake.py took 1.367 seconds
[2025-10-13T09:47:25.270+0000] {processor.py:161} INFO - Started process (PID=22822) to work on /opt/airflow/dags/minio_to_snowflake.py
[2025-10-13T09:47:25.274+0000] {processor.py:830} INFO - Processing file /opt/airflow/dags/minio_to_snowflake.py for tasks to queue
[2025-10-13T09:47:25.278+0000] {logging_mixin.py:188} INFO - [2025-10-13T09:47:25.278+0000] {dagbag.py:545} INFO - Filling up the DagBag from /opt/airflow/dags/minio_to_snowflake.py
[2025-10-13T09:47:26.704+0000] {processor.py:840} INFO - DAG(s) 'minio_to_snowflake' retrieved from /opt/airflow/dags/minio_to_snowflake.py
[2025-10-13T09:47:26.764+0000] {logging_mixin.py:188} INFO - [2025-10-13T09:47:26.763+0000] {dag.py:3089} INFO - Sync 1 DAGs
[2025-10-13T09:47:27.120+0000] {logging_mixin.py:188} INFO - [2025-10-13T09:47:27.120+0000] {dag.py:3947} INFO - Setting next_dagrun for minio_to_snowflake to 2025-10-13 09:46:00+00:00, run_after=2025-10-13 09:47:00+00:00
[2025-10-13T09:47:27.161+0000] {processor.py:183} INFO - Processing /opt/airflow/dags/minio_to_snowflake.py took 1.910 seconds
[2025-10-13T09:47:57.568+0000] {processor.py:161} INFO - Started process (PID=23002) to work on /opt/airflow/dags/minio_to_snowflake.py
[2025-10-13T09:47:57.572+0000] {processor.py:830} INFO - Processing file /opt/airflow/dags/minio_to_snowflake.py for tasks to queue
[2025-10-13T09:47:57.579+0000] {logging_mixin.py:188} INFO - [2025-10-13T09:47:57.577+0000] {dagbag.py:545} INFO - Filling up the DagBag from /opt/airflow/dags/minio_to_snowflake.py
[2025-10-13T09:47:58.870+0000] {processor.py:840} INFO - DAG(s) 'minio_to_snowflake' retrieved from /opt/airflow/dags/minio_to_snowflake.py
[2025-10-13T09:47:58.945+0000] {logging_mixin.py:188} INFO - [2025-10-13T09:47:58.943+0000] {dag.py:3089} INFO - Sync 1 DAGs
[2025-10-13T09:47:59.215+0000] {logging_mixin.py:188} INFO - [2025-10-13T09:47:59.215+0000] {dag.py:3947} INFO - Setting next_dagrun for minio_to_snowflake to 2025-10-13 09:46:00+00:00, run_after=2025-10-13 09:47:00+00:00
[2025-10-13T09:47:59.243+0000] {processor.py:183} INFO - Processing /opt/airflow/dags/minio_to_snowflake.py took 1.696 seconds
[2025-10-13T09:48:29.496+0000] {processor.py:161} INFO - Started process (PID=23174) to work on /opt/airflow/dags/minio_to_snowflake.py
[2025-10-13T09:48:29.498+0000] {processor.py:830} INFO - Processing file /opt/airflow/dags/minio_to_snowflake.py for tasks to queue
[2025-10-13T09:48:29.501+0000] {logging_mixin.py:188} INFO - [2025-10-13T09:48:29.501+0000] {dagbag.py:545} INFO - Filling up the DagBag from /opt/airflow/dags/minio_to_snowflake.py
[2025-10-13T09:48:31.043+0000] {processor.py:840} INFO - DAG(s) 'minio_to_snowflake' retrieved from /opt/airflow/dags/minio_to_snowflake.py
[2025-10-13T09:48:31.279+0000] {logging_mixin.py:188} INFO - [2025-10-13T09:48:31.090+0000] {dag.py:3089} INFO - Sync 1 DAGs
[2025-10-13T09:48:31.313+0000] {logging_mixin.py:188} INFO - [2025-10-13T09:48:31.313+0000] {dag.py:3947} INFO - Setting next_dagrun for minio_to_snowflake to 2025-10-13 09:47:00+00:00, run_after=2025-10-13 09:48:00+00:00
[2025-10-13T09:48:31.354+0000] {processor.py:183} INFO - Processing /opt/airflow/dags/minio_to_snowflake.py took 1.869 seconds
[2025-10-13T09:49:01.679+0000] {processor.py:161} INFO - Started process (PID=25189) to work on /opt/airflow/dags/minio_to_snowflake.py
[2025-10-13T09:49:01.681+0000] {processor.py:830} INFO - Processing file /opt/airflow/dags/minio_to_snowflake.py for tasks to queue
[2025-10-13T09:49:01.683+0000] {logging_mixin.py:188} INFO - [2025-10-13T09:49:01.683+0000] {dagbag.py:545} INFO - Filling up the DagBag from /opt/airflow/dags/minio_to_snowflake.py
[2025-10-13T09:49:02.696+0000] {processor.py:840} INFO - DAG(s) 'minio_to_snowflake' retrieved from /opt/airflow/dags/minio_to_snowflake.py
[2025-10-13T09:49:02.761+0000] {logging_mixin.py:188} INFO - [2025-10-13T09:49:02.758+0000] {dag.py:3089} INFO - Sync 1 DAGs
[2025-10-13T09:49:02.827+0000] {logging_mixin.py:188} INFO - [2025-10-13T09:49:02.827+0000] {dag.py:3947} INFO - Setting next_dagrun for minio_to_snowflake to 2025-10-13 09:48:00+00:00, run_after=2025-10-13 09:49:00+00:00
[2025-10-13T09:49:02.897+0000] {processor.py:183} INFO - Processing /opt/airflow/dags/minio_to_snowflake.py took 1.226 seconds
[2025-10-13T09:49:33.261+0000] {processor.py:161} INFO - Started process (PID=25365) to work on /opt/airflow/dags/minio_to_snowflake.py
[2025-10-13T09:49:33.263+0000] {processor.py:830} INFO - Processing file /opt/airflow/dags/minio_to_snowflake.py for tasks to queue
[2025-10-13T09:49:33.266+0000] {logging_mixin.py:188} INFO - [2025-10-13T09:49:33.266+0000] {dagbag.py:545} INFO - Filling up the DagBag from /opt/airflow/dags/minio_to_snowflake.py
[2025-10-13T09:49:34.703+0000] {processor.py:840} INFO - DAG(s) 'minio_to_snowflake' retrieved from /opt/airflow/dags/minio_to_snowflake.py
[2025-10-13T09:49:34.744+0000] {logging_mixin.py:188} INFO - [2025-10-13T09:49:34.743+0000] {dag.py:3089} INFO - Sync 1 DAGs
[2025-10-13T09:49:34.800+0000] {logging_mixin.py:188} INFO - [2025-10-13T09:49:34.799+0000] {dag.py:3947} INFO - Setting next_dagrun for minio_to_snowflake to 2025-10-13 09:48:00+00:00, run_after=2025-10-13 09:49:00+00:00
[2025-10-13T09:49:34.839+0000] {processor.py:183} INFO - Processing /opt/airflow/dags/minio_to_snowflake.py took 1.589 seconds
[2025-10-13T09:50:05.279+0000] {processor.py:161} INFO - Started process (PID=25550) to work on /opt/airflow/dags/minio_to_snowflake.py
[2025-10-13T09:50:05.282+0000] {processor.py:830} INFO - Processing file /opt/airflow/dags/minio_to_snowflake.py for tasks to queue
[2025-10-13T09:50:05.288+0000] {logging_mixin.py:188} INFO - [2025-10-13T09:50:05.287+0000] {dagbag.py:545} INFO - Filling up the DagBag from /opt/airflow/dags/minio_to_snowflake.py
[2025-10-13T09:50:06.850+0000] {processor.py:840} INFO - DAG(s) 'minio_to_snowflake' retrieved from /opt/airflow/dags/minio_to_snowflake.py
[2025-10-13T09:50:06.903+0000] {logging_mixin.py:188} INFO - [2025-10-13T09:50:06.902+0000] {dag.py:3089} INFO - Sync 1 DAGs
[2025-10-13T09:50:07.179+0000] {logging_mixin.py:188} INFO - [2025-10-13T09:50:07.179+0000] {dag.py:3947} INFO - Setting next_dagrun for minio_to_snowflake to 2025-10-13 09:49:00+00:00, run_after=2025-10-13 09:50:00+00:00
[2025-10-13T09:50:07.220+0000] {processor.py:183} INFO - Processing /opt/airflow/dags/minio_to_snowflake.py took 1.963 seconds
[2025-10-13T09:50:37.770+0000] {processor.py:161} INFO - Started process (PID=25727) to work on /opt/airflow/dags/minio_to_snowflake.py
[2025-10-13T09:50:37.773+0000] {processor.py:830} INFO - Processing file /opt/airflow/dags/minio_to_snowflake.py for tasks to queue
[2025-10-13T09:50:37.778+0000] {logging_mixin.py:188} INFO - [2025-10-13T09:50:37.777+0000] {dagbag.py:545} INFO - Filling up the DagBag from /opt/airflow/dags/minio_to_snowflake.py
[2025-10-13T09:50:38.704+0000] {processor.py:840} INFO - DAG(s) 'minio_to_snowflake' retrieved from /opt/airflow/dags/minio_to_snowflake.py
[2025-10-13T09:50:38.757+0000] {logging_mixin.py:188} INFO - [2025-10-13T09:50:38.756+0000] {dag.py:3089} INFO - Sync 1 DAGs
[2025-10-13T09:50:39.007+0000] {logging_mixin.py:188} INFO - [2025-10-13T09:50:39.007+0000] {dag.py:3947} INFO - Setting next_dagrun for minio_to_snowflake to 2025-10-13 09:49:00+00:00, run_after=2025-10-13 09:50:00+00:00
[2025-10-13T09:50:39.037+0000] {processor.py:183} INFO - Processing /opt/airflow/dags/minio_to_snowflake.py took 1.282 seconds
[2025-10-13T09:51:09.568+0000] {processor.py:161} INFO - Started process (PID=25885) to work on /opt/airflow/dags/minio_to_snowflake.py
[2025-10-13T09:51:09.571+0000] {processor.py:830} INFO - Processing file /opt/airflow/dags/minio_to_snowflake.py for tasks to queue
[2025-10-13T09:51:09.576+0000] {logging_mixin.py:188} INFO - [2025-10-13T09:51:09.576+0000] {dagbag.py:545} INFO - Filling up the DagBag from /opt/airflow/dags/minio_to_snowflake.py
[2025-10-13T09:51:11.129+0000] {processor.py:840} INFO - DAG(s) 'minio_to_snowflake' retrieved from /opt/airflow/dags/minio_to_snowflake.py
[2025-10-13T09:51:11.376+0000] {logging_mixin.py:188} INFO - [2025-10-13T09:51:11.169+0000] {dag.py:3089} INFO - Sync 1 DAGs
[2025-10-13T09:51:11.427+0000] {logging_mixin.py:188} INFO - [2025-10-13T09:51:11.426+0000] {dag.py:3947} INFO - Setting next_dagrun for minio_to_snowflake to 2025-10-13 09:50:00+00:00, run_after=2025-10-13 09:51:00+00:00
[2025-10-13T09:51:11.465+0000] {processor.py:183} INFO - Processing /opt/airflow/dags/minio_to_snowflake.py took 1.917 seconds
[2025-10-13T09:51:41.993+0000] {processor.py:161} INFO - Started process (PID=26051) to work on /opt/airflow/dags/minio_to_snowflake.py
[2025-10-13T09:51:42.002+0000] {processor.py:830} INFO - Processing file /opt/airflow/dags/minio_to_snowflake.py for tasks to queue
[2025-10-13T09:51:42.011+0000] {logging_mixin.py:188} INFO - [2025-10-13T09:51:42.010+0000] {dagbag.py:545} INFO - Filling up the DagBag from /opt/airflow/dags/minio_to_snowflake.py
[2025-10-13T09:51:43.283+0000] {processor.py:840} INFO - DAG(s) 'minio_to_snowflake' retrieved from /opt/airflow/dags/minio_to_snowflake.py
[2025-10-13T09:51:43.588+0000] {logging_mixin.py:188} INFO - [2025-10-13T09:51:43.587+0000] {dag.py:3089} INFO - Sync 1 DAGs
[2025-10-13T09:51:43.658+0000] {logging_mixin.py:188} INFO - [2025-10-13T09:51:43.658+0000] {dag.py:3947} INFO - Setting next_dagrun for minio_to_snowflake to 2025-10-13 09:50:00+00:00, run_after=2025-10-13 09:51:00+00:00
[2025-10-13T09:51:43.712+0000] {processor.py:183} INFO - Processing /opt/airflow/dags/minio_to_snowflake.py took 1.742 seconds
[2025-10-13T09:52:14.075+0000] {processor.py:161} INFO - Started process (PID=26217) to work on /opt/airflow/dags/minio_to_snowflake.py
[2025-10-13T09:52:14.079+0000] {processor.py:830} INFO - Processing file /opt/airflow/dags/minio_to_snowflake.py for tasks to queue
[2025-10-13T09:52:14.084+0000] {logging_mixin.py:188} INFO - [2025-10-13T09:52:14.083+0000] {dagbag.py:545} INFO - Filling up the DagBag from /opt/airflow/dags/minio_to_snowflake.py
[2025-10-13T09:52:15.044+0000] {processor.py:840} INFO - DAG(s) 'minio_to_snowflake' retrieved from /opt/airflow/dags/minio_to_snowflake.py
[2025-10-13T09:52:15.082+0000] {logging_mixin.py:188} INFO - [2025-10-13T09:52:15.081+0000] {dag.py:3089} INFO - Sync 1 DAGs
[2025-10-13T09:52:15.139+0000] {logging_mixin.py:188} INFO - [2025-10-13T09:52:15.139+0000] {dag.py:3947} INFO - Setting next_dagrun for minio_to_snowflake to 2025-10-13 09:51:00+00:00, run_after=2025-10-13 09:52:00+00:00
[2025-10-13T09:52:15.175+0000] {processor.py:183} INFO - Processing /opt/airflow/dags/minio_to_snowflake.py took 1.113 seconds
[2025-10-13T09:52:45.468+0000] {processor.py:161} INFO - Started process (PID=28242) to work on /opt/airflow/dags/minio_to_snowflake.py
[2025-10-13T09:52:45.470+0000] {processor.py:830} INFO - Processing file /opt/airflow/dags/minio_to_snowflake.py for tasks to queue
[2025-10-13T09:52:45.480+0000] {logging_mixin.py:188} INFO - [2025-10-13T09:52:45.479+0000] {dagbag.py:545} INFO - Filling up the DagBag from /opt/airflow/dags/minio_to_snowflake.py
[2025-10-13T09:52:46.598+0000] {processor.py:840} INFO - DAG(s) 'minio_to_snowflake' retrieved from /opt/airflow/dags/minio_to_snowflake.py
[2025-10-13T09:52:46.637+0000] {logging_mixin.py:188} INFO - [2025-10-13T09:52:46.636+0000] {dag.py:3089} INFO - Sync 1 DAGs
[2025-10-13T09:52:46.703+0000] {logging_mixin.py:188} INFO - [2025-10-13T09:52:46.702+0000] {dag.py:3947} INFO - Setting next_dagrun for minio_to_snowflake to 2025-10-13 09:51:00+00:00, run_after=2025-10-13 09:52:00+00:00
[2025-10-13T09:52:47.040+0000] {processor.py:183} INFO - Processing /opt/airflow/dags/minio_to_snowflake.py took 1.583 seconds
[2025-10-13T09:53:17.402+0000] {processor.py:161} INFO - Started process (PID=28401) to work on /opt/airflow/dags/minio_to_snowflake.py
[2025-10-13T09:53:17.404+0000] {processor.py:830} INFO - Processing file /opt/airflow/dags/minio_to_snowflake.py for tasks to queue
[2025-10-13T09:53:17.406+0000] {logging_mixin.py:188} INFO - [2025-10-13T09:53:17.406+0000] {dagbag.py:545} INFO - Filling up the DagBag from /opt/airflow/dags/minio_to_snowflake.py
[2025-10-13T09:53:18.793+0000] {processor.py:840} INFO - DAG(s) 'minio_to_snowflake' retrieved from /opt/airflow/dags/minio_to_snowflake.py
[2025-10-13T09:53:18.831+0000] {logging_mixin.py:188} INFO - [2025-10-13T09:53:18.830+0000] {dag.py:3089} INFO - Sync 1 DAGs
[2025-10-13T09:53:19.127+0000] {logging_mixin.py:188} INFO - [2025-10-13T09:53:19.126+0000] {dag.py:3947} INFO - Setting next_dagrun for minio_to_snowflake to 2025-10-13 09:52:00+00:00, run_after=2025-10-13 09:53:00+00:00
[2025-10-13T09:53:19.174+0000] {processor.py:183} INFO - Processing /opt/airflow/dags/minio_to_snowflake.py took 1.787 seconds
[2025-10-13T09:53:49.334+0000] {processor.py:161} INFO - Started process (PID=28569) to work on /opt/airflow/dags/minio_to_snowflake.py
[2025-10-13T09:53:49.337+0000] {processor.py:830} INFO - Processing file /opt/airflow/dags/minio_to_snowflake.py for tasks to queue
[2025-10-13T09:53:49.343+0000] {logging_mixin.py:188} INFO - [2025-10-13T09:53:49.342+0000] {dagbag.py:545} INFO - Filling up the DagBag from /opt/airflow/dags/minio_to_snowflake.py
[2025-10-13T09:53:50.793+0000] {processor.py:840} INFO - DAG(s) 'minio_to_snowflake' retrieved from /opt/airflow/dags/minio_to_snowflake.py
[2025-10-13T09:53:50.849+0000] {logging_mixin.py:188} INFO - [2025-10-13T09:53:50.846+0000] {dag.py:3089} INFO - Sync 1 DAGs
[2025-10-13T09:53:51.113+0000] {logging_mixin.py:188} INFO - [2025-10-13T09:53:51.112+0000] {dag.py:3947} INFO - Setting next_dagrun for minio_to_snowflake to 2025-10-13 09:52:00+00:00, run_after=2025-10-13 09:53:00+00:00
[2025-10-13T09:53:51.183+0000] {processor.py:183} INFO - Processing /opt/airflow/dags/minio_to_snowflake.py took 1.868 seconds
[2025-10-13T09:54:21.604+0000] {processor.py:161} INFO - Started process (PID=28766) to work on /opt/airflow/dags/minio_to_snowflake.py
[2025-10-13T09:54:21.606+0000] {processor.py:830} INFO - Processing file /opt/airflow/dags/minio_to_snowflake.py for tasks to queue
[2025-10-13T09:54:21.610+0000] {logging_mixin.py:188} INFO - [2025-10-13T09:54:21.609+0000] {dagbag.py:545} INFO - Filling up the DagBag from /opt/airflow/dags/minio_to_snowflake.py
[2025-10-13T09:54:22.781+0000] {processor.py:840} INFO - DAG(s) 'minio_to_snowflake' retrieved from /opt/airflow/dags/minio_to_snowflake.py
[2025-10-13T09:54:23.068+0000] {logging_mixin.py:188} INFO - [2025-10-13T09:54:23.067+0000] {dag.py:3089} INFO - Sync 1 DAGs
[2025-10-13T09:54:23.105+0000] {logging_mixin.py:188} INFO - [2025-10-13T09:54:23.105+0000] {dag.py:3947} INFO - Setting next_dagrun for minio_to_snowflake to 2025-10-13 09:53:00+00:00, run_after=2025-10-13 09:54:00+00:00
[2025-10-13T09:54:23.141+0000] {processor.py:183} INFO - Processing /opt/airflow/dags/minio_to_snowflake.py took 1.552 seconds
[2025-10-13T09:54:53.585+0000] {processor.py:161} INFO - Started process (PID=28951) to work on /opt/airflow/dags/minio_to_snowflake.py
[2025-10-13T09:54:53.587+0000] {processor.py:830} INFO - Processing file /opt/airflow/dags/minio_to_snowflake.py for tasks to queue
[2025-10-13T09:54:53.591+0000] {logging_mixin.py:188} INFO - [2025-10-13T09:54:53.590+0000] {dagbag.py:545} INFO - Filling up the DagBag from /opt/airflow/dags/minio_to_snowflake.py
[2025-10-13T09:54:54.925+0000] {processor.py:840} INFO - DAG(s) 'minio_to_snowflake' retrieved from /opt/airflow/dags/minio_to_snowflake.py
[2025-10-13T09:54:55.004+0000] {logging_mixin.py:188} INFO - [2025-10-13T09:54:54.994+0000] {dag.py:3089} INFO - Sync 1 DAGs
[2025-10-13T09:54:55.080+0000] {logging_mixin.py:188} INFO - [2025-10-13T09:54:55.079+0000] {dag.py:3947} INFO - Setting next_dagrun for minio_to_snowflake to 2025-10-13 09:53:00+00:00, run_after=2025-10-13 09:54:00+00:00
[2025-10-13T09:54:55.134+0000] {processor.py:183} INFO - Processing /opt/airflow/dags/minio_to_snowflake.py took 1.562 seconds
[2025-10-13T09:55:25.499+0000] {processor.py:161} INFO - Started process (PID=29118) to work on /opt/airflow/dags/minio_to_snowflake.py
[2025-10-13T09:55:25.502+0000] {processor.py:830} INFO - Processing file /opt/airflow/dags/minio_to_snowflake.py for tasks to queue
[2025-10-13T09:55:25.508+0000] {logging_mixin.py:188} INFO - [2025-10-13T09:55:25.507+0000] {dagbag.py:545} INFO - Filling up the DagBag from /opt/airflow/dags/minio_to_snowflake.py
[2025-10-13T09:55:26.858+0000] {processor.py:840} INFO - DAG(s) 'minio_to_snowflake' retrieved from /opt/airflow/dags/minio_to_snowflake.py
[2025-10-13T09:55:26.904+0000] {logging_mixin.py:188} INFO - [2025-10-13T09:55:26.903+0000] {dag.py:3089} INFO - Sync 1 DAGs
[2025-10-13T09:55:26.952+0000] {logging_mixin.py:188} INFO - [2025-10-13T09:55:26.952+0000] {dag.py:3947} INFO - Setting next_dagrun for minio_to_snowflake to 2025-10-13 09:54:00+00:00, run_after=2025-10-13 09:55:00+00:00
[2025-10-13T09:55:26.991+0000] {processor.py:183} INFO - Processing /opt/airflow/dags/minio_to_snowflake.py took 1.511 seconds
[2025-10-13T09:55:57.385+0000] {processor.py:161} INFO - Started process (PID=29258) to work on /opt/airflow/dags/minio_to_snowflake.py
[2025-10-13T09:55:57.389+0000] {processor.py:830} INFO - Processing file /opt/airflow/dags/minio_to_snowflake.py for tasks to queue
[2025-10-13T09:55:57.393+0000] {logging_mixin.py:188} INFO - [2025-10-13T09:55:57.392+0000] {dagbag.py:545} INFO - Filling up the DagBag from /opt/airflow/dags/minio_to_snowflake.py
[2025-10-13T09:55:58.796+0000] {processor.py:840} INFO - DAG(s) 'minio_to_snowflake' retrieved from /opt/airflow/dags/minio_to_snowflake.py
[2025-10-13T09:55:58.832+0000] {logging_mixin.py:188} INFO - [2025-10-13T09:55:58.832+0000] {dag.py:3089} INFO - Sync 1 DAGs
[2025-10-13T09:55:59.078+0000] {logging_mixin.py:188} INFO - [2025-10-13T09:55:59.077+0000] {dag.py:3947} INFO - Setting next_dagrun for minio_to_snowflake to 2025-10-13 09:54:00+00:00, run_after=2025-10-13 09:55:00+00:00
[2025-10-13T09:55:59.104+0000] {processor.py:183} INFO - Processing /opt/airflow/dags/minio_to_snowflake.py took 1.737 seconds
[2025-10-13T09:56:29.525+0000] {processor.py:161} INFO - Started process (PID=31282) to work on /opt/airflow/dags/minio_to_snowflake.py
[2025-10-13T09:56:29.527+0000] {processor.py:830} INFO - Processing file /opt/airflow/dags/minio_to_snowflake.py for tasks to queue
[2025-10-13T09:56:29.531+0000] {logging_mixin.py:188} INFO - [2025-10-13T09:56:29.530+0000] {dagbag.py:545} INFO - Filling up the DagBag from /opt/airflow/dags/minio_to_snowflake.py
[2025-10-13T09:56:30.998+0000] {processor.py:840} INFO - DAG(s) 'minio_to_snowflake' retrieved from /opt/airflow/dags/minio_to_snowflake.py
[2025-10-13T09:56:31.041+0000] {logging_mixin.py:188} INFO - [2025-10-13T09:56:31.040+0000] {dag.py:3089} INFO - Sync 1 DAGs
[2025-10-13T09:56:31.295+0000] {logging_mixin.py:188} INFO - [2025-10-13T09:56:31.294+0000] {dag.py:3947} INFO - Setting next_dagrun for minio_to_snowflake to 2025-10-13 09:55:00+00:00, run_after=2025-10-13 09:56:00+00:00
[2025-10-13T09:56:31.329+0000] {processor.py:183} INFO - Processing /opt/airflow/dags/minio_to_snowflake.py took 1.817 seconds
[2025-10-13T09:57:01.776+0000] {processor.py:161} INFO - Started process (PID=31407) to work on /opt/airflow/dags/minio_to_snowflake.py
[2025-10-13T09:57:01.778+0000] {processor.py:830} INFO - Processing file /opt/airflow/dags/minio_to_snowflake.py for tasks to queue
[2025-10-13T09:57:01.781+0000] {logging_mixin.py:188} INFO - [2025-10-13T09:57:01.780+0000] {dagbag.py:545} INFO - Filling up the DagBag from /opt/airflow/dags/minio_to_snowflake.py
[2025-10-13T09:57:03.065+0000] {processor.py:840} INFO - DAG(s) 'minio_to_snowflake' retrieved from /opt/airflow/dags/minio_to_snowflake.py
[2025-10-13T09:57:03.356+0000] {logging_mixin.py:188} INFO - [2025-10-13T09:57:03.111+0000] {dag.py:3089} INFO - Sync 1 DAGs
[2025-10-13T09:57:03.395+0000] {logging_mixin.py:188} INFO - [2025-10-13T09:57:03.394+0000] {dag.py:3947} INFO - Setting next_dagrun for minio_to_snowflake to 2025-10-13 09:56:00+00:00, run_after=2025-10-13 09:57:00+00:00
[2025-10-13T09:57:03.421+0000] {processor.py:183} INFO - Processing /opt/airflow/dags/minio_to_snowflake.py took 1.656 seconds
[2025-10-13T09:57:33.782+0000] {processor.py:161} INFO - Started process (PID=31564) to work on /opt/airflow/dags/minio_to_snowflake.py
[2025-10-13T09:57:33.784+0000] {processor.py:830} INFO - Processing file /opt/airflow/dags/minio_to_snowflake.py for tasks to queue
[2025-10-13T09:57:33.789+0000] {logging_mixin.py:188} INFO - [2025-10-13T09:57:33.788+0000] {dagbag.py:545} INFO - Filling up the DagBag from /opt/airflow/dags/minio_to_snowflake.py
[2025-10-13T09:57:34.838+0000] {processor.py:840} INFO - DAG(s) 'minio_to_snowflake' retrieved from /opt/airflow/dags/minio_to_snowflake.py
[2025-10-13T09:57:35.182+0000] {logging_mixin.py:188} INFO - [2025-10-13T09:57:35.181+0000] {dag.py:3089} INFO - Sync 1 DAGs
[2025-10-13T09:57:35.232+0000] {logging_mixin.py:188} INFO - [2025-10-13T09:57:35.232+0000] {dag.py:3947} INFO - Setting next_dagrun for minio_to_snowflake to 2025-10-13 09:56:00+00:00, run_after=2025-10-13 09:57:00+00:00
[2025-10-13T09:57:35.266+0000] {processor.py:183} INFO - Processing /opt/airflow/dags/minio_to_snowflake.py took 1.495 seconds
[2025-10-13T09:58:05.615+0000] {processor.py:161} INFO - Started process (PID=31730) to work on /opt/airflow/dags/minio_to_snowflake.py
[2025-10-13T09:58:05.618+0000] {processor.py:830} INFO - Processing file /opt/airflow/dags/minio_to_snowflake.py for tasks to queue
[2025-10-13T09:58:05.624+0000] {logging_mixin.py:188} INFO - [2025-10-13T09:58:05.623+0000] {dagbag.py:545} INFO - Filling up the DagBag from /opt/airflow/dags/minio_to_snowflake.py
[2025-10-13T09:58:06.985+0000] {processor.py:840} INFO - DAG(s) 'minio_to_snowflake' retrieved from /opt/airflow/dags/minio_to_snowflake.py
[2025-10-13T09:58:07.022+0000] {logging_mixin.py:188} INFO - [2025-10-13T09:58:07.021+0000] {dag.py:3089} INFO - Sync 1 DAGs
[2025-10-13T09:58:07.063+0000] {logging_mixin.py:188} INFO - [2025-10-13T09:58:07.063+0000] {dag.py:3947} INFO - Setting next_dagrun for minio_to_snowflake to 2025-10-13 09:57:00+00:00, run_after=2025-10-13 09:58:00+00:00
[2025-10-13T09:58:07.097+0000] {processor.py:183} INFO - Processing /opt/airflow/dags/minio_to_snowflake.py took 1.495 seconds
[2025-10-13T09:58:37.570+0000] {processor.py:161} INFO - Started process (PID=31901) to work on /opt/airflow/dags/minio_to_snowflake.py
[2025-10-13T09:58:37.572+0000] {processor.py:830} INFO - Processing file /opt/airflow/dags/minio_to_snowflake.py for tasks to queue
[2025-10-13T09:58:37.575+0000] {logging_mixin.py:188} INFO - [2025-10-13T09:58:37.575+0000] {dagbag.py:545} INFO - Filling up the DagBag from /opt/airflow/dags/minio_to_snowflake.py
[2025-10-13T09:58:38.961+0000] {processor.py:840} INFO - DAG(s) 'minio_to_snowflake' retrieved from /opt/airflow/dags/minio_to_snowflake.py
[2025-10-13T09:58:39.005+0000] {logging_mixin.py:188} INFO - [2025-10-13T09:58:39.004+0000] {dag.py:3089} INFO - Sync 1 DAGs
[2025-10-13T09:58:39.051+0000] {logging_mixin.py:188} INFO - [2025-10-13T09:58:39.050+0000] {dag.py:3947} INFO - Setting next_dagrun for minio_to_snowflake to 2025-10-13 09:57:00+00:00, run_after=2025-10-13 09:58:00+00:00
[2025-10-13T09:58:39.319+0000] {processor.py:183} INFO - Processing /opt/airflow/dags/minio_to_snowflake.py took 1.757 seconds
[2025-10-13T09:59:09.736+0000] {processor.py:161} INFO - Started process (PID=32067) to work on /opt/airflow/dags/minio_to_snowflake.py
[2025-10-13T09:59:09.739+0000] {processor.py:830} INFO - Processing file /opt/airflow/dags/minio_to_snowflake.py for tasks to queue
[2025-10-13T09:59:09.745+0000] {logging_mixin.py:188} INFO - [2025-10-13T09:59:09.744+0000] {dagbag.py:545} INFO - Filling up the DagBag from /opt/airflow/dags/minio_to_snowflake.py
[2025-10-13T09:59:11.117+0000] {processor.py:840} INFO - DAG(s) 'minio_to_snowflake' retrieved from /opt/airflow/dags/minio_to_snowflake.py
[2025-10-13T09:59:11.154+0000] {logging_mixin.py:188} INFO - [2025-10-13T09:59:11.153+0000] {dag.py:3089} INFO - Sync 1 DAGs
[2025-10-13T09:59:11.442+0000] {logging_mixin.py:188} INFO - [2025-10-13T09:59:11.441+0000] {dag.py:3947} INFO - Setting next_dagrun for minio_to_snowflake to 2025-10-13 09:58:00+00:00, run_after=2025-10-13 09:59:00+00:00
[2025-10-13T09:59:11.491+0000] {processor.py:183} INFO - Processing /opt/airflow/dags/minio_to_snowflake.py took 1.782 seconds
[2025-10-13T09:59:42.006+0000] {processor.py:161} INFO - Started process (PID=32264) to work on /opt/airflow/dags/minio_to_snowflake.py
[2025-10-13T09:59:42.009+0000] {processor.py:830} INFO - Processing file /opt/airflow/dags/minio_to_snowflake.py for tasks to queue
[2025-10-13T09:59:42.013+0000] {logging_mixin.py:188} INFO - [2025-10-13T09:59:42.012+0000] {dagbag.py:545} INFO - Filling up the DagBag from /opt/airflow/dags/minio_to_snowflake.py
[2025-10-13T09:59:43.325+0000] {processor.py:840} INFO - DAG(s) 'minio_to_snowflake' retrieved from /opt/airflow/dags/minio_to_snowflake.py
[2025-10-13T09:59:43.404+0000] {logging_mixin.py:188} INFO - [2025-10-13T09:59:43.399+0000] {dag.py:3089} INFO - Sync 1 DAGs
[2025-10-13T09:59:43.797+0000] {logging_mixin.py:188} INFO - [2025-10-13T09:59:43.797+0000] {dag.py:3947} INFO - Setting next_dagrun for minio_to_snowflake to 2025-10-13 09:58:00+00:00, run_after=2025-10-13 09:59:00+00:00
[2025-10-13T09:59:43.841+0000] {processor.py:183} INFO - Processing /opt/airflow/dags/minio_to_snowflake.py took 1.844 seconds
[2025-10-13T10:00:14.237+0000] {processor.py:161} INFO - Started process (PID=34297) to work on /opt/airflow/dags/minio_to_snowflake.py
[2025-10-13T10:00:14.239+0000] {processor.py:830} INFO - Processing file /opt/airflow/dags/minio_to_snowflake.py for tasks to queue
[2025-10-13T10:00:14.246+0000] {logging_mixin.py:188} INFO - [2025-10-13T10:00:14.245+0000] {dagbag.py:545} INFO - Filling up the DagBag from /opt/airflow/dags/minio_to_snowflake.py
[2025-10-13T10:00:15.422+0000] {processor.py:840} INFO - DAG(s) 'minio_to_snowflake' retrieved from /opt/airflow/dags/minio_to_snowflake.py
[2025-10-13T10:00:15.735+0000] {logging_mixin.py:188} INFO - [2025-10-13T10:00:15.734+0000] {dag.py:3089} INFO - Sync 1 DAGs
[2025-10-13T10:00:15.767+0000] {logging_mixin.py:188} INFO - [2025-10-13T10:00:15.767+0000] {dag.py:3947} INFO - Setting next_dagrun for minio_to_snowflake to 2025-10-13 09:59:00+00:00, run_after=2025-10-13 10:00:00+00:00
[2025-10-13T10:00:15.796+0000] {processor.py:183} INFO - Processing /opt/airflow/dags/minio_to_snowflake.py took 1.570 seconds
[2025-10-13T10:00:46.155+0000] {processor.py:161} INFO - Started process (PID=34421) to work on /opt/airflow/dags/minio_to_snowflake.py
[2025-10-13T10:00:46.157+0000] {processor.py:830} INFO - Processing file /opt/airflow/dags/minio_to_snowflake.py for tasks to queue
[2025-10-13T10:00:46.160+0000] {logging_mixin.py:188} INFO - [2025-10-13T10:00:46.160+0000] {dagbag.py:545} INFO - Filling up the DagBag from /opt/airflow/dags/minio_to_snowflake.py
[2025-10-13T10:00:47.292+0000] {processor.py:840} INFO - DAG(s) 'minio_to_snowflake' retrieved from /opt/airflow/dags/minio_to_snowflake.py
[2025-10-13T10:00:47.335+0000] {logging_mixin.py:188} INFO - [2025-10-13T10:00:47.334+0000] {dag.py:3089} INFO - Sync 1 DAGs
[2025-10-13T10:00:47.380+0000] {logging_mixin.py:188} INFO - [2025-10-13T10:00:47.380+0000] {dag.py:3947} INFO - Setting next_dagrun for minio_to_snowflake to 2025-10-13 09:59:00+00:00, run_after=2025-10-13 10:00:00+00:00
[2025-10-13T10:00:47.428+0000] {processor.py:183} INFO - Processing /opt/airflow/dags/minio_to_snowflake.py took 1.285 seconds
[2025-10-13T10:01:17.884+0000] {processor.py:161} INFO - Started process (PID=34573) to work on /opt/airflow/dags/minio_to_snowflake.py
[2025-10-13T10:01:17.887+0000] {processor.py:830} INFO - Processing file /opt/airflow/dags/minio_to_snowflake.py for tasks to queue
[2025-10-13T10:01:17.892+0000] {logging_mixin.py:188} INFO - [2025-10-13T10:01:17.891+0000] {dagbag.py:545} INFO - Filling up the DagBag from /opt/airflow/dags/minio_to_snowflake.py
[2025-10-13T10:01:19.191+0000] {processor.py:840} INFO - DAG(s) 'minio_to_snowflake' retrieved from /opt/airflow/dags/minio_to_snowflake.py
[2025-10-13T10:01:19.235+0000] {logging_mixin.py:188} INFO - [2025-10-13T10:01:19.234+0000] {dag.py:3089} INFO - Sync 1 DAGs
[2025-10-13T10:01:19.289+0000] {logging_mixin.py:188} INFO - [2025-10-13T10:01:19.288+0000] {dag.py:3947} INFO - Setting next_dagrun for minio_to_snowflake to 2025-10-13 10:00:00+00:00, run_after=2025-10-13 10:01:00+00:00
[2025-10-13T10:01:19.327+0000] {processor.py:183} INFO - Processing /opt/airflow/dags/minio_to_snowflake.py took 1.462 seconds
[2025-10-13T10:01:49.742+0000] {processor.py:161} INFO - Started process (PID=34724) to work on /opt/airflow/dags/minio_to_snowflake.py
[2025-10-13T10:01:49.745+0000] {processor.py:830} INFO - Processing file /opt/airflow/dags/minio_to_snowflake.py for tasks to queue
[2025-10-13T10:01:49.750+0000] {logging_mixin.py:188} INFO - [2025-10-13T10:01:49.749+0000] {dagbag.py:545} INFO - Filling up the DagBag from /opt/airflow/dags/minio_to_snowflake.py
[2025-10-13T10:01:51.252+0000] {processor.py:840} INFO - DAG(s) 'minio_to_snowflake' retrieved from /opt/airflow/dags/minio_to_snowflake.py
[2025-10-13T10:01:51.294+0000] {logging_mixin.py:188} INFO - [2025-10-13T10:01:51.293+0000] {dag.py:3089} INFO - Sync 1 DAGs
[2025-10-13T10:01:51.684+0000] {logging_mixin.py:188} INFO - [2025-10-13T10:01:51.684+0000] {dag.py:3947} INFO - Setting next_dagrun for minio_to_snowflake to 2025-10-13 10:00:00+00:00, run_after=2025-10-13 10:01:00+00:00
[2025-10-13T10:01:51.748+0000] {processor.py:183} INFO - Processing /opt/airflow/dags/minio_to_snowflake.py took 2.028 seconds
[2025-10-13T10:02:22.145+0000] {processor.py:161} INFO - Started process (PID=34897) to work on /opt/airflow/dags/minio_to_snowflake.py
[2025-10-13T10:02:22.148+0000] {processor.py:830} INFO - Processing file /opt/airflow/dags/minio_to_snowflake.py for tasks to queue
[2025-10-13T10:02:22.155+0000] {logging_mixin.py:188} INFO - [2025-10-13T10:02:22.153+0000] {dagbag.py:545} INFO - Filling up the DagBag from /opt/airflow/dags/minio_to_snowflake.py
[2025-10-13T10:02:23.545+0000] {processor.py:840} INFO - DAG(s) 'minio_to_snowflake' retrieved from /opt/airflow/dags/minio_to_snowflake.py
[2025-10-13T10:02:23.615+0000] {logging_mixin.py:188} INFO - [2025-10-13T10:02:23.611+0000] {dag.py:3089} INFO - Sync 1 DAGs
[2025-10-13T10:02:23.908+0000] {logging_mixin.py:188} INFO - [2025-10-13T10:02:23.907+0000] {dag.py:3947} INFO - Setting next_dagrun for minio_to_snowflake to 2025-10-13 10:01:00+00:00, run_after=2025-10-13 10:02:00+00:00
[2025-10-13T10:02:23.949+0000] {processor.py:183} INFO - Processing /opt/airflow/dags/minio_to_snowflake.py took 1.821 seconds
[2025-10-13T10:02:54.354+0000] {processor.py:161} INFO - Started process (PID=35079) to work on /opt/airflow/dags/minio_to_snowflake.py
[2025-10-13T10:02:54.357+0000] {processor.py:830} INFO - Processing file /opt/airflow/dags/minio_to_snowflake.py for tasks to queue
[2025-10-13T10:02:54.363+0000] {logging_mixin.py:188} INFO - [2025-10-13T10:02:54.362+0000] {dagbag.py:545} INFO - Filling up the DagBag from /opt/airflow/dags/minio_to_snowflake.py
[2025-10-13T10:02:55.568+0000] {processor.py:840} INFO - DAG(s) 'minio_to_snowflake' retrieved from /opt/airflow/dags/minio_to_snowflake.py
[2025-10-13T10:02:55.911+0000] {logging_mixin.py:188} INFO - [2025-10-13T10:02:55.632+0000] {dag.py:3089} INFO - Sync 1 DAGs
[2025-10-13T10:02:55.963+0000] {logging_mixin.py:188} INFO - [2025-10-13T10:02:55.963+0000] {dag.py:3947} INFO - Setting next_dagrun for minio_to_snowflake to 2025-10-13 10:01:00+00:00, run_after=2025-10-13 10:02:00+00:00
[2025-10-13T10:02:56.007+0000] {processor.py:183} INFO - Processing /opt/airflow/dags/minio_to_snowflake.py took 1.673 seconds
[2025-10-13T10:03:26.396+0000] {processor.py:161} INFO - Started process (PID=35230) to work on /opt/airflow/dags/minio_to_snowflake.py
[2025-10-13T10:03:26.399+0000] {processor.py:830} INFO - Processing file /opt/airflow/dags/minio_to_snowflake.py for tasks to queue
[2025-10-13T10:03:26.405+0000] {logging_mixin.py:188} INFO - [2025-10-13T10:03:26.404+0000] {dagbag.py:545} INFO - Filling up the DagBag from /opt/airflow/dags/minio_to_snowflake.py
[2025-10-13T10:03:27.641+0000] {processor.py:840} INFO - DAG(s) 'minio_to_snowflake' retrieved from /opt/airflow/dags/minio_to_snowflake.py
[2025-10-13T10:03:27.695+0000] {logging_mixin.py:188} INFO - [2025-10-13T10:03:27.694+0000] {dag.py:3089} INFO - Sync 1 DAGs
[2025-10-13T10:03:27.754+0000] {logging_mixin.py:188} INFO - [2025-10-13T10:03:27.754+0000] {dag.py:3947} INFO - Setting next_dagrun for minio_to_snowflake to 2025-10-13 10:02:00+00:00, run_after=2025-10-13 10:03:00+00:00
[2025-10-13T10:03:27.789+0000] {processor.py:183} INFO - Processing /opt/airflow/dags/minio_to_snowflake.py took 1.415 seconds
[2025-10-13T10:03:58.023+0000] {processor.py:161} INFO - Started process (PID=35363) to work on /opt/airflow/dags/minio_to_snowflake.py
[2025-10-13T10:03:58.026+0000] {processor.py:830} INFO - Processing file /opt/airflow/dags/minio_to_snowflake.py for tasks to queue
[2025-10-13T10:03:58.029+0000] {logging_mixin.py:188} INFO - [2025-10-13T10:03:58.029+0000] {dagbag.py:545} INFO - Filling up the DagBag from /opt/airflow/dags/minio_to_snowflake.py
[2025-10-13T10:03:59.639+0000] {processor.py:840} INFO - DAG(s) 'minio_to_snowflake' retrieved from /opt/airflow/dags/minio_to_snowflake.py
[2025-10-13T10:03:59.685+0000] {logging_mixin.py:188} INFO - [2025-10-13T10:03:59.684+0000] {dag.py:3089} INFO - Sync 1 DAGs
[2025-10-13T10:03:59.723+0000] {logging_mixin.py:188} INFO - [2025-10-13T10:03:59.722+0000] {dag.py:3947} INFO - Setting next_dagrun for minio_to_snowflake to 2025-10-13 10:03:00+00:00, run_after=2025-10-13 10:04:00+00:00
[2025-10-13T10:03:59.747+0000] {processor.py:183} INFO - Processing /opt/airflow/dags/minio_to_snowflake.py took 1.732 seconds
[2025-10-13T10:04:30.141+0000] {processor.py:161} INFO - Started process (PID=37417) to work on /opt/airflow/dags/minio_to_snowflake.py
[2025-10-13T10:04:30.143+0000] {processor.py:830} INFO - Processing file /opt/airflow/dags/minio_to_snowflake.py for tasks to queue
[2025-10-13T10:04:30.148+0000] {logging_mixin.py:188} INFO - [2025-10-13T10:04:30.148+0000] {dagbag.py:545} INFO - Filling up the DagBag from /opt/airflow/dags/minio_to_snowflake.py
[2025-10-13T10:04:31.422+0000] {processor.py:840} INFO - DAG(s) 'minio_to_snowflake' retrieved from /opt/airflow/dags/minio_to_snowflake.py
[2025-10-13T10:04:31.495+0000] {logging_mixin.py:188} INFO - [2025-10-13T10:04:31.493+0000] {dag.py:3089} INFO - Sync 1 DAGs
[2025-10-13T10:04:31.839+0000] {logging_mixin.py:188} INFO - [2025-10-13T10:04:31.839+0000] {dag.py:3947} INFO - Setting next_dagrun for minio_to_snowflake to 2025-10-13 10:03:00+00:00, run_after=2025-10-13 10:04:00+00:00
[2025-10-13T10:04:31.861+0000] {processor.py:183} INFO - Processing /opt/airflow/dags/minio_to_snowflake.py took 1.730 seconds
[2025-10-13T10:05:02.312+0000] {processor.py:161} INFO - Started process (PID=37560) to work on /opt/airflow/dags/minio_to_snowflake.py
[2025-10-13T10:05:02.314+0000] {processor.py:830} INFO - Processing file /opt/airflow/dags/minio_to_snowflake.py for tasks to queue
[2025-10-13T10:05:02.317+0000] {logging_mixin.py:188} INFO - [2025-10-13T10:05:02.317+0000] {dagbag.py:545} INFO - Filling up the DagBag from /opt/airflow/dags/minio_to_snowflake.py
[2025-10-13T10:05:03.770+0000] {processor.py:840} INFO - DAG(s) 'minio_to_snowflake' retrieved from /opt/airflow/dags/minio_to_snowflake.py
[2025-10-13T10:05:03.826+0000] {logging_mixin.py:188} INFO - [2025-10-13T10:05:03.824+0000] {dag.py:3089} INFO - Sync 1 DAGs
[2025-10-13T10:05:04.103+0000] {logging_mixin.py:188} INFO - [2025-10-13T10:05:04.103+0000] {dag.py:3947} INFO - Setting next_dagrun for minio_to_snowflake to 2025-10-13 10:04:00+00:00, run_after=2025-10-13 10:05:00+00:00
[2025-10-13T10:05:04.156+0000] {processor.py:183} INFO - Processing /opt/airflow/dags/minio_to_snowflake.py took 1.855 seconds
[2025-10-13T10:05:34.513+0000] {processor.py:161} INFO - Started process (PID=37699) to work on /opt/airflow/dags/minio_to_snowflake.py
[2025-10-13T10:05:34.515+0000] {processor.py:830} INFO - Processing file /opt/airflow/dags/minio_to_snowflake.py for tasks to queue
[2025-10-13T10:05:34.518+0000] {logging_mixin.py:188} INFO - [2025-10-13T10:05:34.517+0000] {dagbag.py:545} INFO - Filling up the DagBag from /opt/airflow/dags/minio_to_snowflake.py
[2025-10-13T10:05:35.503+0000] {processor.py:840} INFO - DAG(s) 'minio_to_snowflake' retrieved from /opt/airflow/dags/minio_to_snowflake.py
[2025-10-13T10:05:35.720+0000] {logging_mixin.py:188} INFO - [2025-10-13T10:05:35.539+0000] {dag.py:3089} INFO - Sync 1 DAGs
[2025-10-13T10:05:35.752+0000] {logging_mixin.py:188} INFO - [2025-10-13T10:05:35.751+0000] {dag.py:3947} INFO - Setting next_dagrun for minio_to_snowflake to 2025-10-13 10:04:00+00:00, run_after=2025-10-13 10:05:00+00:00
[2025-10-13T10:05:35.779+0000] {processor.py:183} INFO - Processing /opt/airflow/dags/minio_to_snowflake.py took 1.276 seconds
[2025-10-13T10:06:06.167+0000] {processor.py:161} INFO - Started process (PID=37878) to work on /opt/airflow/dags/minio_to_snowflake.py
[2025-10-13T10:06:06.169+0000] {processor.py:830} INFO - Processing file /opt/airflow/dags/minio_to_snowflake.py for tasks to queue
[2025-10-13T10:06:06.175+0000] {logging_mixin.py:188} INFO - [2025-10-13T10:06:06.175+0000] {dagbag.py:545} INFO - Filling up the DagBag from /opt/airflow/dags/minio_to_snowflake.py
[2025-10-13T10:06:07.196+0000] {processor.py:840} INFO - DAG(s) 'minio_to_snowflake' retrieved from /opt/airflow/dags/minio_to_snowflake.py
[2025-10-13T10:06:07.448+0000] {logging_mixin.py:188} INFO - [2025-10-13T10:06:07.447+0000] {dag.py:3089} INFO - Sync 1 DAGs
[2025-10-13T10:06:07.505+0000] {logging_mixin.py:188} INFO - [2025-10-13T10:06:07.504+0000] {dag.py:3947} INFO - Setting next_dagrun for minio_to_snowflake to 2025-10-13 10:05:00+00:00, run_after=2025-10-13 10:06:00+00:00
[2025-10-13T10:06:07.557+0000] {processor.py:183} INFO - Processing /opt/airflow/dags/minio_to_snowflake.py took 1.405 seconds
[2025-10-13T10:06:37.952+0000] {processor.py:161} INFO - Started process (PID=38062) to work on /opt/airflow/dags/minio_to_snowflake.py
[2025-10-13T10:06:37.955+0000] {processor.py:830} INFO - Processing file /opt/airflow/dags/minio_to_snowflake.py for tasks to queue
[2025-10-13T10:06:37.962+0000] {logging_mixin.py:188} INFO - [2025-10-13T10:06:37.961+0000] {dagbag.py:545} INFO - Filling up the DagBag from /opt/airflow/dags/minio_to_snowflake.py
[2025-10-13T10:06:39.779+0000] {processor.py:840} INFO - DAG(s) 'minio_to_snowflake' retrieved from /opt/airflow/dags/minio_to_snowflake.py
[2025-10-13T10:06:39.823+0000] {logging_mixin.py:188} INFO - [2025-10-13T10:06:39.822+0000] {dag.py:3089} INFO - Sync 1 DAGs
[2025-10-13T10:06:39.883+0000] {logging_mixin.py:188} INFO - [2025-10-13T10:06:39.883+0000] {dag.py:3947} INFO - Setting next_dagrun for minio_to_snowflake to 2025-10-13 10:05:00+00:00, run_after=2025-10-13 10:06:00+00:00
[2025-10-13T10:06:39.929+0000] {processor.py:183} INFO - Processing /opt/airflow/dags/minio_to_snowflake.py took 1.990 seconds
[2025-10-13T10:07:10.532+0000] {processor.py:161} INFO - Started process (PID=38250) to work on /opt/airflow/dags/minio_to_snowflake.py
[2025-10-13T10:07:10.534+0000] {processor.py:830} INFO - Processing file /opt/airflow/dags/minio_to_snowflake.py for tasks to queue
[2025-10-13T10:07:10.538+0000] {logging_mixin.py:188} INFO - [2025-10-13T10:07:10.537+0000] {dagbag.py:545} INFO - Filling up the DagBag from /opt/airflow/dags/minio_to_snowflake.py
[2025-10-13T10:07:11.797+0000] {processor.py:840} INFO - DAG(s) 'minio_to_snowflake' retrieved from /opt/airflow/dags/minio_to_snowflake.py
[2025-10-13T10:07:11.869+0000] {logging_mixin.py:188} INFO - [2025-10-13T10:07:11.868+0000] {dag.py:3089} INFO - Sync 1 DAGs
[2025-10-13T10:07:11.951+0000] {logging_mixin.py:188} INFO - [2025-10-13T10:07:11.951+0000] {dag.py:3947} INFO - Setting next_dagrun for minio_to_snowflake to 2025-10-13 10:06:00+00:00, run_after=2025-10-13 10:07:00+00:00
[2025-10-13T10:07:12.302+0000] {processor.py:183} INFO - Processing /opt/airflow/dags/minio_to_snowflake.py took 1.781 seconds
[2025-10-13T10:07:42.948+0000] {processor.py:161} INFO - Started process (PID=38400) to work on /opt/airflow/dags/minio_to_snowflake.py
[2025-10-13T10:07:42.958+0000] {processor.py:830} INFO - Processing file /opt/airflow/dags/minio_to_snowflake.py for tasks to queue
[2025-10-13T10:07:42.978+0000] {logging_mixin.py:188} INFO - [2025-10-13T10:07:42.978+0000] {dagbag.py:545} INFO - Filling up the DagBag from /opt/airflow/dags/minio_to_snowflake.py
[2025-10-13T10:07:44.059+0000] {processor.py:840} INFO - DAG(s) 'minio_to_snowflake' retrieved from /opt/airflow/dags/minio_to_snowflake.py
[2025-10-13T10:07:44.131+0000] {logging_mixin.py:188} INFO - [2025-10-13T10:07:44.129+0000] {dag.py:3089} INFO - Sync 1 DAGs
[2025-10-13T10:07:44.457+0000] {logging_mixin.py:188} INFO - [2025-10-13T10:07:44.457+0000] {dag.py:3947} INFO - Setting next_dagrun for minio_to_snowflake to 2025-10-13 10:07:00+00:00, run_after=2025-10-13 10:08:00+00:00
[2025-10-13T10:07:44.486+0000] {processor.py:183} INFO - Processing /opt/airflow/dags/minio_to_snowflake.py took 1.548 seconds
[2025-10-13T10:08:14.869+0000] {processor.py:161} INFO - Started process (PID=40439) to work on /opt/airflow/dags/minio_to_snowflake.py
[2025-10-13T10:08:14.870+0000] {processor.py:830} INFO - Processing file /opt/airflow/dags/minio_to_snowflake.py for tasks to queue
[2025-10-13T10:08:14.873+0000] {logging_mixin.py:188} INFO - [2025-10-13T10:08:14.873+0000] {dagbag.py:545} INFO - Filling up the DagBag from /opt/airflow/dags/minio_to_snowflake.py
[2025-10-13T10:08:16.178+0000] {processor.py:840} INFO - DAG(s) 'minio_to_snowflake' retrieved from /opt/airflow/dags/minio_to_snowflake.py
[2025-10-13T10:08:16.466+0000] {logging_mixin.py:188} INFO - [2025-10-13T10:08:16.253+0000] {dag.py:3089} INFO - Sync 1 DAGs
[2025-10-13T10:08:16.501+0000] {logging_mixin.py:188} INFO - [2025-10-13T10:08:16.500+0000] {dag.py:3947} INFO - Setting next_dagrun for minio_to_snowflake to 2025-10-13 10:07:00+00:00, run_after=2025-10-13 10:08:00+00:00
[2025-10-13T10:08:16.536+0000] {processor.py:183} INFO - Processing /opt/airflow/dags/minio_to_snowflake.py took 1.675 seconds
[2025-10-13T10:08:46.890+0000] {processor.py:161} INFO - Started process (PID=40625) to work on /opt/airflow/dags/minio_to_snowflake.py
[2025-10-13T10:08:46.891+0000] {processor.py:830} INFO - Processing file /opt/airflow/dags/minio_to_snowflake.py for tasks to queue
[2025-10-13T10:08:46.895+0000] {logging_mixin.py:188} INFO - [2025-10-13T10:08:46.894+0000] {dagbag.py:545} INFO - Filling up the DagBag from /opt/airflow/dags/minio_to_snowflake.py
[2025-10-13T10:08:47.994+0000] {processor.py:840} INFO - DAG(s) 'minio_to_snowflake' retrieved from /opt/airflow/dags/minio_to_snowflake.py
[2025-10-13T10:08:48.200+0000] {logging_mixin.py:188} INFO - [2025-10-13T10:08:48.199+0000] {dag.py:3089} INFO - Sync 1 DAGs
[2025-10-13T10:08:48.242+0000] {logging_mixin.py:188} INFO - [2025-10-13T10:08:48.241+0000] {dag.py:3947} INFO - Setting next_dagrun for minio_to_snowflake to 2025-10-13 10:07:00+00:00, run_after=2025-10-13 10:08:00+00:00
[2025-10-13T10:08:48.287+0000] {processor.py:183} INFO - Processing /opt/airflow/dags/minio_to_snowflake.py took 1.405 seconds
[2025-10-13T10:09:18.609+0000] {processor.py:161} INFO - Started process (PID=40813) to work on /opt/airflow/dags/minio_to_snowflake.py
[2025-10-13T10:09:18.611+0000] {processor.py:830} INFO - Processing file /opt/airflow/dags/minio_to_snowflake.py for tasks to queue
[2025-10-13T10:09:18.614+0000] {logging_mixin.py:188} INFO - [2025-10-13T10:09:18.614+0000] {dagbag.py:545} INFO - Filling up the DagBag from /opt/airflow/dags/minio_to_snowflake.py
[2025-10-13T10:09:20.267+0000] {processor.py:840} INFO - DAG(s) 'minio_to_snowflake' retrieved from /opt/airflow/dags/minio_to_snowflake.py
[2025-10-13T10:09:20.337+0000] {logging_mixin.py:188} INFO - [2025-10-13T10:09:20.336+0000] {dag.py:3089} INFO - Sync 1 DAGs
[2025-10-13T10:09:20.398+0000] {logging_mixin.py:188} INFO - [2025-10-13T10:09:20.397+0000] {dag.py:3947} INFO - Setting next_dagrun for minio_to_snowflake to 2025-10-13 10:08:00+00:00, run_after=2025-10-13 10:09:00+00:00
[2025-10-13T10:09:20.442+0000] {processor.py:183} INFO - Processing /opt/airflow/dags/minio_to_snowflake.py took 1.846 seconds
[2025-10-13T10:09:50.571+0000] {processor.py:161} INFO - Started process (PID=41007) to work on /opt/airflow/dags/minio_to_snowflake.py
[2025-10-13T10:09:50.573+0000] {processor.py:830} INFO - Processing file /opt/airflow/dags/minio_to_snowflake.py for tasks to queue
[2025-10-13T10:09:50.577+0000] {logging_mixin.py:188} INFO - [2025-10-13T10:09:50.577+0000] {dagbag.py:545} INFO - Filling up the DagBag from /opt/airflow/dags/minio_to_snowflake.py
[2025-10-13T10:09:51.911+0000] {processor.py:840} INFO - DAG(s) 'minio_to_snowflake' retrieved from /opt/airflow/dags/minio_to_snowflake.py
[2025-10-13T10:09:51.992+0000] {logging_mixin.py:188} INFO - [2025-10-13T10:09:51.990+0000] {dag.py:3089} INFO - Sync 1 DAGs
[2025-10-13T10:09:52.065+0000] {logging_mixin.py:188} INFO - [2025-10-13T10:09:52.064+0000] {dag.py:3947} INFO - Setting next_dagrun for minio_to_snowflake to 2025-10-13 10:08:00+00:00, run_after=2025-10-13 10:09:00+00:00
[2025-10-13T10:09:52.395+0000] {processor.py:183} INFO - Processing /opt/airflow/dags/minio_to_snowflake.py took 1.840 seconds
[2025-10-13T10:10:22.898+0000] {processor.py:161} INFO - Started process (PID=41188) to work on /opt/airflow/dags/minio_to_snowflake.py
[2025-10-13T10:10:22.900+0000] {processor.py:830} INFO - Processing file /opt/airflow/dags/minio_to_snowflake.py for tasks to queue
[2025-10-13T10:10:22.905+0000] {logging_mixin.py:188} INFO - [2025-10-13T10:10:22.904+0000] {dagbag.py:545} INFO - Filling up the DagBag from /opt/airflow/dags/minio_to_snowflake.py
[2025-10-13T10:10:24.143+0000] {processor.py:840} INFO - DAG(s) 'minio_to_snowflake' retrieved from /opt/airflow/dags/minio_to_snowflake.py
[2025-10-13T10:10:24.226+0000] {logging_mixin.py:188} INFO - [2025-10-13T10:10:24.225+0000] {dag.py:3089} INFO - Sync 1 DAGs
[2025-10-13T10:10:24.532+0000] {logging_mixin.py:188} INFO - [2025-10-13T10:10:24.532+0000] {dag.py:3947} INFO - Setting next_dagrun for minio_to_snowflake to 2025-10-13 10:09:00+00:00, run_after=2025-10-13 10:10:00+00:00
[2025-10-13T10:10:24.575+0000] {processor.py:183} INFO - Processing /opt/airflow/dags/minio_to_snowflake.py took 1.698 seconds
[2025-10-13T10:10:54.982+0000] {processor.py:161} INFO - Started process (PID=41385) to work on /opt/airflow/dags/minio_to_snowflake.py
[2025-10-13T10:10:54.985+0000] {processor.py:830} INFO - Processing file /opt/airflow/dags/minio_to_snowflake.py for tasks to queue
[2025-10-13T10:10:54.990+0000] {logging_mixin.py:188} INFO - [2025-10-13T10:10:54.989+0000] {dagbag.py:545} INFO - Filling up the DagBag from /opt/airflow/dags/minio_to_snowflake.py
[2025-10-13T10:10:56.228+0000] {processor.py:840} INFO - DAG(s) 'minio_to_snowflake' retrieved from /opt/airflow/dags/minio_to_snowflake.py
[2025-10-13T10:10:56.278+0000] {logging_mixin.py:188} INFO - [2025-10-13T10:10:56.275+0000] {dag.py:3089} INFO - Sync 1 DAGs
[2025-10-13T10:10:56.549+0000] {logging_mixin.py:188} INFO - [2025-10-13T10:10:56.548+0000] {dag.py:3947} INFO - Setting next_dagrun for minio_to_snowflake to 2025-10-13 10:09:00+00:00, run_after=2025-10-13 10:10:00+00:00
[2025-10-13T10:10:56.596+0000] {processor.py:183} INFO - Processing /opt/airflow/dags/minio_to_snowflake.py took 1.632 seconds
[2025-10-13T10:11:26.947+0000] {processor.py:161} INFO - Started process (PID=43446) to work on /opt/airflow/dags/minio_to_snowflake.py
[2025-10-13T10:11:26.949+0000] {processor.py:830} INFO - Processing file /opt/airflow/dags/minio_to_snowflake.py for tasks to queue
[2025-10-13T10:11:26.953+0000] {logging_mixin.py:188} INFO - [2025-10-13T10:11:26.952+0000] {dagbag.py:545} INFO - Filling up the DagBag from /opt/airflow/dags/minio_to_snowflake.py
[2025-10-13T10:11:27.816+0000] {processor.py:840} INFO - DAG(s) 'minio_to_snowflake' retrieved from /opt/airflow/dags/minio_to_snowflake.py
[2025-10-13T10:11:28.060+0000] {logging_mixin.py:188} INFO - [2025-10-13T10:11:28.058+0000] {dag.py:3089} INFO - Sync 1 DAGs
[2025-10-13T10:11:28.093+0000] {logging_mixin.py:188} INFO - [2025-10-13T10:11:28.093+0000] {dag.py:3947} INFO - Setting next_dagrun for minio_to_snowflake to 2025-10-13 10:10:00+00:00, run_after=2025-10-13 10:11:00+00:00
[2025-10-13T10:11:28.121+0000] {processor.py:183} INFO - Processing /opt/airflow/dags/minio_to_snowflake.py took 1.188 seconds
[2025-10-13T10:11:58.462+0000] {processor.py:161} INFO - Started process (PID=43598) to work on /opt/airflow/dags/minio_to_snowflake.py
[2025-10-13T10:11:58.466+0000] {processor.py:830} INFO - Processing file /opt/airflow/dags/minio_to_snowflake.py for tasks to queue
[2025-10-13T10:11:58.471+0000] {logging_mixin.py:188} INFO - [2025-10-13T10:11:58.470+0000] {dagbag.py:545} INFO - Filling up the DagBag from /opt/airflow/dags/minio_to_snowflake.py
[2025-10-13T10:11:59.950+0000] {processor.py:840} INFO - DAG(s) 'minio_to_snowflake' retrieved from /opt/airflow/dags/minio_to_snowflake.py
[2025-10-13T10:11:59.997+0000] {logging_mixin.py:188} INFO - [2025-10-13T10:11:59.996+0000] {dag.py:3089} INFO - Sync 1 DAGs
[2025-10-13T10:12:00.051+0000] {logging_mixin.py:188} INFO - [2025-10-13T10:12:00.051+0000] {dag.py:3947} INFO - Setting next_dagrun for minio_to_snowflake to 2025-10-13 10:11:00+00:00, run_after=2025-10-13 10:12:00+00:00
[2025-10-13T10:12:00.078+0000] {processor.py:183} INFO - Processing /opt/airflow/dags/minio_to_snowflake.py took 1.631 seconds
[2025-10-13T10:12:30.453+0000] {processor.py:161} INFO - Started process (PID=43803) to work on /opt/airflow/dags/minio_to_snowflake.py
[2025-10-13T10:12:30.455+0000] {processor.py:830} INFO - Processing file /opt/airflow/dags/minio_to_snowflake.py for tasks to queue
[2025-10-13T10:12:30.460+0000] {logging_mixin.py:188} INFO - [2025-10-13T10:12:30.459+0000] {dagbag.py:545} INFO - Filling up the DagBag from /opt/airflow/dags/minio_to_snowflake.py
[2025-10-13T10:12:31.921+0000] {processor.py:840} INFO - DAG(s) 'minio_to_snowflake' retrieved from /opt/airflow/dags/minio_to_snowflake.py
[2025-10-13T10:12:31.950+0000] {logging_mixin.py:188} INFO - [2025-10-13T10:12:31.950+0000] {dag.py:3089} INFO - Sync 1 DAGs
[2025-10-13T10:12:31.987+0000] {logging_mixin.py:188} INFO - [2025-10-13T10:12:31.986+0000] {dag.py:3947} INFO - Setting next_dagrun for minio_to_snowflake to 2025-10-13 10:11:00+00:00, run_after=2025-10-13 10:12:00+00:00
[2025-10-13T10:12:32.020+0000] {processor.py:183} INFO - Processing /opt/airflow/dags/minio_to_snowflake.py took 1.582 seconds
[2025-10-13T10:13:02.378+0000] {processor.py:161} INFO - Started process (PID=44000) to work on /opt/airflow/dags/minio_to_snowflake.py
[2025-10-13T10:13:02.380+0000] {processor.py:830} INFO - Processing file /opt/airflow/dags/minio_to_snowflake.py for tasks to queue
[2025-10-13T10:13:02.385+0000] {logging_mixin.py:188} INFO - [2025-10-13T10:13:02.384+0000] {dagbag.py:545} INFO - Filling up the DagBag from /opt/airflow/dags/minio_to_snowflake.py
[2025-10-13T10:13:03.773+0000] {processor.py:840} INFO - DAG(s) 'minio_to_snowflake' retrieved from /opt/airflow/dags/minio_to_snowflake.py
[2025-10-13T10:13:03.827+0000] {logging_mixin.py:188} INFO - [2025-10-13T10:13:03.826+0000] {dag.py:3089} INFO - Sync 1 DAGs
[2025-10-13T10:13:04.196+0000] {logging_mixin.py:188} INFO - [2025-10-13T10:13:04.196+0000] {dag.py:3947} INFO - Setting next_dagrun for minio_to_snowflake to 2025-10-13 10:12:00+00:00, run_after=2025-10-13 10:13:00+00:00
[2025-10-13T10:13:04.227+0000] {processor.py:183} INFO - Processing /opt/airflow/dags/minio_to_snowflake.py took 1.865 seconds
[2025-10-13T10:13:34.558+0000] {processor.py:161} INFO - Started process (PID=44206) to work on /opt/airflow/dags/minio_to_snowflake.py
[2025-10-13T10:13:34.561+0000] {processor.py:830} INFO - Processing file /opt/airflow/dags/minio_to_snowflake.py for tasks to queue
[2025-10-13T10:13:34.566+0000] {logging_mixin.py:188} INFO - [2025-10-13T10:13:34.565+0000] {dagbag.py:545} INFO - Filling up the DagBag from /opt/airflow/dags/minio_to_snowflake.py
[2025-10-13T10:13:35.661+0000] {processor.py:840} INFO - DAG(s) 'minio_to_snowflake' retrieved from /opt/airflow/dags/minio_to_snowflake.py
[2025-10-13T10:13:35.722+0000] {logging_mixin.py:188} INFO - [2025-10-13T10:13:35.721+0000] {dag.py:3089} INFO - Sync 1 DAGs
[2025-10-13T10:13:36.037+0000] {logging_mixin.py:188} INFO - [2025-10-13T10:13:36.037+0000] {dag.py:3947} INFO - Setting next_dagrun for minio_to_snowflake to 2025-10-13 10:12:00+00:00, run_after=2025-10-13 10:13:00+00:00
[2025-10-13T10:13:36.079+0000] {processor.py:183} INFO - Processing /opt/airflow/dags/minio_to_snowflake.py took 1.538 seconds
[2025-10-13T10:14:06.397+0000] {processor.py:161} INFO - Started process (PID=44401) to work on /opt/airflow/dags/minio_to_snowflake.py
[2025-10-13T10:14:06.399+0000] {processor.py:830} INFO - Processing file /opt/airflow/dags/minio_to_snowflake.py for tasks to queue
[2025-10-13T10:14:06.402+0000] {logging_mixin.py:188} INFO - [2025-10-13T10:14:06.401+0000] {dagbag.py:545} INFO - Filling up the DagBag from /opt/airflow/dags/minio_to_snowflake.py
[2025-10-13T10:14:07.642+0000] {processor.py:840} INFO - DAG(s) 'minio_to_snowflake' retrieved from /opt/airflow/dags/minio_to_snowflake.py
[2025-10-13T10:14:07.879+0000] {logging_mixin.py:188} INFO - [2025-10-13T10:14:07.675+0000] {dag.py:3089} INFO - Sync 1 DAGs
[2025-10-13T10:14:07.925+0000] {logging_mixin.py:188} INFO - [2025-10-13T10:14:07.925+0000] {dag.py:3947} INFO - Setting next_dagrun for minio_to_snowflake to 2025-10-13 10:13:00+00:00, run_after=2025-10-13 10:14:00+00:00
[2025-10-13T10:14:07.960+0000] {processor.py:183} INFO - Processing /opt/airflow/dags/minio_to_snowflake.py took 1.571 seconds
[2025-10-13T10:14:38.108+0000] {processor.py:161} INFO - Started process (PID=45792) to work on /opt/airflow/dags/minio_to_snowflake.py
[2025-10-13T10:14:38.110+0000] {processor.py:830} INFO - Processing file /opt/airflow/dags/minio_to_snowflake.py for tasks to queue
[2025-10-13T10:14:38.115+0000] {logging_mixin.py:188} INFO - [2025-10-13T10:14:38.114+0000] {dagbag.py:545} INFO - Filling up the DagBag from /opt/airflow/dags/minio_to_snowflake.py
[2025-10-13T10:14:39.106+0000] {processor.py:840} INFO - DAG(s) 'minio_to_snowflake' retrieved from /opt/airflow/dags/minio_to_snowflake.py
[2025-10-13T10:14:39.563+0000] {logging_mixin.py:188} INFO - [2025-10-13T10:14:39.562+0000] {dag.py:3089} INFO - Sync 1 DAGs
[2025-10-13T10:14:39.612+0000] {logging_mixin.py:188} INFO - [2025-10-13T10:14:39.612+0000] {dag.py:3947} INFO - Setting next_dagrun for minio_to_snowflake to 2025-10-13 10:14:00+00:00, run_after=2025-10-13 10:15:00+00:00
[2025-10-13T10:14:39.643+0000] {processor.py:183} INFO - Processing /opt/airflow/dags/minio_to_snowflake.py took 1.551 seconds
[2025-10-13T10:15:10.428+0000] {processor.py:161} INFO - Started process (PID=46593) to work on /opt/airflow/dags/minio_to_snowflake.py
[2025-10-13T10:15:10.430+0000] {processor.py:830} INFO - Processing file /opt/airflow/dags/minio_to_snowflake.py for tasks to queue
[2025-10-13T10:15:10.434+0000] {logging_mixin.py:188} INFO - [2025-10-13T10:15:10.433+0000] {dagbag.py:545} INFO - Filling up the DagBag from /opt/airflow/dags/minio_to_snowflake.py
[2025-10-13T10:15:12.295+0000] {processor.py:840} INFO - DAG(s) 'minio_to_snowflake' retrieved from /opt/airflow/dags/minio_to_snowflake.py
[2025-10-13T10:15:12.342+0000] {logging_mixin.py:188} INFO - [2025-10-13T10:15:12.341+0000] {dag.py:3089} INFO - Sync 1 DAGs
[2025-10-13T10:15:12.397+0000] {logging_mixin.py:188} INFO - [2025-10-13T10:15:12.396+0000] {dag.py:3947} INFO - Setting next_dagrun for minio_to_snowflake to 2025-10-13 10:14:00+00:00, run_after=2025-10-13 10:15:00+00:00
[2025-10-13T10:15:12.437+0000] {processor.py:183} INFO - Processing /opt/airflow/dags/minio_to_snowflake.py took 2.024 seconds
[2025-10-13T10:15:42.731+0000] {processor.py:161} INFO - Started process (PID=46766) to work on /opt/airflow/dags/minio_to_snowflake.py
[2025-10-13T10:15:42.733+0000] {processor.py:830} INFO - Processing file /opt/airflow/dags/minio_to_snowflake.py for tasks to queue
[2025-10-13T10:15:42.736+0000] {logging_mixin.py:188} INFO - [2025-10-13T10:15:42.735+0000] {dagbag.py:545} INFO - Filling up the DagBag from /opt/airflow/dags/minio_to_snowflake.py
[2025-10-13T10:15:43.997+0000] {processor.py:840} INFO - DAG(s) 'minio_to_snowflake' retrieved from /opt/airflow/dags/minio_to_snowflake.py
[2025-10-13T10:15:44.034+0000] {logging_mixin.py:188} INFO - [2025-10-13T10:15:44.034+0000] {dag.py:3089} INFO - Sync 1 DAGs
[2025-10-13T10:15:44.292+0000] {logging_mixin.py:188} INFO - [2025-10-13T10:15:44.291+0000] {dag.py:3947} INFO - Setting next_dagrun for minio_to_snowflake to 2025-10-13 10:14:00+00:00, run_after=2025-10-13 10:15:00+00:00
[2025-10-13T10:15:44.317+0000] {processor.py:183} INFO - Processing /opt/airflow/dags/minio_to_snowflake.py took 1.608 seconds
[2025-10-13T10:16:14.689+0000] {processor.py:161} INFO - Started process (PID=46931) to work on /opt/airflow/dags/minio_to_snowflake.py
[2025-10-13T10:16:14.691+0000] {processor.py:830} INFO - Processing file /opt/airflow/dags/minio_to_snowflake.py for tasks to queue
[2025-10-13T10:16:14.696+0000] {logging_mixin.py:188} INFO - [2025-10-13T10:16:14.695+0000] {dagbag.py:545} INFO - Filling up the DagBag from /opt/airflow/dags/minio_to_snowflake.py
[2025-10-13T10:16:15.671+0000] {processor.py:840} INFO - DAG(s) 'minio_to_snowflake' retrieved from /opt/airflow/dags/minio_to_snowflake.py
[2025-10-13T10:16:15.733+0000] {logging_mixin.py:188} INFO - [2025-10-13T10:16:15.732+0000] {dag.py:3089} INFO - Sync 1 DAGs
[2025-10-13T10:16:16.197+0000] {logging_mixin.py:188} INFO - [2025-10-13T10:16:16.196+0000] {dag.py:3947} INFO - Setting next_dagrun for minio_to_snowflake to 2025-10-13 10:15:00+00:00, run_after=2025-10-13 10:16:00+00:00
[2025-10-13T10:16:16.244+0000] {processor.py:183} INFO - Processing /opt/airflow/dags/minio_to_snowflake.py took 1.571 seconds
[2025-10-13T10:16:46.580+0000] {processor.py:161} INFO - Started process (PID=47109) to work on /opt/airflow/dags/minio_to_snowflake.py
[2025-10-13T10:16:46.583+0000] {processor.py:830} INFO - Processing file /opt/airflow/dags/minio_to_snowflake.py for tasks to queue
[2025-10-13T10:16:46.588+0000] {logging_mixin.py:188} INFO - [2025-10-13T10:16:46.587+0000] {dagbag.py:545} INFO - Filling up the DagBag from /opt/airflow/dags/minio_to_snowflake.py
[2025-10-13T10:16:47.791+0000] {processor.py:840} INFO - DAG(s) 'minio_to_snowflake' retrieved from /opt/airflow/dags/minio_to_snowflake.py
[2025-10-13T10:16:48.116+0000] {logging_mixin.py:188} INFO - [2025-10-13T10:16:47.838+0000] {dag.py:3089} INFO - Sync 1 DAGs
[2025-10-13T10:16:48.154+0000] {logging_mixin.py:188} INFO - [2025-10-13T10:16:48.154+0000] {dag.py:3947} INFO - Setting next_dagrun for minio_to_snowflake to 2025-10-13 10:15:00+00:00, run_after=2025-10-13 10:16:00+00:00
[2025-10-13T10:16:48.205+0000] {processor.py:183} INFO - Processing /opt/airflow/dags/minio_to_snowflake.py took 1.645 seconds
[2025-10-13T10:17:18.590+0000] {processor.py:161} INFO - Started process (PID=47273) to work on /opt/airflow/dags/minio_to_snowflake.py
[2025-10-13T10:17:18.593+0000] {processor.py:830} INFO - Processing file /opt/airflow/dags/minio_to_snowflake.py for tasks to queue
[2025-10-13T10:17:18.598+0000] {logging_mixin.py:188} INFO - [2025-10-13T10:17:18.597+0000] {dagbag.py:545} INFO - Filling up the DagBag from /opt/airflow/dags/minio_to_snowflake.py
[2025-10-13T10:17:19.733+0000] {processor.py:840} INFO - DAG(s) 'minio_to_snowflake' retrieved from /opt/airflow/dags/minio_to_snowflake.py
[2025-10-13T10:17:20.085+0000] {logging_mixin.py:188} INFO - [2025-10-13T10:17:20.085+0000] {dag.py:3089} INFO - Sync 1 DAGs
[2025-10-13T10:17:20.125+0000] {logging_mixin.py:188} INFO - [2025-10-13T10:17:20.124+0000] {dag.py:3947} INFO - Setting next_dagrun for minio_to_snowflake to 2025-10-13 10:16:00+00:00, run_after=2025-10-13 10:17:00+00:00
[2025-10-13T10:17:20.166+0000] {processor.py:183} INFO - Processing /opt/airflow/dags/minio_to_snowflake.py took 1.592 seconds
[2025-10-13T10:17:50.280+0000] {processor.py:161} INFO - Started process (PID=47448) to work on /opt/airflow/dags/minio_to_snowflake.py
[2025-10-13T10:17:50.282+0000] {processor.py:830} INFO - Processing file /opt/airflow/dags/minio_to_snowflake.py for tasks to queue
[2025-10-13T10:17:50.284+0000] {logging_mixin.py:188} INFO - [2025-10-13T10:17:50.284+0000] {dagbag.py:545} INFO - Filling up the DagBag from /opt/airflow/dags/minio_to_snowflake.py
[2025-10-13T10:17:51.620+0000] {processor.py:840} INFO - DAG(s) 'minio_to_snowflake' retrieved from /opt/airflow/dags/minio_to_snowflake.py
[2025-10-13T10:17:51.707+0000] {logging_mixin.py:188} INFO - [2025-10-13T10:17:51.706+0000] {dag.py:3089} INFO - Sync 1 DAGs
[2025-10-13T10:17:51.781+0000] {logging_mixin.py:188} INFO - [2025-10-13T10:17:51.771+0000] {dag.py:3947} INFO - Setting next_dagrun for minio_to_snowflake to 2025-10-13 10:16:00+00:00, run_after=2025-10-13 10:17:00+00:00
[2025-10-13T10:17:51.849+0000] {processor.py:183} INFO - Processing /opt/airflow/dags/minio_to_snowflake.py took 1.577 seconds
[2025-10-13T10:18:22.236+0000] {processor.py:161} INFO - Started process (PID=48943) to work on /opt/airflow/dags/minio_to_snowflake.py
[2025-10-13T10:18:22.239+0000] {processor.py:830} INFO - Processing file /opt/airflow/dags/minio_to_snowflake.py for tasks to queue
[2025-10-13T10:18:22.243+0000] {logging_mixin.py:188} INFO - [2025-10-13T10:18:22.242+0000] {dagbag.py:545} INFO - Filling up the DagBag from /opt/airflow/dags/minio_to_snowflake.py
[2025-10-13T10:18:23.703+0000] {processor.py:840} INFO - DAG(s) 'minio_to_snowflake' retrieved from /opt/airflow/dags/minio_to_snowflake.py
[2025-10-13T10:18:23.739+0000] {logging_mixin.py:188} INFO - [2025-10-13T10:18:23.738+0000] {dag.py:3089} INFO - Sync 1 DAGs
[2025-10-13T10:18:23.771+0000] {logging_mixin.py:188} INFO - [2025-10-13T10:18:23.770+0000] {dag.py:3947} INFO - Setting next_dagrun for minio_to_snowflake to 2025-10-13 10:17:00+00:00, run_after=2025-10-13 10:18:00+00:00
[2025-10-13T10:18:23.796+0000] {processor.py:183} INFO - Processing /opt/airflow/dags/minio_to_snowflake.py took 1.575 seconds
[2025-10-13T10:18:54.173+0000] {processor.py:161} INFO - Started process (PID=49654) to work on /opt/airflow/dags/minio_to_snowflake.py
[2025-10-13T10:18:54.174+0000] {processor.py:830} INFO - Processing file /opt/airflow/dags/minio_to_snowflake.py for tasks to queue
[2025-10-13T10:18:54.177+0000] {logging_mixin.py:188} INFO - [2025-10-13T10:18:54.176+0000] {dagbag.py:545} INFO - Filling up the DagBag from /opt/airflow/dags/minio_to_snowflake.py
[2025-10-13T10:18:55.292+0000] {processor.py:840} INFO - DAG(s) 'minio_to_snowflake' retrieved from /opt/airflow/dags/minio_to_snowflake.py
[2025-10-13T10:18:55.334+0000] {logging_mixin.py:188} INFO - [2025-10-13T10:18:55.333+0000] {dag.py:3089} INFO - Sync 1 DAGs
[2025-10-13T10:18:55.624+0000] {logging_mixin.py:188} INFO - [2025-10-13T10:18:55.624+0000] {dag.py:3947} INFO - Setting next_dagrun for minio_to_snowflake to 2025-10-13 10:17:00+00:00, run_after=2025-10-13 10:18:00+00:00
[2025-10-13T10:18:55.652+0000] {processor.py:183} INFO - Processing /opt/airflow/dags/minio_to_snowflake.py took 1.488 seconds
[2025-10-13T10:19:25.950+0000] {processor.py:161} INFO - Started process (PID=49862) to work on /opt/airflow/dags/minio_to_snowflake.py
[2025-10-13T10:19:25.951+0000] {processor.py:830} INFO - Processing file /opt/airflow/dags/minio_to_snowflake.py for tasks to queue
[2025-10-13T10:19:25.955+0000] {logging_mixin.py:188} INFO - [2025-10-13T10:19:25.954+0000] {dagbag.py:545} INFO - Filling up the DagBag from /opt/airflow/dags/minio_to_snowflake.py
[2025-10-13T10:19:26.982+0000] {processor.py:840} INFO - DAG(s) 'minio_to_snowflake' retrieved from /opt/airflow/dags/minio_to_snowflake.py
[2025-10-13T10:19:27.024+0000] {logging_mixin.py:188} INFO - [2025-10-13T10:19:27.022+0000] {dag.py:3089} INFO - Sync 1 DAGs
[2025-10-13T10:19:27.368+0000] {logging_mixin.py:188} INFO - [2025-10-13T10:19:27.367+0000] {dag.py:3947} INFO - Setting next_dagrun for minio_to_snowflake to 2025-10-13 10:18:00+00:00, run_after=2025-10-13 10:19:00+00:00
[2025-10-13T10:19:27.403+0000] {processor.py:183} INFO - Processing /opt/airflow/dags/minio_to_snowflake.py took 1.463 seconds
[2025-10-13T10:19:58.112+0000] {processor.py:161} INFO - Started process (PID=50064) to work on /opt/airflow/dags/minio_to_snowflake.py
[2025-10-13T10:19:58.114+0000] {processor.py:830} INFO - Processing file /opt/airflow/dags/minio_to_snowflake.py for tasks to queue
[2025-10-13T10:19:58.118+0000] {logging_mixin.py:188} INFO - [2025-10-13T10:19:58.117+0000] {dagbag.py:545} INFO - Filling up the DagBag from /opt/airflow/dags/minio_to_snowflake.py
[2025-10-13T10:19:59.077+0000] {processor.py:840} INFO - DAG(s) 'minio_to_snowflake' retrieved from /opt/airflow/dags/minio_to_snowflake.py
[2025-10-13T10:19:59.361+0000] {logging_mixin.py:188} INFO - [2025-10-13T10:19:59.361+0000] {dag.py:3089} INFO - Sync 1 DAGs
[2025-10-13T10:19:59.392+0000] {logging_mixin.py:188} INFO - [2025-10-13T10:19:59.392+0000] {dag.py:3947} INFO - Setting next_dagrun for minio_to_snowflake to 2025-10-13 10:18:00+00:00, run_after=2025-10-13 10:19:00+00:00
[2025-10-13T10:19:59.423+0000] {processor.py:183} INFO - Processing /opt/airflow/dags/minio_to_snowflake.py took 1.321 seconds
[2025-10-13T10:20:30.013+0000] {processor.py:161} INFO - Started process (PID=50248) to work on /opt/airflow/dags/minio_to_snowflake.py
[2025-10-13T10:20:30.015+0000] {processor.py:830} INFO - Processing file /opt/airflow/dags/minio_to_snowflake.py for tasks to queue
[2025-10-13T10:20:30.020+0000] {logging_mixin.py:188} INFO - [2025-10-13T10:20:30.020+0000] {dagbag.py:545} INFO - Filling up the DagBag from /opt/airflow/dags/minio_to_snowflake.py
[2025-10-13T10:20:31.192+0000] {processor.py:840} INFO - DAG(s) 'minio_to_snowflake' retrieved from /opt/airflow/dags/minio_to_snowflake.py
[2025-10-13T10:20:31.234+0000] {logging_mixin.py:188} INFO - [2025-10-13T10:20:31.230+0000] {dag.py:3089} INFO - Sync 1 DAGs
[2025-10-13T10:20:31.271+0000] {logging_mixin.py:188} INFO - [2025-10-13T10:20:31.271+0000] {dag.py:3947} INFO - Setting next_dagrun for minio_to_snowflake to 2025-10-13 10:19:00+00:00, run_after=2025-10-13 10:20:00+00:00
[2025-10-13T10:20:31.298+0000] {processor.py:183} INFO - Processing /opt/airflow/dags/minio_to_snowflake.py took 1.293 seconds
[2025-10-13T10:21:01.623+0000] {processor.py:161} INFO - Started process (PID=50444) to work on /opt/airflow/dags/minio_to_snowflake.py
[2025-10-13T10:21:01.627+0000] {processor.py:830} INFO - Processing file /opt/airflow/dags/minio_to_snowflake.py for tasks to queue
[2025-10-13T10:21:01.631+0000] {logging_mixin.py:188} INFO - [2025-10-13T10:21:01.630+0000] {dagbag.py:545} INFO - Filling up the DagBag from /opt/airflow/dags/minio_to_snowflake.py
[2025-10-13T10:21:03.053+0000] {processor.py:840} INFO - DAG(s) 'minio_to_snowflake' retrieved from /opt/airflow/dags/minio_to_snowflake.py
[2025-10-13T10:21:03.105+0000] {logging_mixin.py:188} INFO - [2025-10-13T10:21:03.103+0000] {dag.py:3089} INFO - Sync 1 DAGs
[2025-10-13T10:21:03.163+0000] {logging_mixin.py:188} INFO - [2025-10-13T10:21:03.162+0000] {dag.py:3947} INFO - Setting next_dagrun for minio_to_snowflake to 2025-10-13 10:20:00+00:00, run_after=2025-10-13 10:21:00+00:00
[2025-10-13T10:21:03.250+0000] {processor.py:183} INFO - Processing /opt/airflow/dags/minio_to_snowflake.py took 1.639 seconds
[2025-10-13T10:21:33.898+0000] {processor.py:161} INFO - Started process (PID=51147) to work on /opt/airflow/dags/minio_to_snowflake.py
[2025-10-13T10:21:33.900+0000] {processor.py:830} INFO - Processing file /opt/airflow/dags/minio_to_snowflake.py for tasks to queue
[2025-10-13T10:21:33.903+0000] {logging_mixin.py:188} INFO - [2025-10-13T10:21:33.903+0000] {dagbag.py:545} INFO - Filling up the DagBag from /opt/airflow/dags/minio_to_snowflake.py
[2025-10-13T10:21:34.914+0000] {processor.py:840} INFO - DAG(s) 'minio_to_snowflake' retrieved from /opt/airflow/dags/minio_to_snowflake.py
[2025-10-13T10:21:34.958+0000] {logging_mixin.py:188} INFO - [2025-10-13T10:21:34.957+0000] {dag.py:3089} INFO - Sync 1 DAGs
[2025-10-13T10:21:35.333+0000] {logging_mixin.py:188} INFO - [2025-10-13T10:21:35.332+0000] {dag.py:3947} INFO - Setting next_dagrun for minio_to_snowflake to 2025-10-13 10:21:00+00:00, run_after=2025-10-13 10:22:00+00:00
[2025-10-13T10:21:35.362+0000] {processor.py:183} INFO - Processing /opt/airflow/dags/minio_to_snowflake.py took 1.473 seconds
[2025-10-13T10:22:05.672+0000] {processor.py:161} INFO - Started process (PID=52673) to work on /opt/airflow/dags/minio_to_snowflake.py
[2025-10-13T10:22:05.687+0000] {processor.py:830} INFO - Processing file /opt/airflow/dags/minio_to_snowflake.py for tasks to queue
[2025-10-13T10:22:05.704+0000] {logging_mixin.py:188} INFO - [2025-10-13T10:22:05.703+0000] {dagbag.py:545} INFO - Filling up the DagBag from /opt/airflow/dags/minio_to_snowflake.py
[2025-10-13T10:22:07.045+0000] {processor.py:840} INFO - DAG(s) 'minio_to_snowflake' retrieved from /opt/airflow/dags/minio_to_snowflake.py
[2025-10-13T10:22:07.087+0000] {logging_mixin.py:188} INFO - [2025-10-13T10:22:07.085+0000] {dag.py:3089} INFO - Sync 1 DAGs
[2025-10-13T10:22:07.314+0000] {logging_mixin.py:188} INFO - [2025-10-13T10:22:07.314+0000] {dag.py:3947} INFO - Setting next_dagrun for minio_to_snowflake to 2025-10-13 10:21:00+00:00, run_after=2025-10-13 10:22:00+00:00
[2025-10-13T10:22:07.340+0000] {processor.py:183} INFO - Processing /opt/airflow/dags/minio_to_snowflake.py took 1.688 seconds
[2025-10-13T10:22:37.421+0000] {processor.py:161} INFO - Started process (PID=52862) to work on /opt/airflow/dags/minio_to_snowflake.py
[2025-10-13T10:22:37.424+0000] {processor.py:830} INFO - Processing file /opt/airflow/dags/minio_to_snowflake.py for tasks to queue
[2025-10-13T10:22:37.428+0000] {logging_mixin.py:188} INFO - [2025-10-13T10:22:37.427+0000] {dagbag.py:545} INFO - Filling up the DagBag from /opt/airflow/dags/minio_to_snowflake.py
[2025-10-13T10:22:38.238+0000] {processor.py:840} INFO - DAG(s) 'minio_to_snowflake' retrieved from /opt/airflow/dags/minio_to_snowflake.py
[2025-10-13T10:22:38.506+0000] {logging_mixin.py:188} INFO - [2025-10-13T10:22:38.505+0000] {dag.py:3089} INFO - Sync 1 DAGs
[2025-10-13T10:22:38.548+0000] {logging_mixin.py:188} INFO - [2025-10-13T10:22:38.547+0000] {dag.py:3947} INFO - Setting next_dagrun for minio_to_snowflake to 2025-10-13 10:21:00+00:00, run_after=2025-10-13 10:22:00+00:00
[2025-10-13T10:22:38.581+0000] {processor.py:183} INFO - Processing /opt/airflow/dags/minio_to_snowflake.py took 1.168 seconds
[2025-10-13T10:23:08.836+0000] {processor.py:161} INFO - Started process (PID=53056) to work on /opt/airflow/dags/minio_to_snowflake.py
[2025-10-13T10:23:08.837+0000] {processor.py:830} INFO - Processing file /opt/airflow/dags/minio_to_snowflake.py for tasks to queue
[2025-10-13T10:23:08.841+0000] {logging_mixin.py:188} INFO - [2025-10-13T10:23:08.840+0000] {dagbag.py:545} INFO - Filling up the DagBag from /opt/airflow/dags/minio_to_snowflake.py
[2025-10-13T10:23:09.969+0000] {processor.py:840} INFO - DAG(s) 'minio_to_snowflake' retrieved from /opt/airflow/dags/minio_to_snowflake.py
[2025-10-13T10:23:10.006+0000] {logging_mixin.py:188} INFO - [2025-10-13T10:23:10.005+0000] {dag.py:3089} INFO - Sync 1 DAGs
[2025-10-13T10:23:10.040+0000] {logging_mixin.py:188} INFO - [2025-10-13T10:23:10.039+0000] {dag.py:3947} INFO - Setting next_dagrun for minio_to_snowflake to 2025-10-13 10:22:00+00:00, run_after=2025-10-13 10:23:00+00:00
[2025-10-13T10:23:10.068+0000] {processor.py:183} INFO - Processing /opt/airflow/dags/minio_to_snowflake.py took 1.242 seconds
[2025-10-13T10:23:40.165+0000] {processor.py:161} INFO - Started process (PID=53260) to work on /opt/airflow/dags/minio_to_snowflake.py
[2025-10-13T10:23:40.168+0000] {processor.py:830} INFO - Processing file /opt/airflow/dags/minio_to_snowflake.py for tasks to queue
[2025-10-13T10:23:40.172+0000] {logging_mixin.py:188} INFO - [2025-10-13T10:23:40.172+0000] {dagbag.py:545} INFO - Filling up the DagBag from /opt/airflow/dags/minio_to_snowflake.py
[2025-10-13T10:23:41.632+0000] {processor.py:840} INFO - DAG(s) 'minio_to_snowflake' retrieved from /opt/airflow/dags/minio_to_snowflake.py
[2025-10-13T10:23:41.674+0000] {logging_mixin.py:188} INFO - [2025-10-13T10:23:41.673+0000] {dag.py:3089} INFO - Sync 1 DAGs
[2025-10-13T10:23:41.712+0000] {logging_mixin.py:188} INFO - [2025-10-13T10:23:41.712+0000] {dag.py:3947} INFO - Setting next_dagrun for minio_to_snowflake to 2025-10-13 10:22:00+00:00, run_after=2025-10-13 10:23:00+00:00
[2025-10-13T10:23:41.748+0000] {processor.py:183} INFO - Processing /opt/airflow/dags/minio_to_snowflake.py took 1.592 seconds
[2025-10-13T10:24:12.074+0000] {processor.py:161} INFO - Started process (PID=53458) to work on /opt/airflow/dags/minio_to_snowflake.py
[2025-10-13T10:24:12.079+0000] {processor.py:830} INFO - Processing file /opt/airflow/dags/minio_to_snowflake.py for tasks to queue
[2025-10-13T10:24:12.091+0000] {logging_mixin.py:188} INFO - [2025-10-13T10:24:12.091+0000] {dagbag.py:545} INFO - Filling up the DagBag from /opt/airflow/dags/minio_to_snowflake.py
[2025-10-13T10:24:13.505+0000] {processor.py:840} INFO - DAG(s) 'minio_to_snowflake' retrieved from /opt/airflow/dags/minio_to_snowflake.py
[2025-10-13T10:24:13.555+0000] {logging_mixin.py:188} INFO - [2025-10-13T10:24:13.550+0000] {dag.py:3089} INFO - Sync 1 DAGs
[2025-10-13T10:24:13.600+0000] {logging_mixin.py:188} INFO - [2025-10-13T10:24:13.599+0000] {dag.py:3947} INFO - Setting next_dagrun for minio_to_snowflake to 2025-10-13 10:23:00+00:00, run_after=2025-10-13 10:24:00+00:00
[2025-10-13T10:24:13.624+0000] {processor.py:183} INFO - Processing /opt/airflow/dags/minio_to_snowflake.py took 1.564 seconds
[2025-10-13T10:24:44.061+0000] {processor.py:161} INFO - Started process (PID=54041) to work on /opt/airflow/dags/minio_to_snowflake.py
[2025-10-13T10:24:44.063+0000] {processor.py:830} INFO - Processing file /opt/airflow/dags/minio_to_snowflake.py for tasks to queue
[2025-10-13T10:24:44.068+0000] {logging_mixin.py:188} INFO - [2025-10-13T10:24:44.067+0000] {dagbag.py:545} INFO - Filling up the DagBag from /opt/airflow/dags/minio_to_snowflake.py
[2025-10-13T10:24:45.341+0000] {processor.py:840} INFO - DAG(s) 'minio_to_snowflake' retrieved from /opt/airflow/dags/minio_to_snowflake.py
[2025-10-13T10:24:45.376+0000] {logging_mixin.py:188} INFO - [2025-10-13T10:24:45.375+0000] {dag.py:3089} INFO - Sync 1 DAGs
[2025-10-13T10:24:45.410+0000] {logging_mixin.py:188} INFO - [2025-10-13T10:24:45.410+0000] {dag.py:3947} INFO - Setting next_dagrun for minio_to_snowflake to 2025-10-13 10:24:00+00:00, run_after=2025-10-13 10:25:00+00:00
[2025-10-13T10:24:45.448+0000] {processor.py:183} INFO - Processing /opt/airflow/dags/minio_to_snowflake.py took 1.398 seconds
[2025-10-13T10:25:15.722+0000] {processor.py:161} INFO - Started process (PID=55697) to work on /opt/airflow/dags/minio_to_snowflake.py
[2025-10-13T10:25:15.732+0000] {processor.py:830} INFO - Processing file /opt/airflow/dags/minio_to_snowflake.py for tasks to queue
[2025-10-13T10:25:15.744+0000] {logging_mixin.py:188} INFO - [2025-10-13T10:25:15.742+0000] {dagbag.py:545} INFO - Filling up the DagBag from /opt/airflow/dags/minio_to_snowflake.py
[2025-10-13T10:25:17.154+0000] {processor.py:840} INFO - DAG(s) 'minio_to_snowflake' retrieved from /opt/airflow/dags/minio_to_snowflake.py
[2025-10-13T10:25:17.427+0000] {logging_mixin.py:188} INFO - [2025-10-13T10:25:17.208+0000] {dag.py:3089} INFO - Sync 1 DAGs
[2025-10-13T10:25:17.460+0000] {logging_mixin.py:188} INFO - [2025-10-13T10:25:17.460+0000] {dag.py:3947} INFO - Setting next_dagrun for minio_to_snowflake to 2025-10-13 10:24:00+00:00, run_after=2025-10-13 10:25:00+00:00
[2025-10-13T10:25:17.485+0000] {processor.py:183} INFO - Processing /opt/airflow/dags/minio_to_snowflake.py took 1.774 seconds
[2025-10-13T10:25:47.717+0000] {processor.py:161} INFO - Started process (PID=55900) to work on /opt/airflow/dags/minio_to_snowflake.py
[2025-10-13T10:25:47.719+0000] {processor.py:830} INFO - Processing file /opt/airflow/dags/minio_to_snowflake.py for tasks to queue
[2025-10-13T10:25:47.722+0000] {logging_mixin.py:188} INFO - [2025-10-13T10:25:47.722+0000] {dagbag.py:545} INFO - Filling up the DagBag from /opt/airflow/dags/minio_to_snowflake.py
[2025-10-13T10:25:48.622+0000] {processor.py:840} INFO - DAG(s) 'minio_to_snowflake' retrieved from /opt/airflow/dags/minio_to_snowflake.py
[2025-10-13T10:25:48.903+0000] {logging_mixin.py:188} INFO - [2025-10-13T10:25:48.901+0000] {dag.py:3089} INFO - Sync 1 DAGs
[2025-10-13T10:25:48.945+0000] {logging_mixin.py:188} INFO - [2025-10-13T10:25:48.945+0000] {dag.py:3947} INFO - Setting next_dagrun for minio_to_snowflake to 2025-10-13 10:24:00+00:00, run_after=2025-10-13 10:25:00+00:00
[2025-10-13T10:25:48.979+0000] {processor.py:183} INFO - Processing /opt/airflow/dags/minio_to_snowflake.py took 1.273 seconds
[2025-10-13T10:26:19.256+0000] {processor.py:161} INFO - Started process (PID=56095) to work on /opt/airflow/dags/minio_to_snowflake.py
[2025-10-13T10:26:19.257+0000] {processor.py:830} INFO - Processing file /opt/airflow/dags/minio_to_snowflake.py for tasks to queue
[2025-10-13T10:26:19.261+0000] {logging_mixin.py:188} INFO - [2025-10-13T10:26:19.260+0000] {dagbag.py:545} INFO - Filling up the DagBag from /opt/airflow/dags/minio_to_snowflake.py
[2025-10-13T10:26:20.347+0000] {processor.py:840} INFO - DAG(s) 'minio_to_snowflake' retrieved from /opt/airflow/dags/minio_to_snowflake.py
[2025-10-13T10:26:20.379+0000] {logging_mixin.py:188} INFO - [2025-10-13T10:26:20.377+0000] {dag.py:3089} INFO - Sync 1 DAGs
[2025-10-13T10:26:20.413+0000] {logging_mixin.py:188} INFO - [2025-10-13T10:26:20.413+0000] {dag.py:3947} INFO - Setting next_dagrun for minio_to_snowflake to 2025-10-13 10:25:00+00:00, run_after=2025-10-13 10:26:00+00:00
[2025-10-13T10:26:20.452+0000] {processor.py:183} INFO - Processing /opt/airflow/dags/minio_to_snowflake.py took 1.204 seconds
[2025-10-13T10:26:50.564+0000] {processor.py:161} INFO - Started process (PID=56291) to work on /opt/airflow/dags/minio_to_snowflake.py
[2025-10-13T10:26:50.565+0000] {processor.py:830} INFO - Processing file /opt/airflow/dags/minio_to_snowflake.py for tasks to queue
[2025-10-13T10:26:50.569+0000] {logging_mixin.py:188} INFO - [2025-10-13T10:26:50.568+0000] {dagbag.py:545} INFO - Filling up the DagBag from /opt/airflow/dags/minio_to_snowflake.py
[2025-10-13T10:26:51.635+0000] {processor.py:840} INFO - DAG(s) 'minio_to_snowflake' retrieved from /opt/airflow/dags/minio_to_snowflake.py
[2025-10-13T10:26:51.675+0000] {logging_mixin.py:188} INFO - [2025-10-13T10:26:51.674+0000] {dag.py:3089} INFO - Sync 1 DAGs
[2025-10-13T10:26:51.711+0000] {logging_mixin.py:188} INFO - [2025-10-13T10:26:51.710+0000] {dag.py:3947} INFO - Setting next_dagrun for minio_to_snowflake to 2025-10-13 10:25:00+00:00, run_after=2025-10-13 10:26:00+00:00
[2025-10-13T10:26:51.750+0000] {processor.py:183} INFO - Processing /opt/airflow/dags/minio_to_snowflake.py took 1.194 seconds
[2025-10-13T10:27:21.942+0000] {processor.py:161} INFO - Started process (PID=56480) to work on /opt/airflow/dags/minio_to_snowflake.py
[2025-10-13T10:27:21.944+0000] {processor.py:830} INFO - Processing file /opt/airflow/dags/minio_to_snowflake.py for tasks to queue
[2025-10-13T10:27:21.947+0000] {logging_mixin.py:188} INFO - [2025-10-13T10:27:21.946+0000] {dagbag.py:545} INFO - Filling up the DagBag from /opt/airflow/dags/minio_to_snowflake.py
[2025-10-13T10:27:23.243+0000] {processor.py:840} INFO - DAG(s) 'minio_to_snowflake' retrieved from /opt/airflow/dags/minio_to_snowflake.py
[2025-10-13T10:27:23.290+0000] {logging_mixin.py:188} INFO - [2025-10-13T10:27:23.289+0000] {dag.py:3089} INFO - Sync 1 DAGs
[2025-10-13T10:27:23.718+0000] {logging_mixin.py:188} INFO - [2025-10-13T10:27:23.717+0000] {dag.py:3947} INFO - Setting next_dagrun for minio_to_snowflake to 2025-10-13 10:26:00+00:00, run_after=2025-10-13 10:27:00+00:00
[2025-10-13T10:27:23.765+0000] {processor.py:183} INFO - Processing /opt/airflow/dags/minio_to_snowflake.py took 1.831 seconds
[2025-10-13T10:27:54.098+0000] {processor.py:161} INFO - Started process (PID=56639) to work on /opt/airflow/dags/minio_to_snowflake.py
[2025-10-13T10:27:54.100+0000] {processor.py:830} INFO - Processing file /opt/airflow/dags/minio_to_snowflake.py for tasks to queue
[2025-10-13T10:27:54.106+0000] {logging_mixin.py:188} INFO - [2025-10-13T10:27:54.105+0000] {dagbag.py:545} INFO - Filling up the DagBag from /opt/airflow/dags/minio_to_snowflake.py
[2025-10-13T10:27:55.158+0000] {processor.py:840} INFO - DAG(s) 'minio_to_snowflake' retrieved from /opt/airflow/dags/minio_to_snowflake.py
[2025-10-13T10:27:55.732+0000] {logging_mixin.py:188} INFO - [2025-10-13T10:27:55.200+0000] {dag.py:3089} INFO - Sync 1 DAGs
[2025-10-13T10:27:55.816+0000] {logging_mixin.py:188} INFO - [2025-10-13T10:27:55.816+0000] {dag.py:3947} INFO - Setting next_dagrun for minio_to_snowflake to 2025-10-13 10:27:00+00:00, run_after=2025-10-13 10:28:00+00:00
[2025-10-13T10:27:55.851+0000] {processor.py:183} INFO - Processing /opt/airflow/dags/minio_to_snowflake.py took 1.767 seconds
[2025-10-13T10:28:26.271+0000] {processor.py:161} INFO - Started process (PID=58678) to work on /opt/airflow/dags/minio_to_snowflake.py
[2025-10-13T10:28:26.274+0000] {processor.py:830} INFO - Processing file /opt/airflow/dags/minio_to_snowflake.py for tasks to queue
[2025-10-13T10:28:26.282+0000] {logging_mixin.py:188} INFO - [2025-10-13T10:28:26.281+0000] {dagbag.py:545} INFO - Filling up the DagBag from /opt/airflow/dags/minio_to_snowflake.py
[2025-10-13T10:28:27.636+0000] {processor.py:840} INFO - DAG(s) 'minio_to_snowflake' retrieved from /opt/airflow/dags/minio_to_snowflake.py
[2025-10-13T10:28:27.920+0000] {logging_mixin.py:188} INFO - [2025-10-13T10:28:27.919+0000] {dag.py:3089} INFO - Sync 1 DAGs
[2025-10-13T10:28:27.958+0000] {logging_mixin.py:188} INFO - [2025-10-13T10:28:27.958+0000] {dag.py:3947} INFO - Setting next_dagrun for minio_to_snowflake to 2025-10-13 10:27:00+00:00, run_after=2025-10-13 10:28:00+00:00
[2025-10-13T10:28:27.999+0000] {processor.py:183} INFO - Processing /opt/airflow/dags/minio_to_snowflake.py took 1.740 seconds
[2025-10-13T10:29:08.278+0000] {processor.py:161} INFO - Started process (PID=58801) to work on /opt/airflow/dags/minio_to_snowflake.py
[2025-10-13T10:29:08.279+0000] {processor.py:830} INFO - Processing file /opt/airflow/dags/minio_to_snowflake.py for tasks to queue
[2025-10-13T10:29:08.334+0000] {logging_mixin.py:188} INFO - [2025-10-13T10:29:08.333+0000] {dagbag.py:545} INFO - Filling up the DagBag from /opt/airflow/dags/minio_to_snowflake.py
[2025-10-13T10:29:11.971+0000] {processor.py:840} INFO - DAG(s) 'minio_to_snowflake' retrieved from /opt/airflow/dags/minio_to_snowflake.py
[2025-10-13T10:29:12.171+0000] {logging_mixin.py:188} INFO - [2025-10-13T10:29:12.170+0000] {dag.py:3089} INFO - Sync 1 DAGs
[2025-10-13T10:29:12.234+0000] {logging_mixin.py:188} INFO - [2025-10-13T10:29:12.234+0000] {dag.py:3947} INFO - Setting next_dagrun for minio_to_snowflake to 2025-10-13 10:28:00+00:00, run_after=2025-10-13 10:29:00+00:00
[2025-10-13T10:29:12.291+0000] {processor.py:183} INFO - Processing /opt/airflow/dags/minio_to_snowflake.py took 4.029 seconds
[2025-10-13T10:29:42.629+0000] {processor.py:161} INFO - Started process (PID=59008) to work on /opt/airflow/dags/minio_to_snowflake.py
[2025-10-13T10:29:42.631+0000] {processor.py:830} INFO - Processing file /opt/airflow/dags/minio_to_snowflake.py for tasks to queue
[2025-10-13T10:29:42.634+0000] {logging_mixin.py:188} INFO - [2025-10-13T10:29:42.634+0000] {dagbag.py:545} INFO - Filling up the DagBag from /opt/airflow/dags/minio_to_snowflake.py
[2025-10-13T10:29:43.472+0000] {processor.py:840} INFO - DAG(s) 'minio_to_snowflake' retrieved from /opt/airflow/dags/minio_to_snowflake.py
[2025-10-13T10:29:43.496+0000] {logging_mixin.py:188} INFO - [2025-10-13T10:29:43.495+0000] {dag.py:3089} INFO - Sync 1 DAGs
[2025-10-13T10:29:43.518+0000] {logging_mixin.py:188} INFO - [2025-10-13T10:29:43.518+0000] {dag.py:3947} INFO - Setting next_dagrun for minio_to_snowflake to 2025-10-13 10:28:00+00:00, run_after=2025-10-13 10:29:00+00:00
[2025-10-13T10:29:43.537+0000] {processor.py:183} INFO - Processing /opt/airflow/dags/minio_to_snowflake.py took 0.920 seconds
[2025-10-13T10:30:13.872+0000] {processor.py:161} INFO - Started process (PID=59212) to work on /opt/airflow/dags/minio_to_snowflake.py
[2025-10-13T10:30:13.874+0000] {processor.py:830} INFO - Processing file /opt/airflow/dags/minio_to_snowflake.py for tasks to queue
[2025-10-13T10:30:13.879+0000] {logging_mixin.py:188} INFO - [2025-10-13T10:30:13.879+0000] {dagbag.py:545} INFO - Filling up the DagBag from /opt/airflow/dags/minio_to_snowflake.py
[2025-10-13T10:30:14.766+0000] {processor.py:840} INFO - DAG(s) 'minio_to_snowflake' retrieved from /opt/airflow/dags/minio_to_snowflake.py
[2025-10-13T10:30:14.807+0000] {logging_mixin.py:188} INFO - [2025-10-13T10:30:14.805+0000] {dag.py:3089} INFO - Sync 1 DAGs
[2025-10-13T10:30:14.846+0000] {logging_mixin.py:188} INFO - [2025-10-13T10:30:14.845+0000] {dag.py:3947} INFO - Setting next_dagrun for minio_to_snowflake to 2025-10-13 10:29:00+00:00, run_after=2025-10-13 10:30:00+00:00
[2025-10-13T10:30:14.872+0000] {processor.py:183} INFO - Processing /opt/airflow/dags/minio_to_snowflake.py took 1.010 seconds
[2025-10-13T10:30:45.166+0000] {processor.py:161} INFO - Started process (PID=59413) to work on /opt/airflow/dags/minio_to_snowflake.py
[2025-10-13T10:30:45.168+0000] {processor.py:830} INFO - Processing file /opt/airflow/dags/minio_to_snowflake.py for tasks to queue
[2025-10-13T10:30:45.171+0000] {logging_mixin.py:188} INFO - [2025-10-13T10:30:45.170+0000] {dagbag.py:545} INFO - Filling up the DagBag from /opt/airflow/dags/minio_to_snowflake.py
[2025-10-13T10:30:45.791+0000] {processor.py:840} INFO - DAG(s) 'minio_to_snowflake' retrieved from /opt/airflow/dags/minio_to_snowflake.py
[2025-10-13T10:30:45.848+0000] {logging_mixin.py:188} INFO - [2025-10-13T10:30:45.845+0000] {dag.py:3089} INFO - Sync 1 DAGs
[2025-10-13T10:30:46.142+0000] {logging_mixin.py:188} INFO - [2025-10-13T10:30:46.142+0000] {dag.py:3947} INFO - Setting next_dagrun for minio_to_snowflake to 2025-10-13 10:29:00+00:00, run_after=2025-10-13 10:30:00+00:00
[2025-10-13T10:30:46.172+0000] {processor.py:183} INFO - Processing /opt/airflow/dags/minio_to_snowflake.py took 1.012 seconds
[2025-10-13T10:31:16.406+0000] {processor.py:161} INFO - Started process (PID=59609) to work on /opt/airflow/dags/minio_to_snowflake.py
[2025-10-13T10:31:16.409+0000] {processor.py:830} INFO - Processing file /opt/airflow/dags/minio_to_snowflake.py for tasks to queue
[2025-10-13T10:31:16.413+0000] {logging_mixin.py:188} INFO - [2025-10-13T10:31:16.413+0000] {dagbag.py:545} INFO - Filling up the DagBag from /opt/airflow/dags/minio_to_snowflake.py
[2025-10-13T10:31:17.597+0000] {processor.py:840} INFO - DAG(s) 'minio_to_snowflake' retrieved from /opt/airflow/dags/minio_to_snowflake.py
[2025-10-13T10:31:18.025+0000] {logging_mixin.py:188} INFO - [2025-10-13T10:31:17.628+0000] {dag.py:3089} INFO - Sync 1 DAGs
[2025-10-13T10:31:18.075+0000] {logging_mixin.py:188} INFO - [2025-10-13T10:31:18.075+0000] {dag.py:3947} INFO - Setting next_dagrun for minio_to_snowflake to 2025-10-13 10:30:00+00:00, run_after=2025-10-13 10:31:00+00:00
[2025-10-13T10:31:18.114+0000] {processor.py:183} INFO - Processing /opt/airflow/dags/minio_to_snowflake.py took 1.718 seconds
[2025-10-13T10:31:48.653+0000] {processor.py:161} INFO - Started process (PID=61693) to work on /opt/airflow/dags/minio_to_snowflake.py
[2025-10-13T10:31:48.654+0000] {processor.py:830} INFO - Processing file /opt/airflow/dags/minio_to_snowflake.py for tasks to queue
[2025-10-13T10:31:48.658+0000] {logging_mixin.py:188} INFO - [2025-10-13T10:31:48.657+0000] {dagbag.py:545} INFO - Filling up the DagBag from /opt/airflow/dags/minio_to_snowflake.py
[2025-10-13T10:31:49.370+0000] {processor.py:840} INFO - DAG(s) 'minio_to_snowflake' retrieved from /opt/airflow/dags/minio_to_snowflake.py
[2025-10-13T10:31:49.564+0000] {logging_mixin.py:188} INFO - [2025-10-13T10:31:49.563+0000] {dag.py:3089} INFO - Sync 1 DAGs
[2025-10-13T10:31:49.591+0000] {logging_mixin.py:188} INFO - [2025-10-13T10:31:49.591+0000] {dag.py:3947} INFO - Setting next_dagrun for minio_to_snowflake to 2025-10-13 10:31:00+00:00, run_after=2025-10-13 10:32:00+00:00
[2025-10-13T10:31:49.610+0000] {processor.py:183} INFO - Processing /opt/airflow/dags/minio_to_snowflake.py took 0.967 seconds
[2025-10-13T10:32:19.926+0000] {processor.py:161} INFO - Started process (PID=61886) to work on /opt/airflow/dags/minio_to_snowflake.py
[2025-10-13T10:32:19.930+0000] {processor.py:830} INFO - Processing file /opt/airflow/dags/minio_to_snowflake.py for tasks to queue
[2025-10-13T10:32:19.939+0000] {logging_mixin.py:188} INFO - [2025-10-13T10:32:19.938+0000] {dagbag.py:545} INFO - Filling up the DagBag from /opt/airflow/dags/minio_to_snowflake.py
[2025-10-13T10:32:20.911+0000] {processor.py:840} INFO - DAG(s) 'minio_to_snowflake' retrieved from /opt/airflow/dags/minio_to_snowflake.py
[2025-10-13T10:32:20.938+0000] {logging_mixin.py:188} INFO - [2025-10-13T10:32:20.938+0000] {dag.py:3089} INFO - Sync 1 DAGs
[2025-10-13T10:32:20.964+0000] {logging_mixin.py:188} INFO - [2025-10-13T10:32:20.964+0000] {dag.py:3947} INFO - Setting next_dagrun for minio_to_snowflake to 2025-10-13 10:31:00+00:00, run_after=2025-10-13 10:32:00+00:00
[2025-10-13T10:32:20.986+0000] {processor.py:183} INFO - Processing /opt/airflow/dags/minio_to_snowflake.py took 1.070 seconds
[2025-10-13T11:38:18.295+0000] {processor.py:161} INFO - Started process (PID=61949) to work on /opt/airflow/dags/minio_to_snowflake.py
[2025-10-13T11:38:18.336+0000] {processor.py:830} INFO - Processing file /opt/airflow/dags/minio_to_snowflake.py for tasks to queue
[2025-10-13T11:38:18.386+0000] {logging_mixin.py:188} INFO - [2025-10-13T11:38:18.386+0000] {dagbag.py:545} INFO - Filling up the DagBag from /opt/airflow/dags/minio_to_snowflake.py
[2025-10-13T11:38:26.087+0000] {processor.py:840} INFO - DAG(s) 'minio_to_snowflake' retrieved from /opt/airflow/dags/minio_to_snowflake.py
[2025-10-13T11:38:26.158+0000] {logging_mixin.py:188} INFO - [2025-10-13T11:38:26.158+0000] {dag.py:3089} INFO - Sync 1 DAGs
[2025-10-13T11:38:26.547+0000] {logging_mixin.py:188} INFO - [2025-10-13T11:38:26.546+0000] {dag.py:3947} INFO - Setting next_dagrun for minio_to_snowflake to 2025-10-13 11:37:00+00:00, run_after=2025-10-13 11:38:00+00:00
[2025-10-13T11:38:26.723+0000] {processor.py:183} INFO - Processing /opt/airflow/dags/minio_to_snowflake.py took 8.461 seconds
[2025-10-13T11:38:56.947+0000] {processor.py:161} INFO - Started process (PID=62126) to work on /opt/airflow/dags/minio_to_snowflake.py
[2025-10-13T11:38:56.948+0000] {processor.py:830} INFO - Processing file /opt/airflow/dags/minio_to_snowflake.py for tasks to queue
[2025-10-13T11:38:56.953+0000] {logging_mixin.py:188} INFO - [2025-10-13T11:38:56.952+0000] {dagbag.py:545} INFO - Filling up the DagBag from /opt/airflow/dags/minio_to_snowflake.py
[2025-10-13T11:38:58.569+0000] {processor.py:840} INFO - DAG(s) 'minio_to_snowflake' retrieved from /opt/airflow/dags/minio_to_snowflake.py
[2025-10-13T11:38:58.606+0000] {logging_mixin.py:188} INFO - [2025-10-13T11:38:58.605+0000] {dag.py:3089} INFO - Sync 1 DAGs
[2025-10-13T11:38:58.650+0000] {logging_mixin.py:188} INFO - [2025-10-13T11:38:58.650+0000] {dag.py:3947} INFO - Setting next_dagrun for minio_to_snowflake to 2025-10-13 11:37:00+00:00, run_after=2025-10-13 11:38:00+00:00
[2025-10-13T11:38:58.681+0000] {processor.py:183} INFO - Processing /opt/airflow/dags/minio_to_snowflake.py took 1.743 seconds
[2025-10-13T11:39:28.938+0000] {processor.py:161} INFO - Started process (PID=62332) to work on /opt/airflow/dags/minio_to_snowflake.py
[2025-10-13T11:39:28.940+0000] {processor.py:830} INFO - Processing file /opt/airflow/dags/minio_to_snowflake.py for tasks to queue
[2025-10-13T11:39:28.944+0000] {logging_mixin.py:188} INFO - [2025-10-13T11:39:28.943+0000] {dagbag.py:545} INFO - Filling up the DagBag from /opt/airflow/dags/minio_to_snowflake.py
[2025-10-13T11:39:29.696+0000] {processor.py:840} INFO - DAG(s) 'minio_to_snowflake' retrieved from /opt/airflow/dags/minio_to_snowflake.py
[2025-10-13T11:39:29.732+0000] {logging_mixin.py:188} INFO - [2025-10-13T11:39:29.730+0000] {dag.py:3089} INFO - Sync 1 DAGs
[2025-10-13T11:39:30.050+0000] {logging_mixin.py:188} INFO - [2025-10-13T11:39:30.050+0000] {dag.py:3947} INFO - Setting next_dagrun for minio_to_snowflake to 2025-10-13 11:38:00+00:00, run_after=2025-10-13 11:39:00+00:00
[2025-10-13T11:39:30.079+0000] {processor.py:183} INFO - Processing /opt/airflow/dags/minio_to_snowflake.py took 1.149 seconds
[2025-10-13T11:40:00.171+0000] {processor.py:161} INFO - Started process (PID=62539) to work on /opt/airflow/dags/minio_to_snowflake.py
[2025-10-13T11:40:00.174+0000] {processor.py:830} INFO - Processing file /opt/airflow/dags/minio_to_snowflake.py for tasks to queue
[2025-10-13T11:40:00.178+0000] {logging_mixin.py:188} INFO - [2025-10-13T11:40:00.177+0000] {dagbag.py:545} INFO - Filling up the DagBag from /opt/airflow/dags/minio_to_snowflake.py
[2025-10-13T11:40:00.923+0000] {processor.py:840} INFO - DAG(s) 'minio_to_snowflake' retrieved from /opt/airflow/dags/minio_to_snowflake.py
[2025-10-13T11:40:01.224+0000] {logging_mixin.py:188} INFO - [2025-10-13T11:40:00.965+0000] {dag.py:3089} INFO - Sync 1 DAGs
[2025-10-13T11:40:01.253+0000] {logging_mixin.py:188} INFO - [2025-10-13T11:40:01.253+0000] {dag.py:3947} INFO - Setting next_dagrun for minio_to_snowflake to 2025-10-13 11:39:00+00:00, run_after=2025-10-13 11:40:00+00:00
[2025-10-13T11:40:01.277+0000] {processor.py:183} INFO - Processing /opt/airflow/dags/minio_to_snowflake.py took 1.121 seconds
[2025-10-13T11:40:31.578+0000] {processor.py:161} INFO - Started process (PID=62721) to work on /opt/airflow/dags/minio_to_snowflake.py
[2025-10-13T11:40:31.580+0000] {processor.py:830} INFO - Processing file /opt/airflow/dags/minio_to_snowflake.py for tasks to queue
[2025-10-13T11:40:31.584+0000] {logging_mixin.py:188} INFO - [2025-10-13T11:40:31.583+0000] {dagbag.py:545} INFO - Filling up the DagBag from /opt/airflow/dags/minio_to_snowflake.py
[2025-10-13T11:40:32.259+0000] {processor.py:840} INFO - DAG(s) 'minio_to_snowflake' retrieved from /opt/airflow/dags/minio_to_snowflake.py
[2025-10-13T11:40:32.475+0000] {logging_mixin.py:188} INFO - [2025-10-13T11:40:32.473+0000] {dag.py:3089} INFO - Sync 1 DAGs
[2025-10-13T11:40:32.496+0000] {logging_mixin.py:188} INFO - [2025-10-13T11:40:32.496+0000] {dag.py:3947} INFO - Setting next_dagrun for minio_to_snowflake to 2025-10-13 11:39:00+00:00, run_after=2025-10-13 11:40:00+00:00
[2025-10-13T11:40:32.515+0000] {processor.py:183} INFO - Processing /opt/airflow/dags/minio_to_snowflake.py took 0.950 seconds
[2025-10-13T11:41:02.949+0000] {processor.py:161} INFO - Started process (PID=64751) to work on /opt/airflow/dags/minio_to_snowflake.py
[2025-10-13T11:41:02.951+0000] {processor.py:830} INFO - Processing file /opt/airflow/dags/minio_to_snowflake.py for tasks to queue
[2025-10-13T11:41:02.955+0000] {logging_mixin.py:188} INFO - [2025-10-13T11:41:02.955+0000] {dagbag.py:545} INFO - Filling up the DagBag from /opt/airflow/dags/minio_to_snowflake.py
[2025-10-13T11:41:04.005+0000] {processor.py:840} INFO - DAG(s) 'minio_to_snowflake' retrieved from /opt/airflow/dags/minio_to_snowflake.py
[2025-10-13T11:41:04.031+0000] {logging_mixin.py:188} INFO - [2025-10-13T11:41:04.030+0000] {dag.py:3089} INFO - Sync 1 DAGs
[2025-10-13T11:41:04.055+0000] {logging_mixin.py:188} INFO - [2025-10-13T11:41:04.055+0000] {dag.py:3947} INFO - Setting next_dagrun for minio_to_snowflake to 2025-10-13 11:40:00+00:00, run_after=2025-10-13 11:41:00+00:00
[2025-10-13T11:41:04.078+0000] {processor.py:183} INFO - Processing /opt/airflow/dags/minio_to_snowflake.py took 1.140 seconds
[2025-10-13T11:41:34.177+0000] {processor.py:161} INFO - Started process (PID=64959) to work on /opt/airflow/dags/minio_to_snowflake.py
[2025-10-13T11:41:34.178+0000] {processor.py:830} INFO - Processing file /opt/airflow/dags/minio_to_snowflake.py for tasks to queue
[2025-10-13T11:41:34.181+0000] {logging_mixin.py:188} INFO - [2025-10-13T11:41:34.180+0000] {dagbag.py:545} INFO - Filling up the DagBag from /opt/airflow/dags/minio_to_snowflake.py
[2025-10-13T11:41:35.404+0000] {processor.py:840} INFO - DAG(s) 'minio_to_snowflake' retrieved from /opt/airflow/dags/minio_to_snowflake.py
[2025-10-13T11:41:35.432+0000] {logging_mixin.py:188} INFO - [2025-10-13T11:41:35.432+0000] {dag.py:3089} INFO - Sync 1 DAGs
[2025-10-13T11:41:35.455+0000] {logging_mixin.py:188} INFO - [2025-10-13T11:41:35.454+0000] {dag.py:3947} INFO - Setting next_dagrun for minio_to_snowflake to 2025-10-13 11:40:00+00:00, run_after=2025-10-13 11:41:00+00:00
[2025-10-13T11:41:35.476+0000] {processor.py:183} INFO - Processing /opt/airflow/dags/minio_to_snowflake.py took 1.307 seconds
[2025-10-13T11:42:05.691+0000] {processor.py:161} INFO - Started process (PID=65151) to work on /opt/airflow/dags/minio_to_snowflake.py
[2025-10-13T11:42:05.692+0000] {processor.py:830} INFO - Processing file /opt/airflow/dags/minio_to_snowflake.py for tasks to queue
[2025-10-13T11:42:05.695+0000] {logging_mixin.py:188} INFO - [2025-10-13T11:42:05.694+0000] {dagbag.py:545} INFO - Filling up the DagBag from /opt/airflow/dags/minio_to_snowflake.py
[2025-10-13T11:42:06.811+0000] {processor.py:840} INFO - DAG(s) 'minio_to_snowflake' retrieved from /opt/airflow/dags/minio_to_snowflake.py
[2025-10-13T11:42:06.844+0000] {logging_mixin.py:188} INFO - [2025-10-13T11:42:06.843+0000] {dag.py:3089} INFO - Sync 1 DAGs
[2025-10-13T11:42:06.873+0000] {logging_mixin.py:188} INFO - [2025-10-13T11:42:06.873+0000] {dag.py:3947} INFO - Setting next_dagrun for minio_to_snowflake to 2025-10-13 11:41:00+00:00, run_after=2025-10-13 11:42:00+00:00
[2025-10-13T11:42:06.892+0000] {processor.py:183} INFO - Processing /opt/airflow/dags/minio_to_snowflake.py took 1.208 seconds
[2025-10-13T11:42:37.305+0000] {processor.py:161} INFO - Started process (PID=65333) to work on /opt/airflow/dags/minio_to_snowflake.py
[2025-10-13T11:42:37.306+0000] {processor.py:830} INFO - Processing file /opt/airflow/dags/minio_to_snowflake.py for tasks to queue
[2025-10-13T11:42:37.308+0000] {logging_mixin.py:188} INFO - [2025-10-13T11:42:37.308+0000] {dagbag.py:545} INFO - Filling up the DagBag from /opt/airflow/dags/minio_to_snowflake.py
[2025-10-13T11:42:37.995+0000] {processor.py:840} INFO - DAG(s) 'minio_to_snowflake' retrieved from /opt/airflow/dags/minio_to_snowflake.py
[2025-10-13T11:42:38.180+0000] {logging_mixin.py:188} INFO - [2025-10-13T11:42:38.022+0000] {dag.py:3089} INFO - Sync 1 DAGs
[2025-10-13T11:42:38.202+0000] {logging_mixin.py:188} INFO - [2025-10-13T11:42:38.202+0000] {dag.py:3947} INFO - Setting next_dagrun for minio_to_snowflake to 2025-10-13 11:41:00+00:00, run_after=2025-10-13 11:42:00+00:00
[2025-10-13T11:42:38.219+0000] {processor.py:183} INFO - Processing /opt/airflow/dags/minio_to_snowflake.py took 0.920 seconds
[2025-10-13T11:43:08.437+0000] {processor.py:161} INFO - Started process (PID=65544) to work on /opt/airflow/dags/minio_to_snowflake.py
[2025-10-13T11:43:08.438+0000] {processor.py:830} INFO - Processing file /opt/airflow/dags/minio_to_snowflake.py for tasks to queue
[2025-10-13T11:43:08.441+0000] {logging_mixin.py:188} INFO - [2025-10-13T11:43:08.441+0000] {dagbag.py:545} INFO - Filling up the DagBag from /opt/airflow/dags/minio_to_snowflake.py
[2025-10-13T11:43:09.014+0000] {processor.py:840} INFO - DAG(s) 'minio_to_snowflake' retrieved from /opt/airflow/dags/minio_to_snowflake.py
[2025-10-13T11:43:09.195+0000] {logging_mixin.py:188} INFO - [2025-10-13T11:43:09.195+0000] {dag.py:3089} INFO - Sync 1 DAGs
[2025-10-13T11:43:09.215+0000] {logging_mixin.py:188} INFO - [2025-10-13T11:43:09.215+0000] {dag.py:3947} INFO - Setting next_dagrun for minio_to_snowflake to 2025-10-13 11:42:00+00:00, run_after=2025-10-13 11:43:00+00:00
[2025-10-13T11:43:09.235+0000] {processor.py:183} INFO - Processing /opt/airflow/dags/minio_to_snowflake.py took 0.808 seconds
[2025-10-13T11:43:39.513+0000] {processor.py:161} INFO - Started process (PID=65740) to work on /opt/airflow/dags/minio_to_snowflake.py
[2025-10-13T11:43:39.518+0000] {processor.py:830} INFO - Processing file /opt/airflow/dags/minio_to_snowflake.py for tasks to queue
[2025-10-13T11:43:39.523+0000] {logging_mixin.py:188} INFO - [2025-10-13T11:43:39.523+0000] {dagbag.py:545} INFO - Filling up the DagBag from /opt/airflow/dags/minio_to_snowflake.py
[2025-10-13T11:43:40.703+0000] {processor.py:840} INFO - DAG(s) 'minio_to_snowflake' retrieved from /opt/airflow/dags/minio_to_snowflake.py
[2025-10-13T11:43:40.728+0000] {logging_mixin.py:188} INFO - [2025-10-13T11:43:40.728+0000] {dag.py:3089} INFO - Sync 1 DAGs
[2025-10-13T11:43:40.750+0000] {logging_mixin.py:188} INFO - [2025-10-13T11:43:40.750+0000] {dag.py:3947} INFO - Setting next_dagrun for minio_to_snowflake to 2025-10-13 11:42:00+00:00, run_after=2025-10-13 11:43:00+00:00
[2025-10-13T11:43:40.773+0000] {processor.py:183} INFO - Processing /opt/airflow/dags/minio_to_snowflake.py took 1.298 seconds
[2025-10-13T11:44:11.113+0000] {processor.py:161} INFO - Started process (PID=67830) to work on /opt/airflow/dags/minio_to_snowflake.py
[2025-10-13T11:44:11.114+0000] {processor.py:830} INFO - Processing file /opt/airflow/dags/minio_to_snowflake.py for tasks to queue
[2025-10-13T11:44:11.116+0000] {logging_mixin.py:188} INFO - [2025-10-13T11:44:11.116+0000] {dagbag.py:545} INFO - Filling up the DagBag from /opt/airflow/dags/minio_to_snowflake.py
[2025-10-13T11:44:12.067+0000] {processor.py:840} INFO - DAG(s) 'minio_to_snowflake' retrieved from /opt/airflow/dags/minio_to_snowflake.py
[2025-10-13T11:44:12.116+0000] {logging_mixin.py:188} INFO - [2025-10-13T11:44:12.115+0000] {dag.py:3089} INFO - Sync 1 DAGs
[2025-10-13T11:44:12.148+0000] {logging_mixin.py:188} INFO - [2025-10-13T11:44:12.147+0000] {dag.py:3947} INFO - Setting next_dagrun for minio_to_snowflake to 2025-10-13 11:43:00+00:00, run_after=2025-10-13 11:44:00+00:00
[2025-10-13T11:44:12.173+0000] {processor.py:183} INFO - Processing /opt/airflow/dags/minio_to_snowflake.py took 1.067 seconds
[2025-10-13T11:44:42.322+0000] {processor.py:161} INFO - Started process (PID=68037) to work on /opt/airflow/dags/minio_to_snowflake.py
[2025-10-13T11:44:42.324+0000] {processor.py:830} INFO - Processing file /opt/airflow/dags/minio_to_snowflake.py for tasks to queue
[2025-10-13T11:44:42.326+0000] {logging_mixin.py:188} INFO - [2025-10-13T11:44:42.325+0000] {dagbag.py:545} INFO - Filling up the DagBag from /opt/airflow/dags/minio_to_snowflake.py
[2025-10-13T11:44:42.995+0000] {processor.py:840} INFO - DAG(s) 'minio_to_snowflake' retrieved from /opt/airflow/dags/minio_to_snowflake.py
[2025-10-13T11:44:43.019+0000] {logging_mixin.py:188} INFO - [2025-10-13T11:44:43.019+0000] {dag.py:3089} INFO - Sync 1 DAGs
[2025-10-13T11:44:43.041+0000] {logging_mixin.py:188} INFO - [2025-10-13T11:44:43.040+0000] {dag.py:3947} INFO - Setting next_dagrun for minio_to_snowflake to 2025-10-13 11:43:00+00:00, run_after=2025-10-13 11:44:00+00:00
[2025-10-13T11:44:43.060+0000] {processor.py:183} INFO - Processing /opt/airflow/dags/minio_to_snowflake.py took 0.744 seconds
[2025-10-13T11:45:13.304+0000] {processor.py:161} INFO - Started process (PID=68246) to work on /opt/airflow/dags/minio_to_snowflake.py
[2025-10-13T11:45:13.307+0000] {processor.py:830} INFO - Processing file /opt/airflow/dags/minio_to_snowflake.py for tasks to queue
[2025-10-13T11:45:13.309+0000] {logging_mixin.py:188} INFO - [2025-10-13T11:45:13.308+0000] {dagbag.py:545} INFO - Filling up the DagBag from /opt/airflow/dags/minio_to_snowflake.py
[2025-10-13T11:45:14.044+0000] {processor.py:840} INFO - DAG(s) 'minio_to_snowflake' retrieved from /opt/airflow/dags/minio_to_snowflake.py
[2025-10-13T11:45:14.067+0000] {logging_mixin.py:188} INFO - [2025-10-13T11:45:14.066+0000] {dag.py:3089} INFO - Sync 1 DAGs
[2025-10-13T11:45:14.089+0000] {logging_mixin.py:188} INFO - [2025-10-13T11:45:14.088+0000] {dag.py:3947} INFO - Setting next_dagrun for minio_to_snowflake to 2025-10-13 11:44:00+00:00, run_after=2025-10-13 11:45:00+00:00
[2025-10-13T11:45:14.105+0000] {processor.py:183} INFO - Processing /opt/airflow/dags/minio_to_snowflake.py took 0.819 seconds
[2025-10-13T11:45:44.334+0000] {processor.py:161} INFO - Started process (PID=68453) to work on /opt/airflow/dags/minio_to_snowflake.py
[2025-10-13T11:45:44.335+0000] {processor.py:830} INFO - Processing file /opt/airflow/dags/minio_to_snowflake.py for tasks to queue
[2025-10-13T11:45:44.338+0000] {logging_mixin.py:188} INFO - [2025-10-13T11:45:44.338+0000] {dagbag.py:545} INFO - Filling up the DagBag from /opt/airflow/dags/minio_to_snowflake.py
[2025-10-13T11:45:45.374+0000] {processor.py:840} INFO - DAG(s) 'minio_to_snowflake' retrieved from /opt/airflow/dags/minio_to_snowflake.py
[2025-10-13T11:45:45.581+0000] {logging_mixin.py:188} INFO - [2025-10-13T11:45:45.405+0000] {dag.py:3089} INFO - Sync 1 DAGs
[2025-10-13T11:45:45.601+0000] {logging_mixin.py:188} INFO - [2025-10-13T11:45:45.600+0000] {dag.py:3947} INFO - Setting next_dagrun for minio_to_snowflake to 2025-10-13 11:44:00+00:00, run_after=2025-10-13 11:45:00+00:00
[2025-10-13T11:45:45.620+0000] {processor.py:183} INFO - Processing /opt/airflow/dags/minio_to_snowflake.py took 1.300 seconds
[2025-10-13T11:46:15.849+0000] {processor.py:161} INFO - Started process (PID=68662) to work on /opt/airflow/dags/minio_to_snowflake.py
[2025-10-13T11:46:15.851+0000] {processor.py:830} INFO - Processing file /opt/airflow/dags/minio_to_snowflake.py for tasks to queue
[2025-10-13T11:46:15.854+0000] {logging_mixin.py:188} INFO - [2025-10-13T11:46:15.853+0000] {dagbag.py:545} INFO - Filling up the DagBag from /opt/airflow/dags/minio_to_snowflake.py
[2025-10-13T11:46:16.764+0000] {processor.py:840} INFO - DAG(s) 'minio_to_snowflake' retrieved from /opt/airflow/dags/minio_to_snowflake.py
[2025-10-13T11:46:16.951+0000] {logging_mixin.py:188} INFO - [2025-10-13T11:46:16.951+0000] {dag.py:3089} INFO - Sync 1 DAGs
[2025-10-13T11:46:16.979+0000] {logging_mixin.py:188} INFO - [2025-10-13T11:46:16.979+0000] {dag.py:3947} INFO - Setting next_dagrun for minio_to_snowflake to 2025-10-13 11:45:00+00:00, run_after=2025-10-13 11:46:00+00:00
[2025-10-13T11:46:16.997+0000] {processor.py:183} INFO - Processing /opt/airflow/dags/minio_to_snowflake.py took 1.154 seconds
[2025-10-13T11:46:47.340+0000] {processor.py:161} INFO - Started process (PID=69352) to work on /opt/airflow/dags/minio_to_snowflake.py
[2025-10-13T11:46:47.342+0000] {processor.py:830} INFO - Processing file /opt/airflow/dags/minio_to_snowflake.py for tasks to queue
[2025-10-13T11:46:47.344+0000] {logging_mixin.py:188} INFO - [2025-10-13T11:46:47.344+0000] {dagbag.py:545} INFO - Filling up the DagBag from /opt/airflow/dags/minio_to_snowflake.py
[2025-10-13T11:46:48.274+0000] {processor.py:840} INFO - DAG(s) 'minio_to_snowflake' retrieved from /opt/airflow/dags/minio_to_snowflake.py
[2025-10-13T11:46:48.304+0000] {logging_mixin.py:188} INFO - [2025-10-13T11:46:48.304+0000] {dag.py:3089} INFO - Sync 1 DAGs
[2025-10-13T11:46:48.332+0000] {logging_mixin.py:188} INFO - [2025-10-13T11:46:48.332+0000] {dag.py:3947} INFO - Setting next_dagrun for minio_to_snowflake to 2025-10-13 11:46:00+00:00, run_after=2025-10-13 11:47:00+00:00
[2025-10-13T11:46:48.354+0000] {processor.py:183} INFO - Processing /opt/airflow/dags/minio_to_snowflake.py took 1.020 seconds
[2025-10-13T11:47:18.566+0000] {processor.py:161} INFO - Started process (PID=70939) to work on /opt/airflow/dags/minio_to_snowflake.py
[2025-10-13T11:47:18.567+0000] {processor.py:830} INFO - Processing file /opt/airflow/dags/minio_to_snowflake.py for tasks to queue
[2025-10-13T11:47:18.571+0000] {logging_mixin.py:188} INFO - [2025-10-13T11:47:18.570+0000] {dagbag.py:545} INFO - Filling up the DagBag from /opt/airflow/dags/minio_to_snowflake.py
[2025-10-13T11:47:19.460+0000] {processor.py:840} INFO - DAG(s) 'minio_to_snowflake' retrieved from /opt/airflow/dags/minio_to_snowflake.py
[2025-10-13T11:47:19.485+0000] {logging_mixin.py:188} INFO - [2025-10-13T11:47:19.484+0000] {dag.py:3089} INFO - Sync 1 DAGs
[2025-10-13T11:47:19.508+0000] {logging_mixin.py:188} INFO - [2025-10-13T11:47:19.508+0000] {dag.py:3947} INFO - Setting next_dagrun for minio_to_snowflake to 2025-10-13 11:46:00+00:00, run_after=2025-10-13 11:47:00+00:00
[2025-10-13T11:47:19.531+0000] {processor.py:183} INFO - Processing /opt/airflow/dags/minio_to_snowflake.py took 0.973 seconds
[2025-10-13T11:47:49.895+0000] {processor.py:161} INFO - Started process (PID=71131) to work on /opt/airflow/dags/minio_to_snowflake.py
[2025-10-13T11:47:49.897+0000] {processor.py:830} INFO - Processing file /opt/airflow/dags/minio_to_snowflake.py for tasks to queue
[2025-10-13T11:47:49.899+0000] {logging_mixin.py:188} INFO - [2025-10-13T11:47:49.899+0000] {dagbag.py:545} INFO - Filling up the DagBag from /opt/airflow/dags/minio_to_snowflake.py
[2025-10-13T11:47:50.875+0000] {processor.py:840} INFO - DAG(s) 'minio_to_snowflake' retrieved from /opt/airflow/dags/minio_to_snowflake.py
[2025-10-13T11:47:50.922+0000] {logging_mixin.py:188} INFO - [2025-10-13T11:47:50.921+0000] {dag.py:3089} INFO - Sync 1 DAGs
[2025-10-13T11:47:50.967+0000] {logging_mixin.py:188} INFO - [2025-10-13T11:47:50.967+0000] {dag.py:3947} INFO - Setting next_dagrun for minio_to_snowflake to 2025-10-13 11:46:00+00:00, run_after=2025-10-13 11:47:00+00:00
[2025-10-13T11:47:51.004+0000] {processor.py:183} INFO - Processing /opt/airflow/dags/minio_to_snowflake.py took 1.115 seconds
[2025-10-13T11:48:21.287+0000] {processor.py:161} INFO - Started process (PID=71318) to work on /opt/airflow/dags/minio_to_snowflake.py
[2025-10-13T11:48:21.288+0000] {processor.py:830} INFO - Processing file /opt/airflow/dags/minio_to_snowflake.py for tasks to queue
[2025-10-13T11:48:21.290+0000] {logging_mixin.py:188} INFO - [2025-10-13T11:48:21.290+0000] {dagbag.py:545} INFO - Filling up the DagBag from /opt/airflow/dags/minio_to_snowflake.py
[2025-10-13T11:48:21.958+0000] {processor.py:840} INFO - DAG(s) 'minio_to_snowflake' retrieved from /opt/airflow/dags/minio_to_snowflake.py
[2025-10-13T11:48:21.996+0000] {logging_mixin.py:188} INFO - [2025-10-13T11:48:21.994+0000] {dag.py:3089} INFO - Sync 1 DAGs
[2025-10-13T11:48:22.189+0000] {logging_mixin.py:188} INFO - [2025-10-13T11:48:22.188+0000] {dag.py:3947} INFO - Setting next_dagrun for minio_to_snowflake to 2025-10-13 11:47:00+00:00, run_after=2025-10-13 11:48:00+00:00
[2025-10-13T11:48:22.207+0000] {processor.py:183} INFO - Processing /opt/airflow/dags/minio_to_snowflake.py took 0.927 seconds
[2025-10-13T11:48:52.537+0000] {processor.py:161} INFO - Started process (PID=71496) to work on /opt/airflow/dags/minio_to_snowflake.py
[2025-10-13T11:48:52.539+0000] {processor.py:830} INFO - Processing file /opt/airflow/dags/minio_to_snowflake.py for tasks to queue
[2025-10-13T11:48:52.541+0000] {logging_mixin.py:188} INFO - [2025-10-13T11:48:52.541+0000] {dagbag.py:545} INFO - Filling up the DagBag from /opt/airflow/dags/minio_to_snowflake.py
[2025-10-13T11:48:53.172+0000] {processor.py:840} INFO - DAG(s) 'minio_to_snowflake' retrieved from /opt/airflow/dags/minio_to_snowflake.py
[2025-10-13T11:48:53.344+0000] {logging_mixin.py:188} INFO - [2025-10-13T11:48:53.343+0000] {dag.py:3089} INFO - Sync 1 DAGs
[2025-10-13T11:48:53.366+0000] {logging_mixin.py:188} INFO - [2025-10-13T11:48:53.366+0000] {dag.py:3947} INFO - Setting next_dagrun for minio_to_snowflake to 2025-10-13 11:47:00+00:00, run_after=2025-10-13 11:48:00+00:00
[2025-10-13T11:48:53.386+0000] {processor.py:183} INFO - Processing /opt/airflow/dags/minio_to_snowflake.py took 0.854 seconds
[2025-10-13T11:49:23.509+0000] {processor.py:161} INFO - Started process (PID=71687) to work on /opt/airflow/dags/minio_to_snowflake.py
[2025-10-13T11:49:23.510+0000] {processor.py:830} INFO - Processing file /opt/airflow/dags/minio_to_snowflake.py for tasks to queue
[2025-10-13T11:49:23.514+0000] {logging_mixin.py:188} INFO - [2025-10-13T11:49:23.513+0000] {dagbag.py:545} INFO - Filling up the DagBag from /opt/airflow/dags/minio_to_snowflake.py
[2025-10-13T11:49:24.536+0000] {processor.py:840} INFO - DAG(s) 'minio_to_snowflake' retrieved from /opt/airflow/dags/minio_to_snowflake.py
[2025-10-13T11:49:24.562+0000] {logging_mixin.py:188} INFO - [2025-10-13T11:49:24.562+0000] {dag.py:3089} INFO - Sync 1 DAGs
[2025-10-13T11:49:24.641+0000] {logging_mixin.py:188} INFO - [2025-10-13T11:49:24.641+0000] {dag.py:3947} INFO - Setting next_dagrun for minio_to_snowflake to 2025-10-13 11:48:00+00:00, run_after=2025-10-13 11:49:00+00:00
[2025-10-13T11:49:24.696+0000] {processor.py:183} INFO - Processing /opt/airflow/dags/minio_to_snowflake.py took 1.197 seconds
[2025-10-13T11:49:55.289+0000] {processor.py:161} INFO - Started process (PID=71851) to work on /opt/airflow/dags/minio_to_snowflake.py
[2025-10-13T11:49:55.292+0000] {processor.py:830} INFO - Processing file /opt/airflow/dags/minio_to_snowflake.py for tasks to queue
[2025-10-13T11:49:55.317+0000] {logging_mixin.py:188} INFO - [2025-10-13T11:49:55.317+0000] {dagbag.py:545} INFO - Filling up the DagBag from /opt/airflow/dags/minio_to_snowflake.py
[2025-10-13T11:49:57.047+0000] {processor.py:840} INFO - DAG(s) 'minio_to_snowflake' retrieved from /opt/airflow/dags/minio_to_snowflake.py
[2025-10-13T11:49:57.081+0000] {logging_mixin.py:188} INFO - [2025-10-13T11:49:57.078+0000] {dag.py:3089} INFO - Sync 1 DAGs
[2025-10-13T11:49:57.115+0000] {logging_mixin.py:188} INFO - [2025-10-13T11:49:57.114+0000] {dag.py:3947} INFO - Setting next_dagrun for minio_to_snowflake to 2025-10-13 11:49:00+00:00, run_after=2025-10-13 11:50:00+00:00
[2025-10-13T11:49:57.139+0000] {processor.py:183} INFO - Processing /opt/airflow/dags/minio_to_snowflake.py took 1.860 seconds
[2025-10-13T11:50:27.503+0000] {processor.py:161} INFO - Started process (PID=73964) to work on /opt/airflow/dags/minio_to_snowflake.py
[2025-10-13T11:50:27.504+0000] {processor.py:830} INFO - Processing file /opt/airflow/dags/minio_to_snowflake.py for tasks to queue
[2025-10-13T11:50:27.506+0000] {logging_mixin.py:188} INFO - [2025-10-13T11:50:27.506+0000] {dagbag.py:545} INFO - Filling up the DagBag from /opt/airflow/dags/minio_to_snowflake.py
[2025-10-13T11:50:28.340+0000] {processor.py:840} INFO - DAG(s) 'minio_to_snowflake' retrieved from /opt/airflow/dags/minio_to_snowflake.py
[2025-10-13T11:50:28.369+0000] {logging_mixin.py:188} INFO - [2025-10-13T11:50:28.368+0000] {dag.py:3089} INFO - Sync 1 DAGs
[2025-10-13T11:50:28.393+0000] {logging_mixin.py:188} INFO - [2025-10-13T11:50:28.393+0000] {dag.py:3947} INFO - Setting next_dagrun for minio_to_snowflake to 2025-10-13 11:49:00+00:00, run_after=2025-10-13 11:50:00+00:00
[2025-10-13T11:50:28.422+0000] {processor.py:183} INFO - Processing /opt/airflow/dags/minio_to_snowflake.py took 0.925 seconds
[2025-10-13T11:50:58.918+0000] {processor.py:161} INFO - Started process (PID=74169) to work on /opt/airflow/dags/minio_to_snowflake.py
[2025-10-13T11:50:58.920+0000] {processor.py:830} INFO - Processing file /opt/airflow/dags/minio_to_snowflake.py for tasks to queue
[2025-10-13T11:50:58.923+0000] {logging_mixin.py:188} INFO - [2025-10-13T11:50:58.922+0000] {dagbag.py:545} INFO - Filling up the DagBag from /opt/airflow/dags/minio_to_snowflake.py
[2025-10-13T11:50:59.853+0000] {processor.py:840} INFO - DAG(s) 'minio_to_snowflake' retrieved from /opt/airflow/dags/minio_to_snowflake.py
[2025-10-13T11:50:59.883+0000] {logging_mixin.py:188} INFO - [2025-10-13T11:50:59.882+0000] {dag.py:3089} INFO - Sync 1 DAGs
[2025-10-13T11:50:59.913+0000] {logging_mixin.py:188} INFO - [2025-10-13T11:50:59.913+0000] {dag.py:3947} INFO - Setting next_dagrun for minio_to_snowflake to 2025-10-13 11:49:00+00:00, run_after=2025-10-13 11:50:00+00:00
[2025-10-13T11:50:59.939+0000] {processor.py:183} INFO - Processing /opt/airflow/dags/minio_to_snowflake.py took 1.030 seconds
[2025-10-13T11:51:30.255+0000] {processor.py:161} INFO - Started process (PID=74383) to work on /opt/airflow/dags/minio_to_snowflake.py
[2025-10-13T11:51:30.257+0000] {processor.py:830} INFO - Processing file /opt/airflow/dags/minio_to_snowflake.py for tasks to queue
[2025-10-13T11:51:30.260+0000] {logging_mixin.py:188} INFO - [2025-10-13T11:51:30.260+0000] {dagbag.py:545} INFO - Filling up the DagBag from /opt/airflow/dags/minio_to_snowflake.py
[2025-10-13T11:51:31.496+0000] {processor.py:840} INFO - DAG(s) 'minio_to_snowflake' retrieved from /opt/airflow/dags/minio_to_snowflake.py
[2025-10-13T11:51:31.909+0000] {logging_mixin.py:188} INFO - [2025-10-13T11:51:31.909+0000] {dag.py:3089} INFO - Sync 1 DAGs
[2025-10-13T11:51:31.938+0000] {logging_mixin.py:188} INFO - [2025-10-13T11:51:31.938+0000] {dag.py:3947} INFO - Setting next_dagrun for minio_to_snowflake to 2025-10-13 11:50:00+00:00, run_after=2025-10-13 11:51:00+00:00
[2025-10-13T11:51:31.958+0000] {processor.py:183} INFO - Processing /opt/airflow/dags/minio_to_snowflake.py took 1.710 seconds
[2025-10-13T11:52:02.444+0000] {processor.py:161} INFO - Started process (PID=74606) to work on /opt/airflow/dags/minio_to_snowflake.py
[2025-10-13T11:52:02.446+0000] {processor.py:830} INFO - Processing file /opt/airflow/dags/minio_to_snowflake.py for tasks to queue
[2025-10-13T11:52:02.449+0000] {logging_mixin.py:188} INFO - [2025-10-13T11:52:02.449+0000] {dagbag.py:545} INFO - Filling up the DagBag from /opt/airflow/dags/minio_to_snowflake.py
[2025-10-13T11:52:03.297+0000] {processor.py:840} INFO - DAG(s) 'minio_to_snowflake' retrieved from /opt/airflow/dags/minio_to_snowflake.py
[2025-10-13T11:52:03.325+0000] {logging_mixin.py:188} INFO - [2025-10-13T11:52:03.324+0000] {dag.py:3089} INFO - Sync 1 DAGs
[2025-10-13T11:52:03.354+0000] {logging_mixin.py:188} INFO - [2025-10-13T11:52:03.354+0000] {dag.py:3947} INFO - Setting next_dagrun for minio_to_snowflake to 2025-10-13 11:51:00+00:00, run_after=2025-10-13 11:52:00+00:00
[2025-10-13T11:52:03.380+0000] {processor.py:183} INFO - Processing /opt/airflow/dags/minio_to_snowflake.py took 0.945 seconds
[2025-10-13T11:52:33.836+0000] {processor.py:161} INFO - Started process (PID=74805) to work on /opt/airflow/dags/minio_to_snowflake.py
[2025-10-13T11:52:33.837+0000] {processor.py:830} INFO - Processing file /opt/airflow/dags/minio_to_snowflake.py for tasks to queue
[2025-10-13T11:52:33.840+0000] {logging_mixin.py:188} INFO - [2025-10-13T11:52:33.839+0000] {dagbag.py:545} INFO - Filling up the DagBag from /opt/airflow/dags/minio_to_snowflake.py
[2025-10-13T11:52:34.655+0000] {processor.py:840} INFO - DAG(s) 'minio_to_snowflake' retrieved from /opt/airflow/dags/minio_to_snowflake.py
[2025-10-13T11:52:34.681+0000] {logging_mixin.py:188} INFO - [2025-10-13T11:52:34.681+0000] {dag.py:3089} INFO - Sync 1 DAGs
[2025-10-13T11:52:34.703+0000] {logging_mixin.py:188} INFO - [2025-10-13T11:52:34.703+0000] {dag.py:3947} INFO - Setting next_dagrun for minio_to_snowflake to 2025-10-13 11:51:00+00:00, run_after=2025-10-13 11:52:00+00:00
[2025-10-13T11:52:34.726+0000] {processor.py:183} INFO - Processing /opt/airflow/dags/minio_to_snowflake.py took 0.896 seconds
[2025-10-13T11:53:05.557+0000] {processor.py:161} INFO - Started process (PID=76893) to work on /opt/airflow/dags/minio_to_snowflake.py
[2025-10-13T11:53:05.570+0000] {processor.py:830} INFO - Processing file /opt/airflow/dags/minio_to_snowflake.py for tasks to queue
[2025-10-13T11:53:05.582+0000] {logging_mixin.py:188} INFO - [2025-10-13T11:53:05.581+0000] {dagbag.py:545} INFO - Filling up the DagBag from /opt/airflow/dags/minio_to_snowflake.py
[2025-10-13T11:53:06.864+0000] {processor.py:840} INFO - DAG(s) 'minio_to_snowflake' retrieved from /opt/airflow/dags/minio_to_snowflake.py
[2025-10-13T11:53:06.902+0000] {logging_mixin.py:188} INFO - [2025-10-13T11:53:06.902+0000] {dag.py:3089} INFO - Sync 1 DAGs
[2025-10-13T11:53:06.946+0000] {logging_mixin.py:188} INFO - [2025-10-13T11:53:06.946+0000] {dag.py:3947} INFO - Setting next_dagrun for minio_to_snowflake to 2025-10-13 11:52:00+00:00, run_after=2025-10-13 11:53:00+00:00
[2025-10-13T11:53:07.002+0000] {processor.py:183} INFO - Processing /opt/airflow/dags/minio_to_snowflake.py took 1.454 seconds
[2025-10-13T11:53:37.524+0000] {processor.py:161} INFO - Started process (PID=77066) to work on /opt/airflow/dags/minio_to_snowflake.py
[2025-10-13T11:53:37.525+0000] {processor.py:830} INFO - Processing file /opt/airflow/dags/minio_to_snowflake.py for tasks to queue
[2025-10-13T11:53:37.527+0000] {logging_mixin.py:188} INFO - [2025-10-13T11:53:37.527+0000] {dagbag.py:545} INFO - Filling up the DagBag from /opt/airflow/dags/minio_to_snowflake.py
[2025-10-13T11:53:38.415+0000] {processor.py:840} INFO - DAG(s) 'minio_to_snowflake' retrieved from /opt/airflow/dags/minio_to_snowflake.py
[2025-10-13T11:53:38.442+0000] {logging_mixin.py:188} INFO - [2025-10-13T11:53:38.441+0000] {dag.py:3089} INFO - Sync 1 DAGs
[2025-10-13T11:53:38.468+0000] {logging_mixin.py:188} INFO - [2025-10-13T11:53:38.467+0000] {dag.py:3947} INFO - Setting next_dagrun for minio_to_snowflake to 2025-10-13 11:52:00+00:00, run_after=2025-10-13 11:53:00+00:00
[2025-10-13T11:53:38.488+0000] {processor.py:183} INFO - Processing /opt/airflow/dags/minio_to_snowflake.py took 0.972 seconds
[2025-10-13T11:54:08.812+0000] {processor.py:161} INFO - Started process (PID=77256) to work on /opt/airflow/dags/minio_to_snowflake.py
[2025-10-13T11:54:08.814+0000] {processor.py:830} INFO - Processing file /opt/airflow/dags/minio_to_snowflake.py for tasks to queue
[2025-10-13T11:54:08.817+0000] {logging_mixin.py:188} INFO - [2025-10-13T11:54:08.816+0000] {dagbag.py:545} INFO - Filling up the DagBag from /opt/airflow/dags/minio_to_snowflake.py
[2025-10-13T11:54:09.533+0000] {processor.py:840} INFO - DAG(s) 'minio_to_snowflake' retrieved from /opt/airflow/dags/minio_to_snowflake.py
[2025-10-13T11:54:09.743+0000] {logging_mixin.py:188} INFO - [2025-10-13T11:54:09.564+0000] {dag.py:3089} INFO - Sync 1 DAGs
[2025-10-13T11:54:09.769+0000] {logging_mixin.py:188} INFO - [2025-10-13T11:54:09.769+0000] {dag.py:3947} INFO - Setting next_dagrun for minio_to_snowflake to 2025-10-13 11:53:00+00:00, run_after=2025-10-13 11:54:00+00:00
[2025-10-13T11:54:09.793+0000] {processor.py:183} INFO - Processing /opt/airflow/dags/minio_to_snowflake.py took 1.000 seconds
[2025-10-13T11:54:40.005+0000] {processor.py:161} INFO - Started process (PID=77456) to work on /opt/airflow/dags/minio_to_snowflake.py
[2025-10-13T11:54:40.006+0000] {processor.py:830} INFO - Processing file /opt/airflow/dags/minio_to_snowflake.py for tasks to queue
[2025-10-13T11:54:40.008+0000] {logging_mixin.py:188} INFO - [2025-10-13T11:54:40.008+0000] {dagbag.py:545} INFO - Filling up the DagBag from /opt/airflow/dags/minio_to_snowflake.py
[2025-10-13T11:54:40.646+0000] {processor.py:840} INFO - DAG(s) 'minio_to_snowflake' retrieved from /opt/airflow/dags/minio_to_snowflake.py
[2025-10-13T11:54:40.852+0000] {logging_mixin.py:188} INFO - [2025-10-13T11:54:40.852+0000] {dag.py:3089} INFO - Sync 1 DAGs
[2025-10-13T11:54:40.875+0000] {logging_mixin.py:188} INFO - [2025-10-13T11:54:40.875+0000] {dag.py:3947} INFO - Setting next_dagrun for minio_to_snowflake to 2025-10-13 11:53:00+00:00, run_after=2025-10-13 11:54:00+00:00
[2025-10-13T11:54:40.895+0000] {processor.py:183} INFO - Processing /opt/airflow/dags/minio_to_snowflake.py took 0.897 seconds
[2025-10-13T11:55:11.145+0000] {processor.py:161} INFO - Started process (PID=77656) to work on /opt/airflow/dags/minio_to_snowflake.py
[2025-10-13T11:55:11.146+0000] {processor.py:830} INFO - Processing file /opt/airflow/dags/minio_to_snowflake.py for tasks to queue
[2025-10-13T11:55:11.148+0000] {logging_mixin.py:188} INFO - [2025-10-13T11:55:11.148+0000] {dagbag.py:545} INFO - Filling up the DagBag from /opt/airflow/dags/minio_to_snowflake.py
[2025-10-13T11:55:12.014+0000] {processor.py:840} INFO - DAG(s) 'minio_to_snowflake' retrieved from /opt/airflow/dags/minio_to_snowflake.py
[2025-10-13T11:55:12.048+0000] {logging_mixin.py:188} INFO - [2025-10-13T11:55:12.047+0000] {dag.py:3089} INFO - Sync 1 DAGs
[2025-10-13T11:55:12.083+0000] {logging_mixin.py:188} INFO - [2025-10-13T11:55:12.083+0000] {dag.py:3947} INFO - Setting next_dagrun for minio_to_snowflake to 2025-10-13 11:54:00+00:00, run_after=2025-10-13 11:55:00+00:00
[2025-10-13T11:55:12.100+0000] {processor.py:183} INFO - Processing /opt/airflow/dags/minio_to_snowflake.py took 0.962 seconds
[2025-10-13T11:55:42.404+0000] {processor.py:161} INFO - Started process (PID=77846) to work on /opt/airflow/dags/minio_to_snowflake.py
[2025-10-13T11:55:42.405+0000] {processor.py:830} INFO - Processing file /opt/airflow/dags/minio_to_snowflake.py for tasks to queue
[2025-10-13T11:55:42.409+0000] {logging_mixin.py:188} INFO - [2025-10-13T11:55:42.408+0000] {dagbag.py:545} INFO - Filling up the DagBag from /opt/airflow/dags/minio_to_snowflake.py
[2025-10-13T11:55:43.220+0000] {processor.py:840} INFO - DAG(s) 'minio_to_snowflake' retrieved from /opt/airflow/dags/minio_to_snowflake.py
[2025-10-13T11:55:43.245+0000] {logging_mixin.py:188} INFO - [2025-10-13T11:55:43.244+0000] {dag.py:3089} INFO - Sync 1 DAGs
[2025-10-13T11:55:43.268+0000] {logging_mixin.py:188} INFO - [2025-10-13T11:55:43.268+0000] {dag.py:3947} INFO - Setting next_dagrun for minio_to_snowflake to 2025-10-13 11:54:00+00:00, run_after=2025-10-13 11:55:00+00:00
[2025-10-13T11:55:43.288+0000] {processor.py:183} INFO - Processing /opt/airflow/dags/minio_to_snowflake.py took 0.891 seconds
[2025-10-13T11:56:13.659+0000] {processor.py:161} INFO - Started process (PID=79644) to work on /opt/airflow/dags/minio_to_snowflake.py
[2025-10-13T11:56:13.660+0000] {processor.py:830} INFO - Processing file /opt/airflow/dags/minio_to_snowflake.py for tasks to queue
[2025-10-13T11:56:13.664+0000] {logging_mixin.py:188} INFO - [2025-10-13T11:56:13.663+0000] {dagbag.py:545} INFO - Filling up the DagBag from /opt/airflow/dags/minio_to_snowflake.py
[2025-10-13T11:56:14.584+0000] {processor.py:840} INFO - DAG(s) 'minio_to_snowflake' retrieved from /opt/airflow/dags/minio_to_snowflake.py
[2025-10-13T11:56:14.615+0000] {logging_mixin.py:188} INFO - [2025-10-13T11:56:14.615+0000] {dag.py:3089} INFO - Sync 1 DAGs
[2025-10-13T11:56:14.647+0000] {logging_mixin.py:188} INFO - [2025-10-13T11:56:14.647+0000] {dag.py:3947} INFO - Setting next_dagrun for minio_to_snowflake to 2025-10-13 11:55:00+00:00, run_after=2025-10-13 11:56:00+00:00
[2025-10-13T11:56:14.668+0000] {processor.py:183} INFO - Processing /opt/airflow/dags/minio_to_snowflake.py took 1.017 seconds
[2025-10-13T11:56:44.966+0000] {processor.py:161} INFO - Started process (PID=80082) to work on /opt/airflow/dags/minio_to_snowflake.py
[2025-10-13T11:56:44.967+0000] {processor.py:830} INFO - Processing file /opt/airflow/dags/minio_to_snowflake.py for tasks to queue
[2025-10-13T11:56:44.971+0000] {logging_mixin.py:188} INFO - [2025-10-13T11:56:44.970+0000] {dagbag.py:545} INFO - Filling up the DagBag from /opt/airflow/dags/minio_to_snowflake.py
[2025-10-13T11:56:46.418+0000] {processor.py:840} INFO - DAG(s) 'minio_to_snowflake' retrieved from /opt/airflow/dags/minio_to_snowflake.py
[2025-10-13T11:56:46.442+0000] {logging_mixin.py:188} INFO - [2025-10-13T11:56:46.442+0000] {dag.py:3089} INFO - Sync 1 DAGs
[2025-10-13T11:56:46.469+0000] {logging_mixin.py:188} INFO - [2025-10-13T11:56:46.469+0000] {dag.py:3947} INFO - Setting next_dagrun for minio_to_snowflake to 2025-10-13 11:55:00+00:00, run_after=2025-10-13 11:56:00+00:00
[2025-10-13T11:56:46.490+0000] {processor.py:183} INFO - Processing /opt/airflow/dags/minio_to_snowflake.py took 1.532 seconds
[2025-10-13T11:57:16.816+0000] {processor.py:161} INFO - Started process (PID=80281) to work on /opt/airflow/dags/minio_to_snowflake.py
[2025-10-13T11:57:16.818+0000] {processor.py:830} INFO - Processing file /opt/airflow/dags/minio_to_snowflake.py for tasks to queue
[2025-10-13T11:57:16.822+0000] {logging_mixin.py:188} INFO - [2025-10-13T11:57:16.821+0000] {dagbag.py:545} INFO - Filling up the DagBag from /opt/airflow/dags/minio_to_snowflake.py
[2025-10-13T11:57:17.567+0000] {processor.py:840} INFO - DAG(s) 'minio_to_snowflake' retrieved from /opt/airflow/dags/minio_to_snowflake.py
[2025-10-13T11:57:17.752+0000] {logging_mixin.py:188} INFO - [2025-10-13T11:57:17.752+0000] {dag.py:3089} INFO - Sync 1 DAGs
[2025-10-13T11:57:17.786+0000] {logging_mixin.py:188} INFO - [2025-10-13T11:57:17.786+0000] {dag.py:3947} INFO - Setting next_dagrun for minio_to_snowflake to 2025-10-13 11:56:00+00:00, run_after=2025-10-13 11:57:00+00:00
[2025-10-13T11:57:17.822+0000] {processor.py:183} INFO - Processing /opt/airflow/dags/minio_to_snowflake.py took 1.019 seconds
[2025-10-13T11:57:47.972+0000] {processor.py:161} INFO - Started process (PID=80502) to work on /opt/airflow/dags/minio_to_snowflake.py
[2025-10-13T11:57:47.974+0000] {processor.py:830} INFO - Processing file /opt/airflow/dags/minio_to_snowflake.py for tasks to queue
[2025-10-13T11:57:47.976+0000] {logging_mixin.py:188} INFO - [2025-10-13T11:57:47.975+0000] {dagbag.py:545} INFO - Filling up the DagBag from /opt/airflow/dags/minio_to_snowflake.py
[2025-10-13T11:57:48.856+0000] {processor.py:840} INFO - DAG(s) 'minio_to_snowflake' retrieved from /opt/airflow/dags/minio_to_snowflake.py
[2025-10-13T11:57:48.894+0000] {logging_mixin.py:188} INFO - [2025-10-13T11:57:48.894+0000] {dag.py:3089} INFO - Sync 1 DAGs
[2025-10-13T11:57:48.919+0000] {logging_mixin.py:188} INFO - [2025-10-13T11:57:48.919+0000] {dag.py:3947} INFO - Setting next_dagrun for minio_to_snowflake to 2025-10-13 11:56:00+00:00, run_after=2025-10-13 11:57:00+00:00
[2025-10-13T11:57:48.939+0000] {processor.py:183} INFO - Processing /opt/airflow/dags/minio_to_snowflake.py took 0.974 seconds
[2025-10-13T11:58:19.163+0000] {processor.py:161} INFO - Started process (PID=80727) to work on /opt/airflow/dags/minio_to_snowflake.py
[2025-10-13T11:58:19.164+0000] {processor.py:830} INFO - Processing file /opt/airflow/dags/minio_to_snowflake.py for tasks to queue
[2025-10-13T11:58:19.166+0000] {logging_mixin.py:188} INFO - [2025-10-13T11:58:19.166+0000] {dagbag.py:545} INFO - Filling up the DagBag from /opt/airflow/dags/minio_to_snowflake.py
[2025-10-13T11:58:20.030+0000] {processor.py:840} INFO - DAG(s) 'minio_to_snowflake' retrieved from /opt/airflow/dags/minio_to_snowflake.py
[2025-10-13T11:58:20.057+0000] {logging_mixin.py:188} INFO - [2025-10-13T11:58:20.056+0000] {dag.py:3089} INFO - Sync 1 DAGs
[2025-10-13T11:58:20.083+0000] {logging_mixin.py:188} INFO - [2025-10-13T11:58:20.082+0000] {dag.py:3947} INFO - Setting next_dagrun for minio_to_snowflake to 2025-10-13 11:57:00+00:00, run_after=2025-10-13 11:58:00+00:00
[2025-10-13T11:58:20.106+0000] {processor.py:183} INFO - Processing /opt/airflow/dags/minio_to_snowflake.py took 0.950 seconds
[2025-10-13T11:59:06.929+0000] {processor.py:161} INFO - Started process (PID=80927) to work on /opt/airflow/dags/minio_to_snowflake.py
[2025-10-13T11:59:06.983+0000] {processor.py:830} INFO - Processing file /opt/airflow/dags/minio_to_snowflake.py for tasks to queue
[2025-10-13T11:59:07.016+0000] {logging_mixin.py:188} INFO - [2025-10-13T11:59:07.014+0000] {dagbag.py:545} INFO - Filling up the DagBag from /opt/airflow/dags/minio_to_snowflake.py
[2025-10-13T11:59:14.151+0000] {processor.py:840} INFO - DAG(s) 'minio_to_snowflake' retrieved from /opt/airflow/dags/minio_to_snowflake.py
[2025-10-13T11:59:14.268+0000] {logging_mixin.py:188} INFO - [2025-10-13T11:59:14.267+0000] {dag.py:3089} INFO - Sync 1 DAGs
[2025-10-13T11:59:14.366+0000] {logging_mixin.py:188} INFO - [2025-10-13T11:59:14.365+0000] {dag.py:3947} INFO - Setting next_dagrun for minio_to_snowflake to 2025-10-13 11:58:00+00:00, run_after=2025-10-13 11:59:00+00:00
[2025-10-13T11:59:14.430+0000] {processor.py:183} INFO - Processing /opt/airflow/dags/minio_to_snowflake.py took 7.776 seconds
[2025-10-13T11:59:44.674+0000] {processor.py:161} INFO - Started process (PID=81918) to work on /opt/airflow/dags/minio_to_snowflake.py
[2025-10-13T11:59:44.676+0000] {processor.py:830} INFO - Processing file /opt/airflow/dags/minio_to_snowflake.py for tasks to queue
[2025-10-13T11:59:44.680+0000] {logging_mixin.py:188} INFO - [2025-10-13T11:59:44.680+0000] {dagbag.py:545} INFO - Filling up the DagBag from /opt/airflow/dags/minio_to_snowflake.py
[2025-10-13T11:59:46.272+0000] {processor.py:840} INFO - DAG(s) 'minio_to_snowflake' retrieved from /opt/airflow/dags/minio_to_snowflake.py
[2025-10-13T11:59:46.321+0000] {logging_mixin.py:188} INFO - [2025-10-13T11:59:46.320+0000] {dag.py:3089} INFO - Sync 1 DAGs
[2025-10-13T11:59:46.368+0000] {logging_mixin.py:188} INFO - [2025-10-13T11:59:46.367+0000] {dag.py:3947} INFO - Setting next_dagrun for minio_to_snowflake to 2025-10-13 11:59:00+00:00, run_after=2025-10-13 12:00:00+00:00
[2025-10-13T11:59:46.404+0000] {processor.py:183} INFO - Processing /opt/airflow/dags/minio_to_snowflake.py took 1.741 seconds
[2025-10-13T12:00:16.813+0000] {processor.py:161} INFO - Started process (PID=83019) to work on /opt/airflow/dags/minio_to_snowflake.py
[2025-10-13T12:00:16.815+0000] {processor.py:830} INFO - Processing file /opt/airflow/dags/minio_to_snowflake.py for tasks to queue
[2025-10-13T12:00:16.820+0000] {logging_mixin.py:188} INFO - [2025-10-13T12:00:16.820+0000] {dagbag.py:545} INFO - Filling up the DagBag from /opt/airflow/dags/minio_to_snowflake.py
[2025-10-13T12:00:18.487+0000] {processor.py:840} INFO - DAG(s) 'minio_to_snowflake' retrieved from /opt/airflow/dags/minio_to_snowflake.py
[2025-10-13T12:00:18.531+0000] {logging_mixin.py:188} INFO - [2025-10-13T12:00:18.528+0000] {dag.py:3089} INFO - Sync 1 DAGs
[2025-10-13T12:00:18.586+0000] {logging_mixin.py:188} INFO - [2025-10-13T12:00:18.586+0000] {dag.py:3947} INFO - Setting next_dagrun for minio_to_snowflake to 2025-10-13 11:59:00+00:00, run_after=2025-10-13 12:00:00+00:00
[2025-10-13T12:00:18.629+0000] {processor.py:183} INFO - Processing /opt/airflow/dags/minio_to_snowflake.py took 1.826 seconds
[2025-10-13T12:00:48.757+0000] {processor.py:161} INFO - Started process (PID=83130) to work on /opt/airflow/dags/minio_to_snowflake.py
[2025-10-13T12:00:48.759+0000] {processor.py:830} INFO - Processing file /opt/airflow/dags/minio_to_snowflake.py for tasks to queue
[2025-10-13T12:00:48.764+0000] {logging_mixin.py:188} INFO - [2025-10-13T12:00:48.764+0000] {dagbag.py:545} INFO - Filling up the DagBag from /opt/airflow/dags/minio_to_snowflake.py
[2025-10-13T12:00:50.272+0000] {processor.py:840} INFO - DAG(s) 'minio_to_snowflake' retrieved from /opt/airflow/dags/minio_to_snowflake.py
[2025-10-13T12:00:50.670+0000] {logging_mixin.py:188} INFO - [2025-10-13T12:00:50.669+0000] {dag.py:3089} INFO - Sync 1 DAGs
[2025-10-13T12:00:50.713+0000] {logging_mixin.py:188} INFO - [2025-10-13T12:00:50.712+0000] {dag.py:3947} INFO - Setting next_dagrun for minio_to_snowflake to 2025-10-13 11:59:00+00:00, run_after=2025-10-13 12:00:00+00:00
[2025-10-13T12:00:50.758+0000] {processor.py:183} INFO - Processing /opt/airflow/dags/minio_to_snowflake.py took 2.013 seconds
[2025-10-13T12:01:21.120+0000] {processor.py:161} INFO - Started process (PID=83274) to work on /opt/airflow/dags/minio_to_snowflake.py
[2025-10-13T12:01:21.123+0000] {processor.py:830} INFO - Processing file /opt/airflow/dags/minio_to_snowflake.py for tasks to queue
[2025-10-13T12:01:21.129+0000] {logging_mixin.py:188} INFO - [2025-10-13T12:01:21.128+0000] {dagbag.py:545} INFO - Filling up the DagBag from /opt/airflow/dags/minio_to_snowflake.py
[2025-10-13T12:01:23.148+0000] {processor.py:840} INFO - DAG(s) 'minio_to_snowflake' retrieved from /opt/airflow/dags/minio_to_snowflake.py
[2025-10-13T12:01:23.216+0000] {logging_mixin.py:188} INFO - [2025-10-13T12:01:23.215+0000] {dag.py:3089} INFO - Sync 1 DAGs
[2025-10-13T12:01:23.288+0000] {logging_mixin.py:188} INFO - [2025-10-13T12:01:23.288+0000] {dag.py:3947} INFO - Setting next_dagrun for minio_to_snowflake to 2025-10-13 12:00:00+00:00, run_after=2025-10-13 12:01:00+00:00
[2025-10-13T12:01:23.347+0000] {processor.py:183} INFO - Processing /opt/airflow/dags/minio_to_snowflake.py took 2.248 seconds
[2025-10-13T12:01:53.568+0000] {processor.py:161} INFO - Started process (PID=83426) to work on /opt/airflow/dags/minio_to_snowflake.py
[2025-10-13T12:01:53.571+0000] {processor.py:830} INFO - Processing file /opt/airflow/dags/minio_to_snowflake.py for tasks to queue
[2025-10-13T12:01:53.575+0000] {logging_mixin.py:188} INFO - [2025-10-13T12:01:53.574+0000] {dagbag.py:545} INFO - Filling up the DagBag from /opt/airflow/dags/minio_to_snowflake.py
[2025-10-13T12:01:55.269+0000] {processor.py:840} INFO - DAG(s) 'minio_to_snowflake' retrieved from /opt/airflow/dags/minio_to_snowflake.py
[2025-10-13T12:01:55.302+0000] {logging_mixin.py:188} INFO - [2025-10-13T12:01:55.301+0000] {dag.py:3089} INFO - Sync 1 DAGs
[2025-10-13T12:01:55.351+0000] {logging_mixin.py:188} INFO - [2025-10-13T12:01:55.351+0000] {dag.py:3947} INFO - Setting next_dagrun for minio_to_snowflake to 2025-10-13 12:00:00+00:00, run_after=2025-10-13 12:01:00+00:00
[2025-10-13T12:01:55.381+0000] {processor.py:183} INFO - Processing /opt/airflow/dags/minio_to_snowflake.py took 1.831 seconds
[2025-10-13T12:02:25.887+0000] {processor.py:161} INFO - Started process (PID=83587) to work on /opt/airflow/dags/minio_to_snowflake.py
[2025-10-13T12:02:25.890+0000] {processor.py:830} INFO - Processing file /opt/airflow/dags/minio_to_snowflake.py for tasks to queue
[2025-10-13T12:02:25.893+0000] {logging_mixin.py:188} INFO - [2025-10-13T12:02:25.893+0000] {dagbag.py:545} INFO - Filling up the DagBag from /opt/airflow/dags/minio_to_snowflake.py
[2025-10-13T12:02:27.440+0000] {processor.py:840} INFO - DAG(s) 'minio_to_snowflake' retrieved from /opt/airflow/dags/minio_to_snowflake.py
[2025-10-13T12:02:27.481+0000] {logging_mixin.py:188} INFO - [2025-10-13T12:02:27.480+0000] {dag.py:3089} INFO - Sync 1 DAGs
[2025-10-13T12:02:27.524+0000] {logging_mixin.py:188} INFO - [2025-10-13T12:02:27.524+0000] {dag.py:3947} INFO - Setting next_dagrun for minio_to_snowflake to 2025-10-13 12:01:00+00:00, run_after=2025-10-13 12:02:00+00:00
[2025-10-13T12:02:27.554+0000] {processor.py:183} INFO - Processing /opt/airflow/dags/minio_to_snowflake.py took 1.680 seconds
[2025-10-13T12:02:57.926+0000] {processor.py:161} INFO - Started process (PID=83767) to work on /opt/airflow/dags/minio_to_snowflake.py
[2025-10-13T12:02:57.929+0000] {processor.py:830} INFO - Processing file /opt/airflow/dags/minio_to_snowflake.py for tasks to queue
[2025-10-13T12:02:57.931+0000] {logging_mixin.py:188} INFO - [2025-10-13T12:02:57.931+0000] {dagbag.py:545} INFO - Filling up the DagBag from /opt/airflow/dags/minio_to_snowflake.py
[2025-10-13T12:03:00.004+0000] {processor.py:840} INFO - DAG(s) 'minio_to_snowflake' retrieved from /opt/airflow/dags/minio_to_snowflake.py
[2025-10-13T12:03:00.126+0000] {logging_mixin.py:188} INFO - [2025-10-13T12:03:00.119+0000] {dag.py:3089} INFO - Sync 1 DAGs
[2025-10-13T12:03:00.247+0000] {logging_mixin.py:188} INFO - [2025-10-13T12:03:00.247+0000] {dag.py:3947} INFO - Setting next_dagrun for minio_to_snowflake to 2025-10-13 12:02:00+00:00, run_after=2025-10-13 12:03:00+00:00
[2025-10-13T12:03:00.329+0000] {processor.py:183} INFO - Processing /opt/airflow/dags/minio_to_snowflake.py took 2.414 seconds
[2025-10-13T12:03:30.534+0000] {processor.py:161} INFO - Started process (PID=83907) to work on /opt/airflow/dags/minio_to_snowflake.py
[2025-10-13T12:03:30.537+0000] {processor.py:830} INFO - Processing file /opt/airflow/dags/minio_to_snowflake.py for tasks to queue
[2025-10-13T12:03:30.542+0000] {logging_mixin.py:188} INFO - [2025-10-13T12:03:30.541+0000] {dagbag.py:545} INFO - Filling up the DagBag from /opt/airflow/dags/minio_to_snowflake.py
[2025-10-13T12:03:31.978+0000] {processor.py:840} INFO - DAG(s) 'minio_to_snowflake' retrieved from /opt/airflow/dags/minio_to_snowflake.py
[2025-10-13T12:03:32.288+0000] {logging_mixin.py:188} INFO - [2025-10-13T12:03:32.287+0000] {dag.py:3089} INFO - Sync 1 DAGs
[2025-10-13T12:03:32.365+0000] {logging_mixin.py:188} INFO - [2025-10-13T12:03:32.365+0000] {dag.py:3947} INFO - Setting next_dagrun for minio_to_snowflake to 2025-10-13 12:02:00+00:00, run_after=2025-10-13 12:03:00+00:00
[2025-10-13T12:03:32.429+0000] {processor.py:183} INFO - Processing /opt/airflow/dags/minio_to_snowflake.py took 1.916 seconds
[2025-10-13T12:04:02.828+0000] {processor.py:161} INFO - Started process (PID=84028) to work on /opt/airflow/dags/minio_to_snowflake.py
[2025-10-13T12:04:02.830+0000] {processor.py:830} INFO - Processing file /opt/airflow/dags/minio_to_snowflake.py for tasks to queue
[2025-10-13T12:04:02.833+0000] {logging_mixin.py:188} INFO - [2025-10-13T12:04:02.833+0000] {dagbag.py:545} INFO - Filling up the DagBag from /opt/airflow/dags/minio_to_snowflake.py
[2025-10-13T12:04:04.142+0000] {processor.py:840} INFO - DAG(s) 'minio_to_snowflake' retrieved from /opt/airflow/dags/minio_to_snowflake.py
[2025-10-13T12:04:04.173+0000] {logging_mixin.py:188} INFO - [2025-10-13T12:04:04.172+0000] {dag.py:3089} INFO - Sync 1 DAGs
[2025-10-13T12:04:04.210+0000] {logging_mixin.py:188} INFO - [2025-10-13T12:04:04.210+0000] {dag.py:3947} INFO - Setting next_dagrun for minio_to_snowflake to 2025-10-13 12:03:00+00:00, run_after=2025-10-13 12:04:00+00:00
[2025-10-13T12:04:04.249+0000] {processor.py:183} INFO - Processing /opt/airflow/dags/minio_to_snowflake.py took 1.436 seconds
[2025-10-13T12:04:34.771+0000] {processor.py:161} INFO - Started process (PID=86072) to work on /opt/airflow/dags/minio_to_snowflake.py
[2025-10-13T12:04:34.782+0000] {processor.py:830} INFO - Processing file /opt/airflow/dags/minio_to_snowflake.py for tasks to queue
[2025-10-13T12:04:34.786+0000] {logging_mixin.py:188} INFO - [2025-10-13T12:04:34.785+0000] {dagbag.py:545} INFO - Filling up the DagBag from /opt/airflow/dags/minio_to_snowflake.py
[2025-10-13T12:04:36.380+0000] {processor.py:840} INFO - DAG(s) 'minio_to_snowflake' retrieved from /opt/airflow/dags/minio_to_snowflake.py
[2025-10-13T12:04:36.443+0000] {logging_mixin.py:188} INFO - [2025-10-13T12:04:36.442+0000] {dag.py:3089} INFO - Sync 1 DAGs
[2025-10-13T12:04:36.508+0000] {logging_mixin.py:188} INFO - [2025-10-13T12:04:36.507+0000] {dag.py:3947} INFO - Setting next_dagrun for minio_to_snowflake to 2025-10-13 12:03:00+00:00, run_after=2025-10-13 12:04:00+00:00
[2025-10-13T12:04:36.555+0000] {processor.py:183} INFO - Processing /opt/airflow/dags/minio_to_snowflake.py took 1.803 seconds
[2025-10-13T12:05:06.925+0000] {processor.py:161} INFO - Started process (PID=86253) to work on /opt/airflow/dags/minio_to_snowflake.py
[2025-10-13T12:05:06.928+0000] {processor.py:830} INFO - Processing file /opt/airflow/dags/minio_to_snowflake.py for tasks to queue
[2025-10-13T12:05:06.934+0000] {logging_mixin.py:188} INFO - [2025-10-13T12:05:06.933+0000] {dagbag.py:545} INFO - Filling up the DagBag from /opt/airflow/dags/minio_to_snowflake.py
[2025-10-13T12:05:08.467+0000] {processor.py:840} INFO - DAG(s) 'minio_to_snowflake' retrieved from /opt/airflow/dags/minio_to_snowflake.py
[2025-10-13T12:05:08.530+0000] {logging_mixin.py:188} INFO - [2025-10-13T12:05:08.528+0000] {dag.py:3089} INFO - Sync 1 DAGs
[2025-10-13T12:05:08.599+0000] {logging_mixin.py:188} INFO - [2025-10-13T12:05:08.597+0000] {dag.py:3947} INFO - Setting next_dagrun for minio_to_snowflake to 2025-10-13 12:04:00+00:00, run_after=2025-10-13 12:05:00+00:00
[2025-10-13T12:05:08.678+0000] {processor.py:183} INFO - Processing /opt/airflow/dags/minio_to_snowflake.py took 1.767 seconds
[2025-10-13T12:05:38.851+0000] {processor.py:161} INFO - Started process (PID=86404) to work on /opt/airflow/dags/minio_to_snowflake.py
[2025-10-13T12:05:38.855+0000] {processor.py:830} INFO - Processing file /opt/airflow/dags/minio_to_snowflake.py for tasks to queue
[2025-10-13T12:05:38.860+0000] {logging_mixin.py:188} INFO - [2025-10-13T12:05:38.859+0000] {dagbag.py:545} INFO - Filling up the DagBag from /opt/airflow/dags/minio_to_snowflake.py
[2025-10-13T12:05:40.783+0000] {processor.py:840} INFO - DAG(s) 'minio_to_snowflake' retrieved from /opt/airflow/dags/minio_to_snowflake.py
[2025-10-13T12:05:40.843+0000] {logging_mixin.py:188} INFO - [2025-10-13T12:05:40.842+0000] {dag.py:3089} INFO - Sync 1 DAGs
[2025-10-13T12:05:40.898+0000] {logging_mixin.py:188} INFO - [2025-10-13T12:05:40.898+0000] {dag.py:3947} INFO - Setting next_dagrun for minio_to_snowflake to 2025-10-13 12:04:00+00:00, run_after=2025-10-13 12:05:00+00:00
[2025-10-13T12:05:40.934+0000] {processor.py:183} INFO - Processing /opt/airflow/dags/minio_to_snowflake.py took 2.102 seconds
[2025-10-13T12:06:11.200+0000] {processor.py:161} INFO - Started process (PID=86575) to work on /opt/airflow/dags/minio_to_snowflake.py
[2025-10-13T12:06:11.203+0000] {processor.py:830} INFO - Processing file /opt/airflow/dags/minio_to_snowflake.py for tasks to queue
[2025-10-13T12:06:11.209+0000] {logging_mixin.py:188} INFO - [2025-10-13T12:06:11.208+0000] {dagbag.py:545} INFO - Filling up the DagBag from /opt/airflow/dags/minio_to_snowflake.py
[2025-10-13T12:06:13.327+0000] {processor.py:840} INFO - DAG(s) 'minio_to_snowflake' retrieved from /opt/airflow/dags/minio_to_snowflake.py
[2025-10-13T12:06:13.372+0000] {logging_mixin.py:188} INFO - [2025-10-13T12:06:13.370+0000] {dag.py:3089} INFO - Sync 1 DAGs
[2025-10-13T12:06:13.428+0000] {logging_mixin.py:188} INFO - [2025-10-13T12:06:13.428+0000] {dag.py:3947} INFO - Setting next_dagrun for minio_to_snowflake to 2025-10-13 12:05:00+00:00, run_after=2025-10-13 12:06:00+00:00
[2025-10-13T12:06:13.478+0000] {processor.py:183} INFO - Processing /opt/airflow/dags/minio_to_snowflake.py took 2.292 seconds
[2025-10-13T12:06:43.675+0000] {processor.py:161} INFO - Started process (PID=86752) to work on /opt/airflow/dags/minio_to_snowflake.py
[2025-10-13T12:06:43.681+0000] {processor.py:830} INFO - Processing file /opt/airflow/dags/minio_to_snowflake.py for tasks to queue
[2025-10-13T12:06:43.685+0000] {logging_mixin.py:188} INFO - [2025-10-13T12:06:43.684+0000] {dagbag.py:545} INFO - Filling up the DagBag from /opt/airflow/dags/minio_to_snowflake.py
[2025-10-13T12:06:45.022+0000] {processor.py:840} INFO - DAG(s) 'minio_to_snowflake' retrieved from /opt/airflow/dags/minio_to_snowflake.py
[2025-10-13T12:06:45.064+0000] {logging_mixin.py:188} INFO - [2025-10-13T12:06:45.064+0000] {dag.py:3089} INFO - Sync 1 DAGs
[2025-10-13T12:06:45.091+0000] {logging_mixin.py:188} INFO - [2025-10-13T12:06:45.091+0000] {dag.py:3947} INFO - Setting next_dagrun for minio_to_snowflake to 2025-10-13 12:05:00+00:00, run_after=2025-10-13 12:06:00+00:00
[2025-10-13T12:06:45.117+0000] {processor.py:183} INFO - Processing /opt/airflow/dags/minio_to_snowflake.py took 1.465 seconds
[2025-10-13T12:07:15.205+0000] {processor.py:161} INFO - Started process (PID=86930) to work on /opt/airflow/dags/minio_to_snowflake.py
[2025-10-13T12:07:15.207+0000] {processor.py:830} INFO - Processing file /opt/airflow/dags/minio_to_snowflake.py for tasks to queue
[2025-10-13T12:07:15.212+0000] {logging_mixin.py:188} INFO - [2025-10-13T12:07:15.211+0000] {dagbag.py:545} INFO - Filling up the DagBag from /opt/airflow/dags/minio_to_snowflake.py
[2025-10-13T12:07:16.818+0000] {processor.py:840} INFO - DAG(s) 'minio_to_snowflake' retrieved from /opt/airflow/dags/minio_to_snowflake.py
[2025-10-13T12:07:16.857+0000] {logging_mixin.py:188} INFO - [2025-10-13T12:07:16.857+0000] {dag.py:3089} INFO - Sync 1 DAGs
[2025-10-13T12:07:16.904+0000] {logging_mixin.py:188} INFO - [2025-10-13T12:07:16.903+0000] {dag.py:3947} INFO - Setting next_dagrun for minio_to_snowflake to 2025-10-13 12:06:00+00:00, run_after=2025-10-13 12:07:00+00:00
[2025-10-13T12:07:16.934+0000] {processor.py:183} INFO - Processing /opt/airflow/dags/minio_to_snowflake.py took 1.740 seconds
[2025-10-13T12:07:47.349+0000] {processor.py:161} INFO - Started process (PID=87115) to work on /opt/airflow/dags/minio_to_snowflake.py
[2025-10-13T12:07:47.352+0000] {processor.py:830} INFO - Processing file /opt/airflow/dags/minio_to_snowflake.py for tasks to queue
[2025-10-13T12:07:47.356+0000] {logging_mixin.py:188} INFO - [2025-10-13T12:07:47.355+0000] {dagbag.py:545} INFO - Filling up the DagBag from /opt/airflow/dags/minio_to_snowflake.py
[2025-10-13T12:07:48.661+0000] {processor.py:840} INFO - DAG(s) 'minio_to_snowflake' retrieved from /opt/airflow/dags/minio_to_snowflake.py
[2025-10-13T12:07:48.701+0000] {logging_mixin.py:188} INFO - [2025-10-13T12:07:48.700+0000] {dag.py:3089} INFO - Sync 1 DAGs
[2025-10-13T12:07:48.742+0000] {logging_mixin.py:188} INFO - [2025-10-13T12:07:48.742+0000] {dag.py:3947} INFO - Setting next_dagrun for minio_to_snowflake to 2025-10-13 12:07:00+00:00, run_after=2025-10-13 12:08:00+00:00
[2025-10-13T12:07:48.767+0000] {processor.py:183} INFO - Processing /opt/airflow/dags/minio_to_snowflake.py took 1.433 seconds
[2025-10-13T12:08:19.202+0000] {processor.py:161} INFO - Started process (PID=89099) to work on /opt/airflow/dags/minio_to_snowflake.py
[2025-10-13T12:08:19.206+0000] {processor.py:830} INFO - Processing file /opt/airflow/dags/minio_to_snowflake.py for tasks to queue
[2025-10-13T12:08:19.212+0000] {logging_mixin.py:188} INFO - [2025-10-13T12:08:19.211+0000] {dagbag.py:545} INFO - Filling up the DagBag from /opt/airflow/dags/minio_to_snowflake.py
[2025-10-13T12:08:20.801+0000] {processor.py:840} INFO - DAG(s) 'minio_to_snowflake' retrieved from /opt/airflow/dags/minio_to_snowflake.py
[2025-10-13T12:08:20.840+0000] {logging_mixin.py:188} INFO - [2025-10-13T12:08:20.840+0000] {dag.py:3089} INFO - Sync 1 DAGs
[2025-10-13T12:08:20.885+0000] {logging_mixin.py:188} INFO - [2025-10-13T12:08:20.885+0000] {dag.py:3947} INFO - Setting next_dagrun for minio_to_snowflake to 2025-10-13 12:07:00+00:00, run_after=2025-10-13 12:08:00+00:00
[2025-10-13T12:08:20.928+0000] {processor.py:183} INFO - Processing /opt/airflow/dags/minio_to_snowflake.py took 1.749 seconds
[2025-10-13T12:08:51.181+0000] {processor.py:161} INFO - Started process (PID=89266) to work on /opt/airflow/dags/minio_to_snowflake.py
[2025-10-13T12:08:51.183+0000] {processor.py:830} INFO - Processing file /opt/airflow/dags/minio_to_snowflake.py for tasks to queue
[2025-10-13T12:08:51.186+0000] {logging_mixin.py:188} INFO - [2025-10-13T12:08:51.185+0000] {dagbag.py:545} INFO - Filling up the DagBag from /opt/airflow/dags/minio_to_snowflake.py
[2025-10-13T12:08:52.983+0000] {processor.py:840} INFO - DAG(s) 'minio_to_snowflake' retrieved from /opt/airflow/dags/minio_to_snowflake.py
[2025-10-13T12:08:53.020+0000] {logging_mixin.py:188} INFO - [2025-10-13T12:08:53.018+0000] {dag.py:3089} INFO - Sync 1 DAGs
[2025-10-13T12:08:53.074+0000] {logging_mixin.py:188} INFO - [2025-10-13T12:08:53.074+0000] {dag.py:3947} INFO - Setting next_dagrun for minio_to_snowflake to 2025-10-13 12:07:00+00:00, run_after=2025-10-13 12:08:00+00:00
[2025-10-13T12:08:53.116+0000] {processor.py:183} INFO - Processing /opt/airflow/dags/minio_to_snowflake.py took 1.948 seconds
[2025-10-13T12:09:23.509+0000] {processor.py:161} INFO - Started process (PID=89434) to work on /opt/airflow/dags/minio_to_snowflake.py
[2025-10-13T12:09:23.515+0000] {processor.py:830} INFO - Processing file /opt/airflow/dags/minio_to_snowflake.py for tasks to queue
[2025-10-13T12:09:23.518+0000] {logging_mixin.py:188} INFO - [2025-10-13T12:09:23.518+0000] {dagbag.py:545} INFO - Filling up the DagBag from /opt/airflow/dags/minio_to_snowflake.py
[2025-10-13T12:09:24.771+0000] {processor.py:840} INFO - DAG(s) 'minio_to_snowflake' retrieved from /opt/airflow/dags/minio_to_snowflake.py
[2025-10-13T12:09:24.811+0000] {logging_mixin.py:188} INFO - [2025-10-13T12:09:24.808+0000] {dag.py:3089} INFO - Sync 1 DAGs
[2025-10-13T12:09:24.861+0000] {logging_mixin.py:188} INFO - [2025-10-13T12:09:24.861+0000] {dag.py:3947} INFO - Setting next_dagrun for minio_to_snowflake to 2025-10-13 12:08:00+00:00, run_after=2025-10-13 12:09:00+00:00
[2025-10-13T12:09:24.893+0000] {processor.py:183} INFO - Processing /opt/airflow/dags/minio_to_snowflake.py took 1.397 seconds
[2025-10-13T12:09:55.019+0000] {processor.py:161} INFO - Started process (PID=89624) to work on /opt/airflow/dags/minio_to_snowflake.py
[2025-10-13T12:09:55.021+0000] {processor.py:830} INFO - Processing file /opt/airflow/dags/minio_to_snowflake.py for tasks to queue
[2025-10-13T12:09:55.025+0000] {logging_mixin.py:188} INFO - [2025-10-13T12:09:55.024+0000] {dagbag.py:545} INFO - Filling up the DagBag from /opt/airflow/dags/minio_to_snowflake.py
[2025-10-13T12:09:56.264+0000] {processor.py:840} INFO - DAG(s) 'minio_to_snowflake' retrieved from /opt/airflow/dags/minio_to_snowflake.py
[2025-10-13T12:09:56.300+0000] {logging_mixin.py:188} INFO - [2025-10-13T12:09:56.298+0000] {dag.py:3089} INFO - Sync 1 DAGs
[2025-10-13T12:09:56.337+0000] {logging_mixin.py:188} INFO - [2025-10-13T12:09:56.336+0000] {dag.py:3947} INFO - Setting next_dagrun for minio_to_snowflake to 2025-10-13 12:08:00+00:00, run_after=2025-10-13 12:09:00+00:00
[2025-10-13T12:09:56.361+0000] {processor.py:183} INFO - Processing /opt/airflow/dags/minio_to_snowflake.py took 1.354 seconds
[2025-10-13T12:10:26.741+0000] {processor.py:161} INFO - Started process (PID=89792) to work on /opt/airflow/dags/minio_to_snowflake.py
[2025-10-13T12:10:26.744+0000] {processor.py:830} INFO - Processing file /opt/airflow/dags/minio_to_snowflake.py for tasks to queue
[2025-10-13T12:10:26.748+0000] {logging_mixin.py:188} INFO - [2025-10-13T12:10:26.747+0000] {dagbag.py:545} INFO - Filling up the DagBag from /opt/airflow/dags/minio_to_snowflake.py
[2025-10-13T12:10:28.321+0000] {processor.py:840} INFO - DAG(s) 'minio_to_snowflake' retrieved from /opt/airflow/dags/minio_to_snowflake.py
[2025-10-13T12:10:28.358+0000] {logging_mixin.py:188} INFO - [2025-10-13T12:10:28.357+0000] {dag.py:3089} INFO - Sync 1 DAGs
[2025-10-13T12:10:28.408+0000] {logging_mixin.py:188} INFO - [2025-10-13T12:10:28.407+0000] {dag.py:3947} INFO - Setting next_dagrun for minio_to_snowflake to 2025-10-13 12:09:00+00:00, run_after=2025-10-13 12:10:00+00:00
[2025-10-13T12:10:28.450+0000] {processor.py:183} INFO - Processing /opt/airflow/dags/minio_to_snowflake.py took 1.724 seconds
[2025-10-13T12:10:58.932+0000] {processor.py:161} INFO - Started process (PID=89954) to work on /opt/airflow/dags/minio_to_snowflake.py
[2025-10-13T12:10:58.935+0000] {processor.py:830} INFO - Processing file /opt/airflow/dags/minio_to_snowflake.py for tasks to queue
[2025-10-13T12:10:58.941+0000] {logging_mixin.py:188} INFO - [2025-10-13T12:10:58.940+0000] {dagbag.py:545} INFO - Filling up the DagBag from /opt/airflow/dags/minio_to_snowflake.py
[2025-10-13T12:11:00.625+0000] {processor.py:840} INFO - DAG(s) 'minio_to_snowflake' retrieved from /opt/airflow/dags/minio_to_snowflake.py
[2025-10-13T12:11:00.665+0000] {logging_mixin.py:188} INFO - [2025-10-13T12:11:00.665+0000] {dag.py:3089} INFO - Sync 1 DAGs
[2025-10-13T12:11:00.704+0000] {logging_mixin.py:188} INFO - [2025-10-13T12:11:00.703+0000] {dag.py:3947} INFO - Setting next_dagrun for minio_to_snowflake to 2025-10-13 12:10:00+00:00, run_after=2025-10-13 12:11:00+00:00
[2025-10-13T12:11:00.739+0000] {processor.py:183} INFO - Processing /opt/airflow/dags/minio_to_snowflake.py took 1.827 seconds
[2025-10-13T12:11:31.296+0000] {processor.py:161} INFO - Started process (PID=90094) to work on /opt/airflow/dags/minio_to_snowflake.py
[2025-10-13T12:11:31.297+0000] {processor.py:830} INFO - Processing file /opt/airflow/dags/minio_to_snowflake.py for tasks to queue
[2025-10-13T12:11:31.301+0000] {logging_mixin.py:188} INFO - [2025-10-13T12:11:31.300+0000] {dagbag.py:545} INFO - Filling up the DagBag from /opt/airflow/dags/minio_to_snowflake.py
[2025-10-13T12:11:33.478+0000] {processor.py:840} INFO - DAG(s) 'minio_to_snowflake' retrieved from /opt/airflow/dags/minio_to_snowflake.py
[2025-10-13T12:11:33.560+0000] {logging_mixin.py:188} INFO - [2025-10-13T12:11:33.556+0000] {dag.py:3089} INFO - Sync 1 DAGs
[2025-10-13T12:11:33.623+0000] {logging_mixin.py:188} INFO - [2025-10-13T12:11:33.622+0000] {dag.py:3947} INFO - Setting next_dagrun for minio_to_snowflake to 2025-10-13 12:11:00+00:00, run_after=2025-10-13 12:12:00+00:00
[2025-10-13T12:11:33.671+0000] {processor.py:183} INFO - Processing /opt/airflow/dags/minio_to_snowflake.py took 2.383 seconds
[2025-10-13T12:12:03.932+0000] {processor.py:161} INFO - Started process (PID=92119) to work on /opt/airflow/dags/minio_to_snowflake.py
[2025-10-13T12:12:03.934+0000] {processor.py:830} INFO - Processing file /opt/airflow/dags/minio_to_snowflake.py for tasks to queue
[2025-10-13T12:12:03.938+0000] {logging_mixin.py:188} INFO - [2025-10-13T12:12:03.937+0000] {dagbag.py:545} INFO - Filling up the DagBag from /opt/airflow/dags/minio_to_snowflake.py
[2025-10-13T12:12:05.220+0000] {processor.py:840} INFO - DAG(s) 'minio_to_snowflake' retrieved from /opt/airflow/dags/minio_to_snowflake.py
[2025-10-13T12:12:05.265+0000] {logging_mixin.py:188} INFO - [2025-10-13T12:12:05.264+0000] {dag.py:3089} INFO - Sync 1 DAGs
[2025-10-13T12:12:05.312+0000] {logging_mixin.py:188} INFO - [2025-10-13T12:12:05.312+0000] {dag.py:3947} INFO - Setting next_dagrun for minio_to_snowflake to 2025-10-13 12:11:00+00:00, run_after=2025-10-13 12:12:00+00:00
[2025-10-13T12:12:05.372+0000] {processor.py:183} INFO - Processing /opt/airflow/dags/minio_to_snowflake.py took 1.453 seconds
[2025-10-13T12:12:35.565+0000] {processor.py:161} INFO - Started process (PID=92312) to work on /opt/airflow/dags/minio_to_snowflake.py
[2025-10-13T12:12:35.568+0000] {processor.py:830} INFO - Processing file /opt/airflow/dags/minio_to_snowflake.py for tasks to queue
[2025-10-13T12:12:35.573+0000] {logging_mixin.py:188} INFO - [2025-10-13T12:12:35.572+0000] {dagbag.py:545} INFO - Filling up the DagBag from /opt/airflow/dags/minio_to_snowflake.py
[2025-10-13T12:12:37.199+0000] {processor.py:840} INFO - DAG(s) 'minio_to_snowflake' retrieved from /opt/airflow/dags/minio_to_snowflake.py
[2025-10-13T12:12:37.242+0000] {logging_mixin.py:188} INFO - [2025-10-13T12:12:37.241+0000] {dag.py:3089} INFO - Sync 1 DAGs
[2025-10-13T12:12:37.271+0000] {logging_mixin.py:188} INFO - [2025-10-13T12:12:37.270+0000] {dag.py:3947} INFO - Setting next_dagrun for minio_to_snowflake to 2025-10-13 12:11:00+00:00, run_after=2025-10-13 12:12:00+00:00
[2025-10-13T12:12:37.312+0000] {processor.py:183} INFO - Processing /opt/airflow/dags/minio_to_snowflake.py took 1.764 seconds
[2025-10-13T12:13:07.731+0000] {processor.py:161} INFO - Started process (PID=92485) to work on /opt/airflow/dags/minio_to_snowflake.py
[2025-10-13T12:13:07.734+0000] {processor.py:830} INFO - Processing file /opt/airflow/dags/minio_to_snowflake.py for tasks to queue
[2025-10-13T12:13:07.738+0000] {logging_mixin.py:188} INFO - [2025-10-13T12:13:07.737+0000] {dagbag.py:545} INFO - Filling up the DagBag from /opt/airflow/dags/minio_to_snowflake.py
[2025-10-13T12:13:09.110+0000] {processor.py:840} INFO - DAG(s) 'minio_to_snowflake' retrieved from /opt/airflow/dags/minio_to_snowflake.py
[2025-10-13T12:13:09.176+0000] {logging_mixin.py:188} INFO - [2025-10-13T12:13:09.175+0000] {dag.py:3089} INFO - Sync 1 DAGs
[2025-10-13T12:13:09.237+0000] {logging_mixin.py:188} INFO - [2025-10-13T12:13:09.236+0000] {dag.py:3947} INFO - Setting next_dagrun for minio_to_snowflake to 2025-10-13 12:12:00+00:00, run_after=2025-10-13 12:13:00+00:00
[2025-10-13T12:13:09.283+0000] {processor.py:183} INFO - Processing /opt/airflow/dags/minio_to_snowflake.py took 1.564 seconds
[2025-10-13T12:13:39.578+0000] {processor.py:161} INFO - Started process (PID=92675) to work on /opt/airflow/dags/minio_to_snowflake.py
[2025-10-13T12:13:39.581+0000] {processor.py:830} INFO - Processing file /opt/airflow/dags/minio_to_snowflake.py for tasks to queue
[2025-10-13T12:13:39.585+0000] {logging_mixin.py:188} INFO - [2025-10-13T12:13:39.584+0000] {dagbag.py:545} INFO - Filling up the DagBag from /opt/airflow/dags/minio_to_snowflake.py
[2025-10-13T12:13:41.135+0000] {processor.py:840} INFO - DAG(s) 'minio_to_snowflake' retrieved from /opt/airflow/dags/minio_to_snowflake.py
[2025-10-13T12:13:41.174+0000] {logging_mixin.py:188} INFO - [2025-10-13T12:13:41.173+0000] {dag.py:3089} INFO - Sync 1 DAGs
[2025-10-13T12:13:41.237+0000] {logging_mixin.py:188} INFO - [2025-10-13T12:13:41.236+0000] {dag.py:3947} INFO - Setting next_dagrun for minio_to_snowflake to 2025-10-13 12:12:00+00:00, run_after=2025-10-13 12:13:00+00:00
[2025-10-13T12:13:41.289+0000] {processor.py:183} INFO - Processing /opt/airflow/dags/minio_to_snowflake.py took 1.730 seconds
[2025-10-13T12:14:11.729+0000] {processor.py:161} INFO - Started process (PID=92856) to work on /opt/airflow/dags/minio_to_snowflake.py
[2025-10-13T12:14:11.732+0000] {processor.py:830} INFO - Processing file /opt/airflow/dags/minio_to_snowflake.py for tasks to queue
[2025-10-13T12:14:11.737+0000] {logging_mixin.py:188} INFO - [2025-10-13T12:14:11.736+0000] {dagbag.py:545} INFO - Filling up the DagBag from /opt/airflow/dags/minio_to_snowflake.py
[2025-10-13T12:14:13.812+0000] {processor.py:840} INFO - DAG(s) 'minio_to_snowflake' retrieved from /opt/airflow/dags/minio_to_snowflake.py
[2025-10-13T12:14:13.848+0000] {logging_mixin.py:188} INFO - [2025-10-13T12:14:13.845+0000] {dag.py:3089} INFO - Sync 1 DAGs
[2025-10-13T12:14:13.878+0000] {logging_mixin.py:188} INFO - [2025-10-13T12:14:13.877+0000] {dag.py:3947} INFO - Setting next_dagrun for minio_to_snowflake to 2025-10-13 12:13:00+00:00, run_after=2025-10-13 12:14:00+00:00
[2025-10-13T12:14:13.910+0000] {processor.py:183} INFO - Processing /opt/airflow/dags/minio_to_snowflake.py took 2.201 seconds
[2025-10-13T12:14:44.108+0000] {processor.py:161} INFO - Started process (PID=93059) to work on /opt/airflow/dags/minio_to_snowflake.py
[2025-10-13T12:14:44.110+0000] {processor.py:830} INFO - Processing file /opt/airflow/dags/minio_to_snowflake.py for tasks to queue
[2025-10-13T12:14:44.113+0000] {logging_mixin.py:188} INFO - [2025-10-13T12:14:44.113+0000] {dagbag.py:545} INFO - Filling up the DagBag from /opt/airflow/dags/minio_to_snowflake.py
[2025-10-13T12:14:45.652+0000] {processor.py:840} INFO - DAG(s) 'minio_to_snowflake' retrieved from /opt/airflow/dags/minio_to_snowflake.py
[2025-10-13T12:14:45.689+0000] {logging_mixin.py:188} INFO - [2025-10-13T12:14:45.688+0000] {dag.py:3089} INFO - Sync 1 DAGs
[2025-10-13T12:14:45.738+0000] {logging_mixin.py:188} INFO - [2025-10-13T12:14:45.738+0000] {dag.py:3947} INFO - Setting next_dagrun for minio_to_snowflake to 2025-10-13 12:13:00+00:00, run_after=2025-10-13 12:14:00+00:00
[2025-10-13T12:14:45.762+0000] {processor.py:183} INFO - Processing /opt/airflow/dags/minio_to_snowflake.py took 1.670 seconds
[2025-10-13T12:15:16.236+0000] {processor.py:161} INFO - Started process (PID=94217) to work on /opt/airflow/dags/minio_to_snowflake.py
[2025-10-13T12:15:16.239+0000] {processor.py:830} INFO - Processing file /opt/airflow/dags/minio_to_snowflake.py for tasks to queue
[2025-10-13T12:15:16.244+0000] {logging_mixin.py:188} INFO - [2025-10-13T12:15:16.242+0000] {dagbag.py:545} INFO - Filling up the DagBag from /opt/airflow/dags/minio_to_snowflake.py
[2025-10-13T12:15:17.857+0000] {processor.py:840} INFO - DAG(s) 'minio_to_snowflake' retrieved from /opt/airflow/dags/minio_to_snowflake.py
[2025-10-13T12:15:17.919+0000] {logging_mixin.py:188} INFO - [2025-10-13T12:15:17.918+0000] {dag.py:3089} INFO - Sync 1 DAGs
[2025-10-13T12:15:18.000+0000] {logging_mixin.py:188} INFO - [2025-10-13T12:15:17.999+0000] {dag.py:3947} INFO - Setting next_dagrun for minio_to_snowflake to 2025-10-13 12:14:00+00:00, run_after=2025-10-13 12:15:00+00:00
[2025-10-13T12:15:18.081+0000] {processor.py:183} INFO - Processing /opt/airflow/dags/minio_to_snowflake.py took 1.856 seconds
[2025-10-13T12:15:48.576+0000] {processor.py:161} INFO - Started process (PID=95253) to work on /opt/airflow/dags/minio_to_snowflake.py
[2025-10-13T12:15:48.579+0000] {processor.py:830} INFO - Processing file /opt/airflow/dags/minio_to_snowflake.py for tasks to queue
[2025-10-13T12:15:48.583+0000] {logging_mixin.py:188} INFO - [2025-10-13T12:15:48.583+0000] {dagbag.py:545} INFO - Filling up the DagBag from /opt/airflow/dags/minio_to_snowflake.py
[2025-10-13T12:15:50.290+0000] {processor.py:840} INFO - DAG(s) 'minio_to_snowflake' retrieved from /opt/airflow/dags/minio_to_snowflake.py
[2025-10-13T12:15:50.351+0000] {logging_mixin.py:188} INFO - [2025-10-13T12:15:50.349+0000] {dag.py:3089} INFO - Sync 1 DAGs
[2025-10-13T12:15:50.423+0000] {logging_mixin.py:188} INFO - [2025-10-13T12:15:50.422+0000] {dag.py:3947} INFO - Setting next_dagrun for minio_to_snowflake to 2025-10-13 12:14:00+00:00, run_after=2025-10-13 12:15:00+00:00
[2025-10-13T12:15:50.515+0000] {processor.py:183} INFO - Processing /opt/airflow/dags/minio_to_snowflake.py took 1.959 seconds
[2025-10-13T12:16:20.934+0000] {processor.py:161} INFO - Started process (PID=95437) to work on /opt/airflow/dags/minio_to_snowflake.py
[2025-10-13T12:16:20.936+0000] {processor.py:830} INFO - Processing file /opt/airflow/dags/minio_to_snowflake.py for tasks to queue
[2025-10-13T12:16:20.940+0000] {logging_mixin.py:188} INFO - [2025-10-13T12:16:20.940+0000] {dagbag.py:545} INFO - Filling up the DagBag from /opt/airflow/dags/minio_to_snowflake.py
[2025-10-13T12:16:22.917+0000] {processor.py:840} INFO - DAG(s) 'minio_to_snowflake' retrieved from /opt/airflow/dags/minio_to_snowflake.py
[2025-10-13T12:16:22.997+0000] {logging_mixin.py:188} INFO - [2025-10-13T12:16:22.996+0000] {dag.py:3089} INFO - Sync 1 DAGs
[2025-10-13T12:16:23.100+0000] {logging_mixin.py:188} INFO - [2025-10-13T12:16:23.099+0000] {dag.py:3947} INFO - Setting next_dagrun for minio_to_snowflake to 2025-10-13 12:15:00+00:00, run_after=2025-10-13 12:16:00+00:00
[2025-10-13T12:16:23.209+0000] {processor.py:183} INFO - Processing /opt/airflow/dags/minio_to_snowflake.py took 2.288 seconds
[2025-10-13T12:16:53.600+0000] {processor.py:161} INFO - Started process (PID=95616) to work on /opt/airflow/dags/minio_to_snowflake.py
[2025-10-13T12:16:53.602+0000] {processor.py:830} INFO - Processing file /opt/airflow/dags/minio_to_snowflake.py for tasks to queue
[2025-10-13T12:16:53.606+0000] {logging_mixin.py:188} INFO - [2025-10-13T12:16:53.606+0000] {dagbag.py:545} INFO - Filling up the DagBag from /opt/airflow/dags/minio_to_snowflake.py
[2025-10-13T12:16:55.280+0000] {processor.py:840} INFO - DAG(s) 'minio_to_snowflake' retrieved from /opt/airflow/dags/minio_to_snowflake.py
[2025-10-13T12:16:55.356+0000] {logging_mixin.py:188} INFO - [2025-10-13T12:16:55.355+0000] {dag.py:3089} INFO - Sync 1 DAGs
[2025-10-13T12:16:55.410+0000] {logging_mixin.py:188} INFO - [2025-10-13T12:16:55.410+0000] {dag.py:3947} INFO - Setting next_dagrun for minio_to_snowflake to 2025-10-13 12:15:00+00:00, run_after=2025-10-13 12:16:00+00:00
[2025-10-13T12:16:55.448+0000] {processor.py:183} INFO - Processing /opt/airflow/dags/minio_to_snowflake.py took 1.867 seconds
[2025-10-13T12:17:25.884+0000] {processor.py:161} INFO - Started process (PID=95808) to work on /opt/airflow/dags/minio_to_snowflake.py
[2025-10-13T12:17:25.886+0000] {processor.py:830} INFO - Processing file /opt/airflow/dags/minio_to_snowflake.py for tasks to queue
[2025-10-13T12:17:25.890+0000] {logging_mixin.py:188} INFO - [2025-10-13T12:17:25.889+0000] {dagbag.py:545} INFO - Filling up the DagBag from /opt/airflow/dags/minio_to_snowflake.py
[2025-10-13T12:17:27.240+0000] {processor.py:840} INFO - DAG(s) 'minio_to_snowflake' retrieved from /opt/airflow/dags/minio_to_snowflake.py
[2025-10-13T12:17:27.295+0000] {logging_mixin.py:188} INFO - [2025-10-13T12:17:27.294+0000] {dag.py:3089} INFO - Sync 1 DAGs
[2025-10-13T12:17:27.353+0000] {logging_mixin.py:188} INFO - [2025-10-13T12:17:27.352+0000] {dag.py:3947} INFO - Setting next_dagrun for minio_to_snowflake to 2025-10-13 12:16:00+00:00, run_after=2025-10-13 12:17:00+00:00
[2025-10-13T12:17:27.395+0000] {processor.py:183} INFO - Processing /opt/airflow/dags/minio_to_snowflake.py took 1.524 seconds
[2025-10-13T12:17:57.642+0000] {processor.py:161} INFO - Started process (PID=95986) to work on /opt/airflow/dags/minio_to_snowflake.py
[2025-10-13T12:17:57.645+0000] {processor.py:830} INFO - Processing file /opt/airflow/dags/minio_to_snowflake.py for tasks to queue
[2025-10-13T12:17:57.651+0000] {logging_mixin.py:188} INFO - [2025-10-13T12:17:57.651+0000] {dagbag.py:545} INFO - Filling up the DagBag from /opt/airflow/dags/minio_to_snowflake.py
[2025-10-13T12:17:58.942+0000] {processor.py:840} INFO - DAG(s) 'minio_to_snowflake' retrieved from /opt/airflow/dags/minio_to_snowflake.py
[2025-10-13T12:17:58.986+0000] {logging_mixin.py:188} INFO - [2025-10-13T12:17:58.985+0000] {dag.py:3089} INFO - Sync 1 DAGs
[2025-10-13T12:17:59.018+0000] {logging_mixin.py:188} INFO - [2025-10-13T12:17:59.018+0000] {dag.py:3947} INFO - Setting next_dagrun for minio_to_snowflake to 2025-10-13 12:16:00+00:00, run_after=2025-10-13 12:17:00+00:00
[2025-10-13T12:17:59.040+0000] {processor.py:183} INFO - Processing /opt/airflow/dags/minio_to_snowflake.py took 1.419 seconds
[2025-10-13T12:18:29.304+0000] {processor.py:161} INFO - Started process (PID=96151) to work on /opt/airflow/dags/minio_to_snowflake.py
[2025-10-13T12:18:29.310+0000] {processor.py:830} INFO - Processing file /opt/airflow/dags/minio_to_snowflake.py for tasks to queue
[2025-10-13T12:18:29.316+0000] {logging_mixin.py:188} INFO - [2025-10-13T12:18:29.315+0000] {dagbag.py:545} INFO - Filling up the DagBag from /opt/airflow/dags/minio_to_snowflake.py
[2025-10-13T12:18:31.158+0000] {processor.py:840} INFO - DAG(s) 'minio_to_snowflake' retrieved from /opt/airflow/dags/minio_to_snowflake.py
[2025-10-13T12:18:31.240+0000] {logging_mixin.py:188} INFO - [2025-10-13T12:18:31.239+0000] {dag.py:3089} INFO - Sync 1 DAGs
[2025-10-13T12:18:31.317+0000] {logging_mixin.py:188} INFO - [2025-10-13T12:18:31.317+0000] {dag.py:3947} INFO - Setting next_dagrun for minio_to_snowflake to 2025-10-13 12:17:00+00:00, run_after=2025-10-13 12:18:00+00:00
[2025-10-13T12:18:31.371+0000] {processor.py:183} INFO - Processing /opt/airflow/dags/minio_to_snowflake.py took 2.087 seconds
[2025-10-13T12:19:02.083+0000] {processor.py:161} INFO - Started process (PID=97916) to work on /opt/airflow/dags/minio_to_snowflake.py
[2025-10-13T12:19:02.085+0000] {processor.py:830} INFO - Processing file /opt/airflow/dags/minio_to_snowflake.py for tasks to queue
[2025-10-13T12:19:02.100+0000] {logging_mixin.py:188} INFO - [2025-10-13T12:19:02.099+0000] {dagbag.py:545} INFO - Filling up the DagBag from /opt/airflow/dags/minio_to_snowflake.py
[2025-10-13T12:19:03.385+0000] {processor.py:840} INFO - DAG(s) 'minio_to_snowflake' retrieved from /opt/airflow/dags/minio_to_snowflake.py
[2025-10-13T12:19:03.425+0000] {logging_mixin.py:188} INFO - [2025-10-13T12:19:03.425+0000] {dag.py:3089} INFO - Sync 1 DAGs
[2025-10-13T12:19:03.468+0000] {logging_mixin.py:188} INFO - [2025-10-13T12:19:03.468+0000] {dag.py:3947} INFO - Setting next_dagrun for minio_to_snowflake to 2025-10-13 12:18:00+00:00, run_after=2025-10-13 12:19:00+00:00
[2025-10-13T12:19:03.499+0000] {processor.py:183} INFO - Processing /opt/airflow/dags/minio_to_snowflake.py took 1.437 seconds
[2025-10-13T12:19:33.807+0000] {processor.py:161} INFO - Started process (PID=98300) to work on /opt/airflow/dags/minio_to_snowflake.py
[2025-10-13T12:19:33.810+0000] {processor.py:830} INFO - Processing file /opt/airflow/dags/minio_to_snowflake.py for tasks to queue
[2025-10-13T12:19:33.815+0000] {logging_mixin.py:188} INFO - [2025-10-13T12:19:33.814+0000] {dagbag.py:545} INFO - Filling up the DagBag from /opt/airflow/dags/minio_to_snowflake.py
[2025-10-13T12:19:36.204+0000] {processor.py:840} INFO - DAG(s) 'minio_to_snowflake' retrieved from /opt/airflow/dags/minio_to_snowflake.py
[2025-10-13T12:19:36.255+0000] {logging_mixin.py:188} INFO - [2025-10-13T12:19:36.251+0000] {dag.py:3089} INFO - Sync 1 DAGs
[2025-10-13T12:19:36.296+0000] {logging_mixin.py:188} INFO - [2025-10-13T12:19:36.296+0000] {dag.py:3947} INFO - Setting next_dagrun for minio_to_snowflake to 2025-10-13 12:18:00+00:00, run_after=2025-10-13 12:19:00+00:00
[2025-10-13T12:19:36.322+0000] {processor.py:183} INFO - Processing /opt/airflow/dags/minio_to_snowflake.py took 2.535 seconds
[2025-10-13T12:20:06.529+0000] {processor.py:161} INFO - Started process (PID=98485) to work on /opt/airflow/dags/minio_to_snowflake.py
[2025-10-13T12:20:06.534+0000] {processor.py:830} INFO - Processing file /opt/airflow/dags/minio_to_snowflake.py for tasks to queue
[2025-10-13T12:20:06.540+0000] {logging_mixin.py:188} INFO - [2025-10-13T12:20:06.539+0000] {dagbag.py:545} INFO - Filling up the DagBag from /opt/airflow/dags/minio_to_snowflake.py
[2025-10-13T12:20:08.070+0000] {processor.py:840} INFO - DAG(s) 'minio_to_snowflake' retrieved from /opt/airflow/dags/minio_to_snowflake.py
[2025-10-13T12:20:08.117+0000] {logging_mixin.py:188} INFO - [2025-10-13T12:20:08.113+0000] {dag.py:3089} INFO - Sync 1 DAGs
[2025-10-13T12:20:08.168+0000] {logging_mixin.py:188} INFO - [2025-10-13T12:20:08.168+0000] {dag.py:3947} INFO - Setting next_dagrun for minio_to_snowflake to 2025-10-13 12:19:00+00:00, run_after=2025-10-13 12:20:00+00:00
[2025-10-13T12:20:08.197+0000] {processor.py:183} INFO - Processing /opt/airflow/dags/minio_to_snowflake.py took 1.691 seconds
[2025-10-13T12:20:38.722+0000] {processor.py:161} INFO - Started process (PID=98665) to work on /opt/airflow/dags/minio_to_snowflake.py
[2025-10-13T12:20:38.724+0000] {processor.py:830} INFO - Processing file /opt/airflow/dags/minio_to_snowflake.py for tasks to queue
[2025-10-13T12:20:38.728+0000] {logging_mixin.py:188} INFO - [2025-10-13T12:20:38.727+0000] {dagbag.py:545} INFO - Filling up the DagBag from /opt/airflow/dags/minio_to_snowflake.py
[2025-10-13T12:20:40.205+0000] {processor.py:840} INFO - DAG(s) 'minio_to_snowflake' retrieved from /opt/airflow/dags/minio_to_snowflake.py
[2025-10-13T12:20:40.251+0000] {logging_mixin.py:188} INFO - [2025-10-13T12:20:40.250+0000] {dag.py:3089} INFO - Sync 1 DAGs
[2025-10-13T12:20:40.301+0000] {logging_mixin.py:188} INFO - [2025-10-13T12:20:40.300+0000] {dag.py:3947} INFO - Setting next_dagrun for minio_to_snowflake to 2025-10-13 12:19:00+00:00, run_after=2025-10-13 12:20:00+00:00
[2025-10-13T12:20:40.333+0000] {processor.py:183} INFO - Processing /opt/airflow/dags/minio_to_snowflake.py took 1.621 seconds
[2025-10-13T12:21:10.798+0000] {processor.py:161} INFO - Started process (PID=98842) to work on /opt/airflow/dags/minio_to_snowflake.py
[2025-10-13T12:21:10.808+0000] {processor.py:830} INFO - Processing file /opt/airflow/dags/minio_to_snowflake.py for tasks to queue
[2025-10-13T12:21:10.829+0000] {logging_mixin.py:188} INFO - [2025-10-13T12:21:10.829+0000] {dagbag.py:545} INFO - Filling up the DagBag from /opt/airflow/dags/minio_to_snowflake.py
[2025-10-13T12:21:12.712+0000] {processor.py:840} INFO - DAG(s) 'minio_to_snowflake' retrieved from /opt/airflow/dags/minio_to_snowflake.py
[2025-10-13T12:21:12.760+0000] {logging_mixin.py:188} INFO - [2025-10-13T12:21:12.759+0000] {dag.py:3089} INFO - Sync 1 DAGs
[2025-10-13T12:21:12.800+0000] {logging_mixin.py:188} INFO - [2025-10-13T12:21:12.800+0000] {dag.py:3947} INFO - Setting next_dagrun for minio_to_snowflake to 2025-10-13 12:20:00+00:00, run_after=2025-10-13 12:21:00+00:00
[2025-10-13T12:21:12.830+0000] {processor.py:183} INFO - Processing /opt/airflow/dags/minio_to_snowflake.py took 2.043 seconds
[2025-10-13T12:21:43.211+0000] {processor.py:161} INFO - Started process (PID=99022) to work on /opt/airflow/dags/minio_to_snowflake.py
[2025-10-13T12:21:43.213+0000] {processor.py:830} INFO - Processing file /opt/airflow/dags/minio_to_snowflake.py for tasks to queue
[2025-10-13T12:21:43.218+0000] {logging_mixin.py:188} INFO - [2025-10-13T12:21:43.217+0000] {dagbag.py:545} INFO - Filling up the DagBag from /opt/airflow/dags/minio_to_snowflake.py
[2025-10-13T12:21:44.810+0000] {processor.py:840} INFO - DAG(s) 'minio_to_snowflake' retrieved from /opt/airflow/dags/minio_to_snowflake.py
[2025-10-13T12:21:44.855+0000] {logging_mixin.py:188} INFO - [2025-10-13T12:21:44.854+0000] {dag.py:3089} INFO - Sync 1 DAGs
[2025-10-13T12:21:44.896+0000] {logging_mixin.py:188} INFO - [2025-10-13T12:21:44.896+0000] {dag.py:3947} INFO - Setting next_dagrun for minio_to_snowflake to 2025-10-13 12:20:00+00:00, run_after=2025-10-13 12:21:00+00:00
[2025-10-13T12:21:44.923+0000] {processor.py:183} INFO - Processing /opt/airflow/dags/minio_to_snowflake.py took 1.730 seconds
[2025-10-13T12:22:15.817+0000] {processor.py:161} INFO - Started process (PID=99210) to work on /opt/airflow/dags/minio_to_snowflake.py
[2025-10-13T12:22:15.823+0000] {processor.py:830} INFO - Processing file /opt/airflow/dags/minio_to_snowflake.py for tasks to queue
[2025-10-13T12:22:15.829+0000] {logging_mixin.py:188} INFO - [2025-10-13T12:22:15.828+0000] {dagbag.py:545} INFO - Filling up the DagBag from /opt/airflow/dags/minio_to_snowflake.py
[2025-10-13T12:22:17.616+0000] {processor.py:840} INFO - DAG(s) 'minio_to_snowflake' retrieved from /opt/airflow/dags/minio_to_snowflake.py
[2025-10-13T12:22:17.663+0000] {logging_mixin.py:188} INFO - [2025-10-13T12:22:17.662+0000] {dag.py:3089} INFO - Sync 1 DAGs
[2025-10-13T12:22:17.724+0000] {logging_mixin.py:188} INFO - [2025-10-13T12:22:17.723+0000] {dag.py:3947} INFO - Setting next_dagrun for minio_to_snowflake to 2025-10-13 12:21:00+00:00, run_after=2025-10-13 12:22:00+00:00
[2025-10-13T12:22:17.763+0000] {processor.py:183} INFO - Processing /opt/airflow/dags/minio_to_snowflake.py took 1.959 seconds
[2025-10-13T12:22:48.043+0000] {processor.py:161} INFO - Started process (PID=1535) to work on /opt/airflow/dags/minio_to_snowflake.py
[2025-10-13T12:22:48.045+0000] {processor.py:830} INFO - Processing file /opt/airflow/dags/minio_to_snowflake.py for tasks to queue
[2025-10-13T12:22:48.048+0000] {logging_mixin.py:188} INFO - [2025-10-13T12:22:48.048+0000] {dagbag.py:545} INFO - Filling up the DagBag from /opt/airflow/dags/minio_to_snowflake.py
[2025-10-13T12:22:49.246+0000] {processor.py:840} INFO - DAG(s) 'minio_to_snowflake' retrieved from /opt/airflow/dags/minio_to_snowflake.py
[2025-10-13T12:22:49.282+0000] {logging_mixin.py:188} INFO - [2025-10-13T12:22:49.279+0000] {dag.py:3089} INFO - Sync 1 DAGs
[2025-10-13T12:22:49.312+0000] {logging_mixin.py:188} INFO - [2025-10-13T12:22:49.312+0000] {dag.py:3947} INFO - Setting next_dagrun for minio_to_snowflake to 2025-10-13 12:22:00+00:00, run_after=2025-10-13 12:23:00+00:00
[2025-10-13T12:22:49.336+0000] {processor.py:183} INFO - Processing /opt/airflow/dags/minio_to_snowflake.py took 1.303 seconds
[2025-10-13T12:23:19.572+0000] {processor.py:161} INFO - Started process (PID=1686) to work on /opt/airflow/dags/minio_to_snowflake.py
[2025-10-13T12:23:19.575+0000] {processor.py:830} INFO - Processing file /opt/airflow/dags/minio_to_snowflake.py for tasks to queue
[2025-10-13T12:23:19.581+0000] {logging_mixin.py:188} INFO - [2025-10-13T12:23:19.580+0000] {dagbag.py:545} INFO - Filling up the DagBag from /opt/airflow/dags/minio_to_snowflake.py
[2025-10-13T12:23:21.218+0000] {processor.py:840} INFO - DAG(s) 'minio_to_snowflake' retrieved from /opt/airflow/dags/minio_to_snowflake.py
[2025-10-13T12:23:21.256+0000] {logging_mixin.py:188} INFO - [2025-10-13T12:23:21.255+0000] {dag.py:3089} INFO - Sync 1 DAGs
[2025-10-13T12:23:21.296+0000] {logging_mixin.py:188} INFO - [2025-10-13T12:23:21.295+0000] {dag.py:3947} INFO - Setting next_dagrun for minio_to_snowflake to 2025-10-13 12:22:00+00:00, run_after=2025-10-13 12:23:00+00:00
[2025-10-13T12:23:21.327+0000] {processor.py:183} INFO - Processing /opt/airflow/dags/minio_to_snowflake.py took 1.774 seconds
[2025-10-13T12:23:51.788+0000] {processor.py:161} INFO - Started process (PID=1882) to work on /opt/airflow/dags/minio_to_snowflake.py
[2025-10-13T12:23:51.791+0000] {processor.py:830} INFO - Processing file /opt/airflow/dags/minio_to_snowflake.py for tasks to queue
[2025-10-13T12:23:51.794+0000] {logging_mixin.py:188} INFO - [2025-10-13T12:23:51.793+0000] {dagbag.py:545} INFO - Filling up the DagBag from /opt/airflow/dags/minio_to_snowflake.py
[2025-10-13T12:23:53.421+0000] {processor.py:840} INFO - DAG(s) 'minio_to_snowflake' retrieved from /opt/airflow/dags/minio_to_snowflake.py
[2025-10-13T12:23:53.468+0000] {logging_mixin.py:188} INFO - [2025-10-13T12:23:53.467+0000] {dag.py:3089} INFO - Sync 1 DAGs
[2025-10-13T12:23:53.524+0000] {logging_mixin.py:188} INFO - [2025-10-13T12:23:53.524+0000] {dag.py:3947} INFO - Setting next_dagrun for minio_to_snowflake to 2025-10-13 12:22:00+00:00, run_after=2025-10-13 12:23:00+00:00
[2025-10-13T12:23:53.556+0000] {processor.py:183} INFO - Processing /opt/airflow/dags/minio_to_snowflake.py took 1.786 seconds
[2025-10-13T12:24:23.947+0000] {processor.py:161} INFO - Started process (PID=2078) to work on /opt/airflow/dags/minio_to_snowflake.py
[2025-10-13T12:24:23.950+0000] {processor.py:830} INFO - Processing file /opt/airflow/dags/minio_to_snowflake.py for tasks to queue
[2025-10-13T12:24:23.956+0000] {logging_mixin.py:188} INFO - [2025-10-13T12:24:23.955+0000] {dagbag.py:545} INFO - Filling up the DagBag from /opt/airflow/dags/minio_to_snowflake.py
[2025-10-13T12:24:25.920+0000] {processor.py:840} INFO - DAG(s) 'minio_to_snowflake' retrieved from /opt/airflow/dags/minio_to_snowflake.py
[2025-10-13T12:24:25.990+0000] {logging_mixin.py:188} INFO - [2025-10-13T12:24:25.988+0000] {dag.py:3089} INFO - Sync 1 DAGs
[2025-10-13T12:24:26.046+0000] {logging_mixin.py:188} INFO - [2025-10-13T12:24:26.046+0000] {dag.py:3947} INFO - Setting next_dagrun for minio_to_snowflake to 2025-10-13 12:23:00+00:00, run_after=2025-10-13 12:24:00+00:00
[2025-10-13T12:24:26.102+0000] {processor.py:183} INFO - Processing /opt/airflow/dags/minio_to_snowflake.py took 2.175 seconds
[2025-10-13T12:24:56.362+0000] {processor.py:161} INFO - Started process (PID=2255) to work on /opt/airflow/dags/minio_to_snowflake.py
[2025-10-13T12:24:56.366+0000] {processor.py:830} INFO - Processing file /opt/airflow/dags/minio_to_snowflake.py for tasks to queue
[2025-10-13T12:24:56.376+0000] {logging_mixin.py:188} INFO - [2025-10-13T12:24:56.375+0000] {dagbag.py:545} INFO - Filling up the DagBag from /opt/airflow/dags/minio_to_snowflake.py
[2025-10-13T12:24:58.061+0000] {processor.py:840} INFO - DAG(s) 'minio_to_snowflake' retrieved from /opt/airflow/dags/minio_to_snowflake.py
[2025-10-13T12:24:58.096+0000] {logging_mixin.py:188} INFO - [2025-10-13T12:24:58.095+0000] {dag.py:3089} INFO - Sync 1 DAGs
[2025-10-13T12:24:58.133+0000] {logging_mixin.py:188} INFO - [2025-10-13T12:24:58.133+0000] {dag.py:3947} INFO - Setting next_dagrun for minio_to_snowflake to 2025-10-13 12:23:00+00:00, run_after=2025-10-13 12:24:00+00:00
[2025-10-13T12:24:58.163+0000] {processor.py:183} INFO - Processing /opt/airflow/dags/minio_to_snowflake.py took 1.825 seconds
[2025-10-13T12:25:28.626+0000] {processor.py:161} INFO - Started process (PID=2425) to work on /opt/airflow/dags/minio_to_snowflake.py
[2025-10-13T12:25:28.629+0000] {processor.py:830} INFO - Processing file /opt/airflow/dags/minio_to_snowflake.py for tasks to queue
[2025-10-13T12:25:28.633+0000] {logging_mixin.py:188} INFO - [2025-10-13T12:25:28.632+0000] {dagbag.py:545} INFO - Filling up the DagBag from /opt/airflow/dags/minio_to_snowflake.py
[2025-10-13T12:25:30.137+0000] {processor.py:840} INFO - DAG(s) 'minio_to_snowflake' retrieved from /opt/airflow/dags/minio_to_snowflake.py
[2025-10-13T12:25:30.195+0000] {logging_mixin.py:188} INFO - [2025-10-13T12:25:30.193+0000] {dag.py:3089} INFO - Sync 1 DAGs
[2025-10-13T12:25:30.251+0000] {logging_mixin.py:188} INFO - [2025-10-13T12:25:30.250+0000] {dag.py:3947} INFO - Setting next_dagrun for minio_to_snowflake to 2025-10-13 12:24:00+00:00, run_after=2025-10-13 12:25:00+00:00
[2025-10-13T12:25:30.294+0000] {processor.py:183} INFO - Processing /opt/airflow/dags/minio_to_snowflake.py took 1.679 seconds
[2025-10-13T12:26:00.744+0000] {processor.py:161} INFO - Started process (PID=2571) to work on /opt/airflow/dags/minio_to_snowflake.py
[2025-10-13T12:26:00.746+0000] {processor.py:830} INFO - Processing file /opt/airflow/dags/minio_to_snowflake.py for tasks to queue
[2025-10-13T12:26:00.750+0000] {logging_mixin.py:188} INFO - [2025-10-13T12:26:00.750+0000] {dagbag.py:545} INFO - Filling up the DagBag from /opt/airflow/dags/minio_to_snowflake.py
[2025-10-13T12:26:02.101+0000] {processor.py:840} INFO - DAG(s) 'minio_to_snowflake' retrieved from /opt/airflow/dags/minio_to_snowflake.py
[2025-10-13T12:26:02.146+0000] {logging_mixin.py:188} INFO - [2025-10-13T12:26:02.146+0000] {dag.py:3089} INFO - Sync 1 DAGs
[2025-10-13T12:26:02.184+0000] {logging_mixin.py:188} INFO - [2025-10-13T12:26:02.184+0000] {dag.py:3947} INFO - Setting next_dagrun for minio_to_snowflake to 2025-10-13 12:25:00+00:00, run_after=2025-10-13 12:26:00+00:00
[2025-10-13T12:26:02.209+0000] {processor.py:183} INFO - Processing /opt/airflow/dags/minio_to_snowflake.py took 1.476 seconds
[2025-10-13T12:26:32.503+0000] {processor.py:161} INFO - Started process (PID=4599) to work on /opt/airflow/dags/minio_to_snowflake.py
[2025-10-13T12:26:32.505+0000] {processor.py:830} INFO - Processing file /opt/airflow/dags/minio_to_snowflake.py for tasks to queue
[2025-10-13T12:26:32.511+0000] {logging_mixin.py:188} INFO - [2025-10-13T12:26:32.510+0000] {dagbag.py:545} INFO - Filling up the DagBag from /opt/airflow/dags/minio_to_snowflake.py
[2025-10-13T12:26:34.076+0000] {processor.py:840} INFO - DAG(s) 'minio_to_snowflake' retrieved from /opt/airflow/dags/minio_to_snowflake.py
[2025-10-13T12:26:34.138+0000] {logging_mixin.py:188} INFO - [2025-10-13T12:26:34.137+0000] {dag.py:3089} INFO - Sync 1 DAGs
[2025-10-13T12:26:34.199+0000] {logging_mixin.py:188} INFO - [2025-10-13T12:26:34.199+0000] {dag.py:3947} INFO - Setting next_dagrun for minio_to_snowflake to 2025-10-13 12:25:00+00:00, run_after=2025-10-13 12:26:00+00:00
[2025-10-13T12:26:34.261+0000] {processor.py:183} INFO - Processing /opt/airflow/dags/minio_to_snowflake.py took 1.766 seconds
[2025-10-13T12:27:05.381+0000] {processor.py:161} INFO - Started process (PID=4792) to work on /opt/airflow/dags/minio_to_snowflake.py
[2025-10-13T12:27:05.386+0000] {processor.py:830} INFO - Processing file /opt/airflow/dags/minio_to_snowflake.py for tasks to queue
[2025-10-13T12:27:05.404+0000] {logging_mixin.py:188} INFO - [2025-10-13T12:27:05.400+0000] {dagbag.py:545} INFO - Filling up the DagBag from /opt/airflow/dags/minio_to_snowflake.py
[2025-10-13T12:27:07.624+0000] {processor.py:840} INFO - DAG(s) 'minio_to_snowflake' retrieved from /opt/airflow/dags/minio_to_snowflake.py
[2025-10-13T12:27:07.653+0000] {logging_mixin.py:188} INFO - [2025-10-13T12:27:07.652+0000] {dag.py:3089} INFO - Sync 1 DAGs
[2025-10-13T12:27:07.700+0000] {logging_mixin.py:188} INFO - [2025-10-13T12:27:07.699+0000] {dag.py:3947} INFO - Setting next_dagrun for minio_to_snowflake to 2025-10-13 12:26:00+00:00, run_after=2025-10-13 12:27:00+00:00
[2025-10-13T12:27:07.736+0000] {processor.py:183} INFO - Processing /opt/airflow/dags/minio_to_snowflake.py took 2.392 seconds
[2025-10-13T12:27:37.961+0000] {processor.py:161} INFO - Started process (PID=4980) to work on /opt/airflow/dags/minio_to_snowflake.py
[2025-10-13T12:27:37.963+0000] {processor.py:830} INFO - Processing file /opt/airflow/dags/minio_to_snowflake.py for tasks to queue
[2025-10-13T12:27:37.968+0000] {logging_mixin.py:188} INFO - [2025-10-13T12:27:37.967+0000] {dagbag.py:545} INFO - Filling up the DagBag from /opt/airflow/dags/minio_to_snowflake.py
[2025-10-13T12:27:39.373+0000] {processor.py:840} INFO - DAG(s) 'minio_to_snowflake' retrieved from /opt/airflow/dags/minio_to_snowflake.py
[2025-10-13T12:27:39.426+0000] {logging_mixin.py:188} INFO - [2025-10-13T12:27:39.426+0000] {dag.py:3089} INFO - Sync 1 DAGs
[2025-10-13T12:27:39.472+0000] {logging_mixin.py:188} INFO - [2025-10-13T12:27:39.472+0000] {dag.py:3947} INFO - Setting next_dagrun for minio_to_snowflake to 2025-10-13 12:26:00+00:00, run_after=2025-10-13 12:27:00+00:00
[2025-10-13T12:27:39.504+0000] {processor.py:183} INFO - Processing /opt/airflow/dags/minio_to_snowflake.py took 1.561 seconds
[2025-10-13T12:28:09.931+0000] {processor.py:161} INFO - Started process (PID=5169) to work on /opt/airflow/dags/minio_to_snowflake.py
[2025-10-13T12:28:09.934+0000] {processor.py:830} INFO - Processing file /opt/airflow/dags/minio_to_snowflake.py for tasks to queue
[2025-10-13T12:28:09.941+0000] {logging_mixin.py:188} INFO - [2025-10-13T12:28:09.940+0000] {dagbag.py:545} INFO - Filling up the DagBag from /opt/airflow/dags/minio_to_snowflake.py
[2025-10-13T12:28:11.600+0000] {processor.py:840} INFO - DAG(s) 'minio_to_snowflake' retrieved from /opt/airflow/dags/minio_to_snowflake.py
[2025-10-13T12:28:11.665+0000] {logging_mixin.py:188} INFO - [2025-10-13T12:28:11.664+0000] {dag.py:3089} INFO - Sync 1 DAGs
[2025-10-13T12:28:11.704+0000] {logging_mixin.py:188} INFO - [2025-10-13T12:28:11.704+0000] {dag.py:3947} INFO - Setting next_dagrun for minio_to_snowflake to 2025-10-13 12:27:00+00:00, run_after=2025-10-13 12:28:00+00:00
[2025-10-13T12:28:11.737+0000] {processor.py:183} INFO - Processing /opt/airflow/dags/minio_to_snowflake.py took 1.827 seconds
[2025-10-13T12:28:41.877+0000] {processor.py:161} INFO - Started process (PID=5362) to work on /opt/airflow/dags/minio_to_snowflake.py
[2025-10-13T12:28:41.880+0000] {processor.py:830} INFO - Processing file /opt/airflow/dags/minio_to_snowflake.py for tasks to queue
[2025-10-13T12:28:41.886+0000] {logging_mixin.py:188} INFO - [2025-10-13T12:28:41.885+0000] {dagbag.py:545} INFO - Filling up the DagBag from /opt/airflow/dags/minio_to_snowflake.py
[2025-10-13T12:28:43.630+0000] {processor.py:840} INFO - DAG(s) 'minio_to_snowflake' retrieved from /opt/airflow/dags/minio_to_snowflake.py
[2025-10-13T12:28:43.671+0000] {logging_mixin.py:188} INFO - [2025-10-13T12:28:43.670+0000] {dag.py:3089} INFO - Sync 1 DAGs
[2025-10-13T12:28:43.709+0000] {logging_mixin.py:188} INFO - [2025-10-13T12:28:43.708+0000] {dag.py:3947} INFO - Setting next_dagrun for minio_to_snowflake to 2025-10-13 12:27:00+00:00, run_after=2025-10-13 12:28:00+00:00
[2025-10-13T12:28:43.734+0000] {processor.py:183} INFO - Processing /opt/airflow/dags/minio_to_snowflake.py took 1.876 seconds
[2025-10-13T12:29:14.138+0000] {processor.py:161} INFO - Started process (PID=5546) to work on /opt/airflow/dags/minio_to_snowflake.py
[2025-10-13T12:29:14.141+0000] {processor.py:830} INFO - Processing file /opt/airflow/dags/minio_to_snowflake.py for tasks to queue
[2025-10-13T12:29:14.152+0000] {logging_mixin.py:188} INFO - [2025-10-13T12:29:14.150+0000] {dagbag.py:545} INFO - Filling up the DagBag from /opt/airflow/dags/minio_to_snowflake.py
[2025-10-13T12:29:16.529+0000] {processor.py:840} INFO - DAG(s) 'minio_to_snowflake' retrieved from /opt/airflow/dags/minio_to_snowflake.py
[2025-10-13T12:29:16.561+0000] {logging_mixin.py:188} INFO - [2025-10-13T12:29:16.560+0000] {dag.py:3089} INFO - Sync 1 DAGs
[2025-10-13T12:29:16.593+0000] {logging_mixin.py:188} INFO - [2025-10-13T12:29:16.592+0000] {dag.py:3947} INFO - Setting next_dagrun for minio_to_snowflake to 2025-10-13 12:28:00+00:00, run_after=2025-10-13 12:29:00+00:00
[2025-10-13T12:29:16.620+0000] {processor.py:183} INFO - Processing /opt/airflow/dags/minio_to_snowflake.py took 2.509 seconds
[2025-10-13T12:29:46.791+0000] {processor.py:161} INFO - Started process (PID=7187) to work on /opt/airflow/dags/minio_to_snowflake.py
[2025-10-13T12:29:46.792+0000] {processor.py:830} INFO - Processing file /opt/airflow/dags/minio_to_snowflake.py for tasks to queue
[2025-10-13T12:29:46.796+0000] {logging_mixin.py:188} INFO - [2025-10-13T12:29:46.795+0000] {dagbag.py:545} INFO - Filling up the DagBag from /opt/airflow/dags/minio_to_snowflake.py
[2025-10-13T12:29:48.441+0000] {processor.py:840} INFO - DAG(s) 'minio_to_snowflake' retrieved from /opt/airflow/dags/minio_to_snowflake.py
[2025-10-13T12:29:48.506+0000] {logging_mixin.py:188} INFO - [2025-10-13T12:29:48.505+0000] {dag.py:3089} INFO - Sync 1 DAGs
[2025-10-13T12:29:48.612+0000] {logging_mixin.py:188} INFO - [2025-10-13T12:29:48.601+0000] {dag.py:3947} INFO - Setting next_dagrun for minio_to_snowflake to 2025-10-13 12:29:00+00:00, run_after=2025-10-13 12:30:00+00:00
[2025-10-13T12:29:48.688+0000] {processor.py:183} INFO - Processing /opt/airflow/dags/minio_to_snowflake.py took 1.909 seconds
[2025-10-13T12:30:19.040+0000] {processor.py:161} INFO - Started process (PID=7713) to work on /opt/airflow/dags/minio_to_snowflake.py
[2025-10-13T12:30:19.042+0000] {processor.py:830} INFO - Processing file /opt/airflow/dags/minio_to_snowflake.py for tasks to queue
[2025-10-13T12:30:19.047+0000] {logging_mixin.py:188} INFO - [2025-10-13T12:30:19.047+0000] {dagbag.py:545} INFO - Filling up the DagBag from /opt/airflow/dags/minio_to_snowflake.py
[2025-10-13T12:30:20.629+0000] {processor.py:840} INFO - DAG(s) 'minio_to_snowflake' retrieved from /opt/airflow/dags/minio_to_snowflake.py
[2025-10-13T12:30:20.665+0000] {logging_mixin.py:188} INFO - [2025-10-13T12:30:20.665+0000] {dag.py:3089} INFO - Sync 1 DAGs
[2025-10-13T12:30:20.704+0000] {logging_mixin.py:188} INFO - [2025-10-13T12:30:20.703+0000] {dag.py:3947} INFO - Setting next_dagrun for minio_to_snowflake to 2025-10-13 12:29:00+00:00, run_after=2025-10-13 12:30:00+00:00
[2025-10-13T12:30:20.734+0000] {processor.py:183} INFO - Processing /opt/airflow/dags/minio_to_snowflake.py took 1.715 seconds
[2025-10-13T12:30:51.089+0000] {processor.py:161} INFO - Started process (PID=7894) to work on /opt/airflow/dags/minio_to_snowflake.py
[2025-10-13T12:30:51.091+0000] {processor.py:830} INFO - Processing file /opt/airflow/dags/minio_to_snowflake.py for tasks to queue
[2025-10-13T12:30:51.093+0000] {logging_mixin.py:188} INFO - [2025-10-13T12:30:51.093+0000] {dagbag.py:545} INFO - Filling up the DagBag from /opt/airflow/dags/minio_to_snowflake.py
[2025-10-13T12:30:52.835+0000] {processor.py:840} INFO - DAG(s) 'minio_to_snowflake' retrieved from /opt/airflow/dags/minio_to_snowflake.py
[2025-10-13T12:30:52.896+0000] {logging_mixin.py:188} INFO - [2025-10-13T12:30:52.895+0000] {dag.py:3089} INFO - Sync 1 DAGs
[2025-10-13T12:30:52.955+0000] {logging_mixin.py:188} INFO - [2025-10-13T12:30:52.954+0000] {dag.py:3947} INFO - Setting next_dagrun for minio_to_snowflake to 2025-10-13 12:29:00+00:00, run_after=2025-10-13 12:30:00+00:00
[2025-10-13T12:30:52.989+0000] {processor.py:183} INFO - Processing /opt/airflow/dags/minio_to_snowflake.py took 1.909 seconds
[2025-10-13T12:31:23.569+0000] {processor.py:161} INFO - Started process (PID=8060) to work on /opt/airflow/dags/minio_to_snowflake.py
[2025-10-13T12:31:23.574+0000] {processor.py:830} INFO - Processing file /opt/airflow/dags/minio_to_snowflake.py for tasks to queue
[2025-10-13T12:31:23.582+0000] {logging_mixin.py:188} INFO - [2025-10-13T12:31:23.581+0000] {dagbag.py:545} INFO - Filling up the DagBag from /opt/airflow/dags/minio_to_snowflake.py
[2025-10-13T12:31:25.264+0000] {processor.py:840} INFO - DAG(s) 'minio_to_snowflake' retrieved from /opt/airflow/dags/minio_to_snowflake.py
[2025-10-13T12:31:25.305+0000] {logging_mixin.py:188} INFO - [2025-10-13T12:31:25.304+0000] {dag.py:3089} INFO - Sync 1 DAGs
[2025-10-13T12:31:25.340+0000] {logging_mixin.py:188} INFO - [2025-10-13T12:31:25.340+0000] {dag.py:3947} INFO - Setting next_dagrun for minio_to_snowflake to 2025-10-13 12:30:00+00:00, run_after=2025-10-13 12:31:00+00:00
[2025-10-13T12:31:25.369+0000] {processor.py:183} INFO - Processing /opt/airflow/dags/minio_to_snowflake.py took 1.821 seconds
[2025-10-13T12:31:56.019+0000] {processor.py:161} INFO - Started process (PID=8253) to work on /opt/airflow/dags/minio_to_snowflake.py
[2025-10-13T12:31:56.040+0000] {processor.py:830} INFO - Processing file /opt/airflow/dags/minio_to_snowflake.py for tasks to queue
[2025-10-13T12:31:56.062+0000] {logging_mixin.py:188} INFO - [2025-10-13T12:31:56.061+0000] {dagbag.py:545} INFO - Filling up the DagBag from /opt/airflow/dags/minio_to_snowflake.py
[2025-10-13T12:31:57.633+0000] {processor.py:840} INFO - DAG(s) 'minio_to_snowflake' retrieved from /opt/airflow/dags/minio_to_snowflake.py
[2025-10-13T12:31:57.690+0000] {logging_mixin.py:188} INFO - [2025-10-13T12:31:57.688+0000] {dag.py:3089} INFO - Sync 1 DAGs
[2025-10-13T12:31:57.726+0000] {logging_mixin.py:188} INFO - [2025-10-13T12:31:57.726+0000] {dag.py:3947} INFO - Setting next_dagrun for minio_to_snowflake to 2025-10-13 12:30:00+00:00, run_after=2025-10-13 12:31:00+00:00
[2025-10-13T12:31:57.766+0000] {processor.py:183} INFO - Processing /opt/airflow/dags/minio_to_snowflake.py took 1.768 seconds
[2025-10-13T12:32:28.147+0000] {processor.py:161} INFO - Started process (PID=8432) to work on /opt/airflow/dags/minio_to_snowflake.py
[2025-10-13T12:32:28.149+0000] {processor.py:830} INFO - Processing file /opt/airflow/dags/minio_to_snowflake.py for tasks to queue
[2025-10-13T12:32:28.156+0000] {logging_mixin.py:188} INFO - [2025-10-13T12:32:28.154+0000] {dagbag.py:545} INFO - Filling up the DagBag from /opt/airflow/dags/minio_to_snowflake.py
[2025-10-13T12:32:29.735+0000] {processor.py:840} INFO - DAG(s) 'minio_to_snowflake' retrieved from /opt/airflow/dags/minio_to_snowflake.py
[2025-10-13T12:32:29.775+0000] {logging_mixin.py:188} INFO - [2025-10-13T12:32:29.774+0000] {dag.py:3089} INFO - Sync 1 DAGs
[2025-10-13T12:32:29.822+0000] {logging_mixin.py:188} INFO - [2025-10-13T12:32:29.821+0000] {dag.py:3947} INFO - Setting next_dagrun for minio_to_snowflake to 2025-10-13 12:31:00+00:00, run_after=2025-10-13 12:32:00+00:00
[2025-10-13T12:32:29.853+0000] {processor.py:183} INFO - Processing /opt/airflow/dags/minio_to_snowflake.py took 1.732 seconds
[2025-10-13T12:33:00.274+0000] {processor.py:161} INFO - Started process (PID=8626) to work on /opt/airflow/dags/minio_to_snowflake.py
[2025-10-13T12:33:00.276+0000] {processor.py:830} INFO - Processing file /opt/airflow/dags/minio_to_snowflake.py for tasks to queue
[2025-10-13T12:33:00.279+0000] {logging_mixin.py:188} INFO - [2025-10-13T12:33:00.278+0000] {dagbag.py:545} INFO - Filling up the DagBag from /opt/airflow/dags/minio_to_snowflake.py
[2025-10-13T12:33:01.667+0000] {processor.py:840} INFO - DAG(s) 'minio_to_snowflake' retrieved from /opt/airflow/dags/minio_to_snowflake.py
[2025-10-13T12:33:01.708+0000] {logging_mixin.py:188} INFO - [2025-10-13T12:33:01.707+0000] {dag.py:3089} INFO - Sync 1 DAGs
[2025-10-13T12:33:01.750+0000] {logging_mixin.py:188} INFO - [2025-10-13T12:33:01.749+0000] {dag.py:3947} INFO - Setting next_dagrun for minio_to_snowflake to 2025-10-13 12:32:00+00:00, run_after=2025-10-13 12:33:00+00:00
[2025-10-13T12:33:01.781+0000] {processor.py:183} INFO - Processing /opt/airflow/dags/minio_to_snowflake.py took 1.517 seconds
[2025-10-13T12:33:32.098+0000] {processor.py:161} INFO - Started process (PID=10600) to work on /opt/airflow/dags/minio_to_snowflake.py
[2025-10-13T12:33:32.100+0000] {processor.py:830} INFO - Processing file /opt/airflow/dags/minio_to_snowflake.py for tasks to queue
[2025-10-13T12:33:32.105+0000] {logging_mixin.py:188} INFO - [2025-10-13T12:33:32.104+0000] {dagbag.py:545} INFO - Filling up the DagBag from /opt/airflow/dags/minio_to_snowflake.py
[2025-10-13T12:33:33.334+0000] {processor.py:840} INFO - DAG(s) 'minio_to_snowflake' retrieved from /opt/airflow/dags/minio_to_snowflake.py
[2025-10-13T12:33:33.411+0000] {logging_mixin.py:188} INFO - [2025-10-13T12:33:33.410+0000] {dag.py:3089} INFO - Sync 1 DAGs
[2025-10-13T12:33:33.488+0000] {logging_mixin.py:188} INFO - [2025-10-13T12:33:33.488+0000] {dag.py:3947} INFO - Setting next_dagrun for minio_to_snowflake to 2025-10-13 12:33:00+00:00, run_after=2025-10-13 12:34:00+00:00
[2025-10-13T12:33:33.569+0000] {processor.py:183} INFO - Processing /opt/airflow/dags/minio_to_snowflake.py took 1.483 seconds
[2025-10-13T12:34:04.007+0000] {processor.py:161} INFO - Started process (PID=10787) to work on /opt/airflow/dags/minio_to_snowflake.py
[2025-10-13T12:34:04.008+0000] {processor.py:830} INFO - Processing file /opt/airflow/dags/minio_to_snowflake.py for tasks to queue
[2025-10-13T12:34:04.012+0000] {logging_mixin.py:188} INFO - [2025-10-13T12:34:04.012+0000] {dagbag.py:545} INFO - Filling up the DagBag from /opt/airflow/dags/minio_to_snowflake.py
[2025-10-13T12:34:05.547+0000] {processor.py:840} INFO - DAG(s) 'minio_to_snowflake' retrieved from /opt/airflow/dags/minio_to_snowflake.py
[2025-10-13T12:34:05.581+0000] {logging_mixin.py:188} INFO - [2025-10-13T12:34:05.579+0000] {dag.py:3089} INFO - Sync 1 DAGs
[2025-10-13T12:34:05.638+0000] {logging_mixin.py:188} INFO - [2025-10-13T12:34:05.637+0000] {dag.py:3947} INFO - Setting next_dagrun for minio_to_snowflake to 2025-10-13 12:33:00+00:00, run_after=2025-10-13 12:34:00+00:00
[2025-10-13T12:34:05.685+0000] {processor.py:183} INFO - Processing /opt/airflow/dags/minio_to_snowflake.py took 1.686 seconds
[2025-10-13T12:34:36.335+0000] {processor.py:161} INFO - Started process (PID=10969) to work on /opt/airflow/dags/minio_to_snowflake.py
[2025-10-13T12:34:36.346+0000] {processor.py:830} INFO - Processing file /opt/airflow/dags/minio_to_snowflake.py for tasks to queue
[2025-10-13T12:34:36.350+0000] {logging_mixin.py:188} INFO - [2025-10-13T12:34:36.349+0000] {dagbag.py:545} INFO - Filling up the DagBag from /opt/airflow/dags/minio_to_snowflake.py
[2025-10-13T12:34:37.879+0000] {processor.py:840} INFO - DAG(s) 'minio_to_snowflake' retrieved from /opt/airflow/dags/minio_to_snowflake.py
[2025-10-13T12:34:37.950+0000] {logging_mixin.py:188} INFO - [2025-10-13T12:34:37.949+0000] {dag.py:3089} INFO - Sync 1 DAGs
[2025-10-13T12:34:38.013+0000] {logging_mixin.py:188} INFO - [2025-10-13T12:34:38.013+0000] {dag.py:3947} INFO - Setting next_dagrun for minio_to_snowflake to 2025-10-13 12:33:00+00:00, run_after=2025-10-13 12:34:00+00:00
[2025-10-13T12:34:38.053+0000] {processor.py:183} INFO - Processing /opt/airflow/dags/minio_to_snowflake.py took 1.729 seconds
[2025-10-13T12:35:08.764+0000] {processor.py:161} INFO - Started process (PID=11146) to work on /opt/airflow/dags/minio_to_snowflake.py
[2025-10-13T12:35:08.766+0000] {processor.py:830} INFO - Processing file /opt/airflow/dags/minio_to_snowflake.py for tasks to queue
[2025-10-13T12:35:08.770+0000] {logging_mixin.py:188} INFO - [2025-10-13T12:35:08.769+0000] {dagbag.py:545} INFO - Filling up the DagBag from /opt/airflow/dags/minio_to_snowflake.py
[2025-10-13T12:35:10.086+0000] {processor.py:840} INFO - DAG(s) 'minio_to_snowflake' retrieved from /opt/airflow/dags/minio_to_snowflake.py
[2025-10-13T12:35:10.140+0000] {logging_mixin.py:188} INFO - [2025-10-13T12:35:10.139+0000] {dag.py:3089} INFO - Sync 1 DAGs
[2025-10-13T12:35:10.184+0000] {logging_mixin.py:188} INFO - [2025-10-13T12:35:10.183+0000] {dag.py:3947} INFO - Setting next_dagrun for minio_to_snowflake to 2025-10-13 12:34:00+00:00, run_after=2025-10-13 12:35:00+00:00
[2025-10-13T12:35:10.213+0000] {processor.py:183} INFO - Processing /opt/airflow/dags/minio_to_snowflake.py took 1.463 seconds
[2025-10-13T12:35:40.462+0000] {processor.py:161} INFO - Started process (PID=11311) to work on /opt/airflow/dags/minio_to_snowflake.py
[2025-10-13T12:35:40.465+0000] {processor.py:830} INFO - Processing file /opt/airflow/dags/minio_to_snowflake.py for tasks to queue
[2025-10-13T12:35:40.478+0000] {logging_mixin.py:188} INFO - [2025-10-13T12:35:40.477+0000] {dagbag.py:545} INFO - Filling up the DagBag from /opt/airflow/dags/minio_to_snowflake.py
[2025-10-13T12:35:41.989+0000] {processor.py:840} INFO - DAG(s) 'minio_to_snowflake' retrieved from /opt/airflow/dags/minio_to_snowflake.py
[2025-10-13T12:35:42.038+0000] {logging_mixin.py:188} INFO - [2025-10-13T12:35:42.037+0000] {dag.py:3089} INFO - Sync 1 DAGs
[2025-10-13T12:35:42.081+0000] {logging_mixin.py:188} INFO - [2025-10-13T12:35:42.081+0000] {dag.py:3947} INFO - Setting next_dagrun for minio_to_snowflake to 2025-10-13 12:34:00+00:00, run_after=2025-10-13 12:35:00+00:00
[2025-10-13T12:35:42.115+0000] {processor.py:183} INFO - Processing /opt/airflow/dags/minio_to_snowflake.py took 1.667 seconds
[2025-10-13T12:36:12.548+0000] {processor.py:161} INFO - Started process (PID=11485) to work on /opt/airflow/dags/minio_to_snowflake.py
[2025-10-13T12:36:12.551+0000] {processor.py:830} INFO - Processing file /opt/airflow/dags/minio_to_snowflake.py for tasks to queue
[2025-10-13T12:36:12.556+0000] {logging_mixin.py:188} INFO - [2025-10-13T12:36:12.555+0000] {dagbag.py:545} INFO - Filling up the DagBag from /opt/airflow/dags/minio_to_snowflake.py
[2025-10-13T12:36:14.361+0000] {processor.py:840} INFO - DAG(s) 'minio_to_snowflake' retrieved from /opt/airflow/dags/minio_to_snowflake.py
[2025-10-13T12:36:14.411+0000] {logging_mixin.py:188} INFO - [2025-10-13T12:36:14.410+0000] {dag.py:3089} INFO - Sync 1 DAGs
[2025-10-13T12:36:14.467+0000] {logging_mixin.py:188} INFO - [2025-10-13T12:36:14.467+0000] {dag.py:3947} INFO - Setting next_dagrun for minio_to_snowflake to 2025-10-13 12:35:00+00:00, run_after=2025-10-13 12:36:00+00:00
[2025-10-13T12:36:14.507+0000] {processor.py:183} INFO - Processing /opt/airflow/dags/minio_to_snowflake.py took 1.980 seconds
[2025-10-13T12:36:45.078+0000] {processor.py:161} INFO - Started process (PID=11666) to work on /opt/airflow/dags/minio_to_snowflake.py
[2025-10-13T12:36:45.080+0000] {processor.py:830} INFO - Processing file /opt/airflow/dags/minio_to_snowflake.py for tasks to queue
[2025-10-13T12:36:45.089+0000] {logging_mixin.py:188} INFO - [2025-10-13T12:36:45.088+0000] {dagbag.py:545} INFO - Filling up the DagBag from /opt/airflow/dags/minio_to_snowflake.py
[2025-10-13T12:36:47.270+0000] {processor.py:840} INFO - DAG(s) 'minio_to_snowflake' retrieved from /opt/airflow/dags/minio_to_snowflake.py
[2025-10-13T12:36:47.306+0000] {logging_mixin.py:188} INFO - [2025-10-13T12:36:47.303+0000] {dag.py:3089} INFO - Sync 1 DAGs
[2025-10-13T12:36:47.333+0000] {logging_mixin.py:188} INFO - [2025-10-13T12:36:47.333+0000] {dag.py:3947} INFO - Setting next_dagrun for minio_to_snowflake to 2025-10-13 12:35:00+00:00, run_after=2025-10-13 12:36:00+00:00
[2025-10-13T12:36:47.354+0000] {processor.py:183} INFO - Processing /opt/airflow/dags/minio_to_snowflake.py took 2.285 seconds
[2025-10-13T12:37:17.696+0000] {processor.py:161} INFO - Started process (PID=13703) to work on /opt/airflow/dags/minio_to_snowflake.py
[2025-10-13T12:37:17.699+0000] {processor.py:830} INFO - Processing file /opt/airflow/dags/minio_to_snowflake.py for tasks to queue
[2025-10-13T12:37:17.704+0000] {logging_mixin.py:188} INFO - [2025-10-13T12:37:17.703+0000] {dagbag.py:545} INFO - Filling up the DagBag from /opt/airflow/dags/minio_to_snowflake.py
[2025-10-13T12:37:18.908+0000] {processor.py:840} INFO - DAG(s) 'minio_to_snowflake' retrieved from /opt/airflow/dags/minio_to_snowflake.py
[2025-10-13T12:37:18.943+0000] {logging_mixin.py:188} INFO - [2025-10-13T12:37:18.942+0000] {dag.py:3089} INFO - Sync 1 DAGs
[2025-10-13T12:37:18.987+0000] {logging_mixin.py:188} INFO - [2025-10-13T12:37:18.986+0000] {dag.py:3947} INFO - Setting next_dagrun for minio_to_snowflake to 2025-10-13 12:36:00+00:00, run_after=2025-10-13 12:37:00+00:00
[2025-10-13T12:37:19.016+0000] {processor.py:183} INFO - Processing /opt/airflow/dags/minio_to_snowflake.py took 1.336 seconds
[2025-10-13T12:37:49.423+0000] {processor.py:161} INFO - Started process (PID=13827) to work on /opt/airflow/dags/minio_to_snowflake.py
[2025-10-13T12:37:49.427+0000] {processor.py:830} INFO - Processing file /opt/airflow/dags/minio_to_snowflake.py for tasks to queue
[2025-10-13T12:37:49.430+0000] {logging_mixin.py:188} INFO - [2025-10-13T12:37:49.430+0000] {dagbag.py:545} INFO - Filling up the DagBag from /opt/airflow/dags/minio_to_snowflake.py
[2025-10-13T12:37:50.928+0000] {processor.py:840} INFO - DAG(s) 'minio_to_snowflake' retrieved from /opt/airflow/dags/minio_to_snowflake.py
[2025-10-13T12:37:50.984+0000] {logging_mixin.py:188} INFO - [2025-10-13T12:37:50.983+0000] {dag.py:3089} INFO - Sync 1 DAGs
[2025-10-13T12:37:51.047+0000] {logging_mixin.py:188} INFO - [2025-10-13T12:37:51.046+0000] {dag.py:3947} INFO - Setting next_dagrun for minio_to_snowflake to 2025-10-13 12:36:00+00:00, run_after=2025-10-13 12:37:00+00:00
[2025-10-13T12:37:51.080+0000] {processor.py:183} INFO - Processing /opt/airflow/dags/minio_to_snowflake.py took 1.672 seconds
[2025-10-13T12:38:21.539+0000] {processor.py:161} INFO - Started process (PID=13997) to work on /opt/airflow/dags/minio_to_snowflake.py
[2025-10-13T12:38:21.543+0000] {processor.py:830} INFO - Processing file /opt/airflow/dags/minio_to_snowflake.py for tasks to queue
[2025-10-13T12:38:21.550+0000] {logging_mixin.py:188} INFO - [2025-10-13T12:38:21.549+0000] {dagbag.py:545} INFO - Filling up the DagBag from /opt/airflow/dags/minio_to_snowflake.py
[2025-10-13T12:38:22.926+0000] {processor.py:840} INFO - DAG(s) 'minio_to_snowflake' retrieved from /opt/airflow/dags/minio_to_snowflake.py
[2025-10-13T12:38:22.960+0000] {logging_mixin.py:188} INFO - [2025-10-13T12:38:22.959+0000] {dag.py:3089} INFO - Sync 1 DAGs
[2025-10-13T12:38:22.993+0000] {logging_mixin.py:188} INFO - [2025-10-13T12:38:22.993+0000] {dag.py:3947} INFO - Setting next_dagrun for minio_to_snowflake to 2025-10-13 12:37:00+00:00, run_after=2025-10-13 12:38:00+00:00
[2025-10-13T12:38:23.024+0000] {processor.py:183} INFO - Processing /opt/airflow/dags/minio_to_snowflake.py took 1.506 seconds
[2025-10-13T12:38:53.447+0000] {processor.py:161} INFO - Started process (PID=14159) to work on /opt/airflow/dags/minio_to_snowflake.py
[2025-10-13T12:38:53.452+0000] {processor.py:830} INFO - Processing file /opt/airflow/dags/minio_to_snowflake.py for tasks to queue
[2025-10-13T12:38:53.459+0000] {logging_mixin.py:188} INFO - [2025-10-13T12:38:53.458+0000] {dagbag.py:545} INFO - Filling up the DagBag from /opt/airflow/dags/minio_to_snowflake.py
[2025-10-13T12:38:55.011+0000] {processor.py:840} INFO - DAG(s) 'minio_to_snowflake' retrieved from /opt/airflow/dags/minio_to_snowflake.py
[2025-10-13T12:38:55.078+0000] {logging_mixin.py:188} INFO - [2025-10-13T12:38:55.073+0000] {dag.py:3089} INFO - Sync 1 DAGs
[2025-10-13T12:38:55.156+0000] {logging_mixin.py:188} INFO - [2025-10-13T12:38:55.156+0000] {dag.py:3947} INFO - Setting next_dagrun for minio_to_snowflake to 2025-10-13 12:37:00+00:00, run_after=2025-10-13 12:38:00+00:00
[2025-10-13T12:38:55.234+0000] {processor.py:183} INFO - Processing /opt/airflow/dags/minio_to_snowflake.py took 1.809 seconds
[2025-10-13T12:39:25.673+0000] {processor.py:161} INFO - Started process (PID=14324) to work on /opt/airflow/dags/minio_to_snowflake.py
[2025-10-13T12:39:25.678+0000] {processor.py:830} INFO - Processing file /opt/airflow/dags/minio_to_snowflake.py for tasks to queue
[2025-10-13T12:39:25.682+0000] {logging_mixin.py:188} INFO - [2025-10-13T12:39:25.681+0000] {dagbag.py:545} INFO - Filling up the DagBag from /opt/airflow/dags/minio_to_snowflake.py
[2025-10-13T12:39:27.986+0000] {processor.py:840} INFO - DAG(s) 'minio_to_snowflake' retrieved from /opt/airflow/dags/minio_to_snowflake.py
[2025-10-13T12:39:28.025+0000] {logging_mixin.py:188} INFO - [2025-10-13T12:39:28.023+0000] {dag.py:3089} INFO - Sync 1 DAGs
[2025-10-13T12:39:28.066+0000] {logging_mixin.py:188} INFO - [2025-10-13T12:39:28.066+0000] {dag.py:3947} INFO - Setting next_dagrun for minio_to_snowflake to 2025-10-13 12:38:00+00:00, run_after=2025-10-13 12:39:00+00:00
[2025-10-13T12:39:28.091+0000] {processor.py:183} INFO - Processing /opt/airflow/dags/minio_to_snowflake.py took 2.430 seconds
[2025-10-13T12:39:58.545+0000] {processor.py:161} INFO - Started process (PID=14487) to work on /opt/airflow/dags/minio_to_snowflake.py
[2025-10-13T12:39:58.549+0000] {processor.py:830} INFO - Processing file /opt/airflow/dags/minio_to_snowflake.py for tasks to queue
[2025-10-13T12:39:58.555+0000] {logging_mixin.py:188} INFO - [2025-10-13T12:39:58.554+0000] {dagbag.py:545} INFO - Filling up the DagBag from /opt/airflow/dags/minio_to_snowflake.py
[2025-10-13T12:40:00.117+0000] {processor.py:840} INFO - DAG(s) 'minio_to_snowflake' retrieved from /opt/airflow/dags/minio_to_snowflake.py
[2025-10-13T12:40:00.171+0000] {logging_mixin.py:188} INFO - [2025-10-13T12:40:00.170+0000] {dag.py:3089} INFO - Sync 1 DAGs
[2025-10-13T12:40:00.210+0000] {logging_mixin.py:188} INFO - [2025-10-13T12:40:00.210+0000] {dag.py:3947} INFO - Setting next_dagrun for minio_to_snowflake to 2025-10-13 12:39:00+00:00, run_after=2025-10-13 12:40:00+00:00
[2025-10-13T12:40:00.240+0000] {processor.py:183} INFO - Processing /opt/airflow/dags/minio_to_snowflake.py took 1.715 seconds
[2025-10-13T12:40:30.634+0000] {processor.py:161} INFO - Started process (PID=14652) to work on /opt/airflow/dags/minio_to_snowflake.py
[2025-10-13T12:40:30.637+0000] {processor.py:830} INFO - Processing file /opt/airflow/dags/minio_to_snowflake.py for tasks to queue
[2025-10-13T12:40:30.643+0000] {logging_mixin.py:188} INFO - [2025-10-13T12:40:30.642+0000] {dagbag.py:545} INFO - Filling up the DagBag from /opt/airflow/dags/minio_to_snowflake.py
[2025-10-13T12:40:31.971+0000] {processor.py:840} INFO - DAG(s) 'minio_to_snowflake' retrieved from /opt/airflow/dags/minio_to_snowflake.py
[2025-10-13T12:40:32.015+0000] {logging_mixin.py:188} INFO - [2025-10-13T12:40:32.014+0000] {dag.py:3089} INFO - Sync 1 DAGs
[2025-10-13T12:40:32.057+0000] {logging_mixin.py:188} INFO - [2025-10-13T12:40:32.057+0000] {dag.py:3947} INFO - Setting next_dagrun for minio_to_snowflake to 2025-10-13 12:39:00+00:00, run_after=2025-10-13 12:40:00+00:00
[2025-10-13T12:40:32.088+0000] {processor.py:183} INFO - Processing /opt/airflow/dags/minio_to_snowflake.py took 1.475 seconds
[2025-10-13T12:41:02.555+0000] {processor.py:161} INFO - Started process (PID=15024) to work on /opt/airflow/dags/minio_to_snowflake.py
[2025-10-13T12:41:02.558+0000] {processor.py:830} INFO - Processing file /opt/airflow/dags/minio_to_snowflake.py for tasks to queue
[2025-10-13T12:41:02.561+0000] {logging_mixin.py:188} INFO - [2025-10-13T12:41:02.561+0000] {dagbag.py:545} INFO - Filling up the DagBag from /opt/airflow/dags/minio_to_snowflake.py
[2025-10-13T12:41:04.351+0000] {processor.py:840} INFO - DAG(s) 'minio_to_snowflake' retrieved from /opt/airflow/dags/minio_to_snowflake.py
[2025-10-13T12:41:04.431+0000] {logging_mixin.py:188} INFO - [2025-10-13T12:41:04.430+0000] {dag.py:3089} INFO - Sync 1 DAGs
[2025-10-13T12:41:04.535+0000] {logging_mixin.py:188} INFO - [2025-10-13T12:41:04.534+0000] {dag.py:3947} INFO - Setting next_dagrun for minio_to_snowflake to 2025-10-13 12:40:00+00:00, run_after=2025-10-13 12:41:00+00:00
[2025-10-13T12:41:04.605+0000] {processor.py:183} INFO - Processing /opt/airflow/dags/minio_to_snowflake.py took 2.063 seconds
[2025-10-13T12:41:34.928+0000] {processor.py:161} INFO - Started process (PID=16791) to work on /opt/airflow/dags/minio_to_snowflake.py
[2025-10-13T12:41:34.931+0000] {processor.py:830} INFO - Processing file /opt/airflow/dags/minio_to_snowflake.py for tasks to queue
[2025-10-13T12:41:34.937+0000] {logging_mixin.py:188} INFO - [2025-10-13T12:41:34.935+0000] {dagbag.py:545} INFO - Filling up the DagBag from /opt/airflow/dags/minio_to_snowflake.py
[2025-10-13T12:41:37.077+0000] {processor.py:840} INFO - DAG(s) 'minio_to_snowflake' retrieved from /opt/airflow/dags/minio_to_snowflake.py
[2025-10-13T12:41:37.127+0000] {logging_mixin.py:188} INFO - [2025-10-13T12:41:37.126+0000] {dag.py:3089} INFO - Sync 1 DAGs
[2025-10-13T12:41:37.173+0000] {logging_mixin.py:188} INFO - [2025-10-13T12:41:37.173+0000] {dag.py:3947} INFO - Setting next_dagrun for minio_to_snowflake to 2025-10-13 12:40:00+00:00, run_after=2025-10-13 12:41:00+00:00
[2025-10-13T12:41:37.205+0000] {processor.py:183} INFO - Processing /opt/airflow/dags/minio_to_snowflake.py took 2.298 seconds
[2025-10-13T12:42:07.310+0000] {processor.py:161} INFO - Started process (PID=16978) to work on /opt/airflow/dags/minio_to_snowflake.py
[2025-10-13T12:42:07.314+0000] {processor.py:830} INFO - Processing file /opt/airflow/dags/minio_to_snowflake.py for tasks to queue
[2025-10-13T12:42:07.320+0000] {logging_mixin.py:188} INFO - [2025-10-13T12:42:07.319+0000] {dagbag.py:545} INFO - Filling up the DagBag from /opt/airflow/dags/minio_to_snowflake.py
[2025-10-13T12:42:08.860+0000] {processor.py:840} INFO - DAG(s) 'minio_to_snowflake' retrieved from /opt/airflow/dags/minio_to_snowflake.py
[2025-10-13T12:42:08.974+0000] {logging_mixin.py:188} INFO - [2025-10-13T12:42:08.973+0000] {dag.py:3089} INFO - Sync 1 DAGs
[2025-10-13T12:42:09.062+0000] {logging_mixin.py:188} INFO - [2025-10-13T12:42:09.061+0000] {dag.py:3947} INFO - Setting next_dagrun for minio_to_snowflake to 2025-10-13 12:41:00+00:00, run_after=2025-10-13 12:42:00+00:00
[2025-10-13T12:42:09.124+0000] {processor.py:183} INFO - Processing /opt/airflow/dags/minio_to_snowflake.py took 1.832 seconds
[2025-10-13T12:42:39.520+0000] {processor.py:161} INFO - Started process (PID=17141) to work on /opt/airflow/dags/minio_to_snowflake.py
[2025-10-13T12:42:39.522+0000] {processor.py:830} INFO - Processing file /opt/airflow/dags/minio_to_snowflake.py for tasks to queue
[2025-10-13T12:42:39.526+0000] {logging_mixin.py:188} INFO - [2025-10-13T12:42:39.526+0000] {dagbag.py:545} INFO - Filling up the DagBag from /opt/airflow/dags/minio_to_snowflake.py
[2025-10-13T12:42:40.787+0000] {processor.py:840} INFO - DAG(s) 'minio_to_snowflake' retrieved from /opt/airflow/dags/minio_to_snowflake.py
[2025-10-13T12:42:40.828+0000] {logging_mixin.py:188} INFO - [2025-10-13T12:42:40.827+0000] {dag.py:3089} INFO - Sync 1 DAGs
[2025-10-13T12:42:40.910+0000] {logging_mixin.py:188} INFO - [2025-10-13T12:42:40.910+0000] {dag.py:3947} INFO - Setting next_dagrun for minio_to_snowflake to 2025-10-13 12:41:00+00:00, run_after=2025-10-13 12:42:00+00:00
[2025-10-13T12:42:40.962+0000] {processor.py:183} INFO - Processing /opt/airflow/dags/minio_to_snowflake.py took 1.455 seconds
[2025-10-13T12:43:11.097+0000] {processor.py:161} INFO - Started process (PID=17314) to work on /opt/airflow/dags/minio_to_snowflake.py
[2025-10-13T12:43:11.100+0000] {processor.py:830} INFO - Processing file /opt/airflow/dags/minio_to_snowflake.py for tasks to queue
[2025-10-13T12:43:11.104+0000] {logging_mixin.py:188} INFO - [2025-10-13T12:43:11.103+0000] {dagbag.py:545} INFO - Filling up the DagBag from /opt/airflow/dags/minio_to_snowflake.py
[2025-10-13T12:43:12.817+0000] {processor.py:840} INFO - DAG(s) 'minio_to_snowflake' retrieved from /opt/airflow/dags/minio_to_snowflake.py
[2025-10-13T12:43:12.858+0000] {logging_mixin.py:188} INFO - [2025-10-13T12:43:12.857+0000] {dag.py:3089} INFO - Sync 1 DAGs
[2025-10-13T12:43:12.910+0000] {logging_mixin.py:188} INFO - [2025-10-13T12:43:12.910+0000] {dag.py:3947} INFO - Setting next_dagrun for minio_to_snowflake to 2025-10-13 12:42:00+00:00, run_after=2025-10-13 12:43:00+00:00
[2025-10-13T12:43:12.948+0000] {processor.py:183} INFO - Processing /opt/airflow/dags/minio_to_snowflake.py took 1.867 seconds
[2025-10-13T12:43:43.497+0000] {processor.py:161} INFO - Started process (PID=17488) to work on /opt/airflow/dags/minio_to_snowflake.py
[2025-10-13T12:43:43.499+0000] {processor.py:830} INFO - Processing file /opt/airflow/dags/minio_to_snowflake.py for tasks to queue
[2025-10-13T12:43:43.503+0000] {logging_mixin.py:188} INFO - [2025-10-13T12:43:43.502+0000] {dagbag.py:545} INFO - Filling up the DagBag from /opt/airflow/dags/minio_to_snowflake.py
[2025-10-13T12:43:45.215+0000] {processor.py:840} INFO - DAG(s) 'minio_to_snowflake' retrieved from /opt/airflow/dags/minio_to_snowflake.py
[2025-10-13T12:43:45.298+0000] {logging_mixin.py:188} INFO - [2025-10-13T12:43:45.297+0000] {dag.py:3089} INFO - Sync 1 DAGs
[2025-10-13T12:43:45.373+0000] {logging_mixin.py:188} INFO - [2025-10-13T12:43:45.372+0000] {dag.py:3947} INFO - Setting next_dagrun for minio_to_snowflake to 2025-10-13 12:42:00+00:00, run_after=2025-10-13 12:43:00+00:00
[2025-10-13T12:43:45.422+0000] {processor.py:183} INFO - Processing /opt/airflow/dags/minio_to_snowflake.py took 1.937 seconds
[2025-10-13T12:44:15.766+0000] {processor.py:161} INFO - Started process (PID=17670) to work on /opt/airflow/dags/minio_to_snowflake.py
[2025-10-13T12:44:15.769+0000] {processor.py:830} INFO - Processing file /opt/airflow/dags/minio_to_snowflake.py for tasks to queue
[2025-10-13T12:44:15.773+0000] {logging_mixin.py:188} INFO - [2025-10-13T12:44:15.773+0000] {dagbag.py:545} INFO - Filling up the DagBag from /opt/airflow/dags/minio_to_snowflake.py
[2025-10-13T12:44:17.361+0000] {processor.py:840} INFO - DAG(s) 'minio_to_snowflake' retrieved from /opt/airflow/dags/minio_to_snowflake.py
[2025-10-13T12:44:17.398+0000] {logging_mixin.py:188} INFO - [2025-10-13T12:44:17.397+0000] {dag.py:3089} INFO - Sync 1 DAGs
[2025-10-13T12:44:17.434+0000] {logging_mixin.py:188} INFO - [2025-10-13T12:44:17.434+0000] {dag.py:3947} INFO - Setting next_dagrun for minio_to_snowflake to 2025-10-13 12:43:00+00:00, run_after=2025-10-13 12:44:00+00:00
[2025-10-13T12:44:17.474+0000] {processor.py:183} INFO - Processing /opt/airflow/dags/minio_to_snowflake.py took 1.717 seconds
[2025-10-13T12:44:47.847+0000] {processor.py:161} INFO - Started process (PID=17917) to work on /opt/airflow/dags/minio_to_snowflake.py
[2025-10-13T12:44:47.850+0000] {processor.py:830} INFO - Processing file /opt/airflow/dags/minio_to_snowflake.py for tasks to queue
[2025-10-13T12:44:47.853+0000] {logging_mixin.py:188} INFO - [2025-10-13T12:44:47.853+0000] {dagbag.py:545} INFO - Filling up the DagBag from /opt/airflow/dags/minio_to_snowflake.py
[2025-10-13T12:44:49.229+0000] {processor.py:840} INFO - DAG(s) 'minio_to_snowflake' retrieved from /opt/airflow/dags/minio_to_snowflake.py
[2025-10-13T12:44:49.269+0000] {logging_mixin.py:188} INFO - [2025-10-13T12:44:49.268+0000] {dag.py:3089} INFO - Sync 1 DAGs
[2025-10-13T12:44:49.305+0000] {logging_mixin.py:188} INFO - [2025-10-13T12:44:49.305+0000] {dag.py:3947} INFO - Setting next_dagrun for minio_to_snowflake to 2025-10-13 12:44:00+00:00, run_after=2025-10-13 12:45:00+00:00
[2025-10-13T12:44:49.330+0000] {processor.py:183} INFO - Processing /opt/airflow/dags/minio_to_snowflake.py took 1.498 seconds
[2025-10-13T12:45:19.469+0000] {processor.py:161} INFO - Started process (PID=19839) to work on /opt/airflow/dags/minio_to_snowflake.py
[2025-10-13T12:45:19.472+0000] {processor.py:830} INFO - Processing file /opt/airflow/dags/minio_to_snowflake.py for tasks to queue
[2025-10-13T12:45:19.475+0000] {logging_mixin.py:188} INFO - [2025-10-13T12:45:19.475+0000] {dagbag.py:545} INFO - Filling up the DagBag from /opt/airflow/dags/minio_to_snowflake.py
[2025-10-13T12:45:20.775+0000] {processor.py:840} INFO - DAG(s) 'minio_to_snowflake' retrieved from /opt/airflow/dags/minio_to_snowflake.py
[2025-10-13T12:45:20.813+0000] {logging_mixin.py:188} INFO - [2025-10-13T12:45:20.812+0000] {dag.py:3089} INFO - Sync 1 DAGs
[2025-10-13T12:45:20.847+0000] {logging_mixin.py:188} INFO - [2025-10-13T12:45:20.846+0000] {dag.py:3947} INFO - Setting next_dagrun for minio_to_snowflake to 2025-10-13 12:44:00+00:00, run_after=2025-10-13 12:45:00+00:00
[2025-10-13T12:45:20.884+0000] {processor.py:183} INFO - Processing /opt/airflow/dags/minio_to_snowflake.py took 1.428 seconds
[2025-10-13T12:45:51.276+0000] {processor.py:161} INFO - Started process (PID=20017) to work on /opt/airflow/dags/minio_to_snowflake.py
[2025-10-13T12:45:51.279+0000] {processor.py:830} INFO - Processing file /opt/airflow/dags/minio_to_snowflake.py for tasks to queue
[2025-10-13T12:45:51.287+0000] {logging_mixin.py:188} INFO - [2025-10-13T12:45:51.286+0000] {dagbag.py:545} INFO - Filling up the DagBag from /opt/airflow/dags/minio_to_snowflake.py
[2025-10-13T12:45:52.811+0000] {processor.py:840} INFO - DAG(s) 'minio_to_snowflake' retrieved from /opt/airflow/dags/minio_to_snowflake.py
[2025-10-13T12:45:52.870+0000] {logging_mixin.py:188} INFO - [2025-10-13T12:45:52.869+0000] {dag.py:3089} INFO - Sync 1 DAGs
[2025-10-13T12:45:52.931+0000] {logging_mixin.py:188} INFO - [2025-10-13T12:45:52.931+0000] {dag.py:3947} INFO - Setting next_dagrun for minio_to_snowflake to 2025-10-13 12:44:00+00:00, run_after=2025-10-13 12:45:00+00:00
[2025-10-13T12:45:52.978+0000] {processor.py:183} INFO - Processing /opt/airflow/dags/minio_to_snowflake.py took 1.720 seconds
[2025-10-13T12:46:23.314+0000] {processor.py:161} INFO - Started process (PID=20186) to work on /opt/airflow/dags/minio_to_snowflake.py
[2025-10-13T12:46:23.316+0000] {processor.py:830} INFO - Processing file /opt/airflow/dags/minio_to_snowflake.py for tasks to queue
[2025-10-13T12:46:23.320+0000] {logging_mixin.py:188} INFO - [2025-10-13T12:46:23.319+0000] {dagbag.py:545} INFO - Filling up the DagBag from /opt/airflow/dags/minio_to_snowflake.py
[2025-10-13T12:46:25.031+0000] {processor.py:840} INFO - DAG(s) 'minio_to_snowflake' retrieved from /opt/airflow/dags/minio_to_snowflake.py
[2025-10-13T12:46:25.095+0000] {logging_mixin.py:188} INFO - [2025-10-13T12:46:25.093+0000] {dag.py:3089} INFO - Sync 1 DAGs
[2025-10-13T12:46:25.191+0000] {logging_mixin.py:188} INFO - [2025-10-13T12:46:25.191+0000] {dag.py:3947} INFO - Setting next_dagrun for minio_to_snowflake to 2025-10-13 12:45:00+00:00, run_after=2025-10-13 12:46:00+00:00
[2025-10-13T12:46:25.258+0000] {processor.py:183} INFO - Processing /opt/airflow/dags/minio_to_snowflake.py took 1.955 seconds
[2025-10-13T12:46:55.792+0000] {processor.py:161} INFO - Started process (PID=20352) to work on /opt/airflow/dags/minio_to_snowflake.py
[2025-10-13T12:46:55.794+0000] {processor.py:830} INFO - Processing file /opt/airflow/dags/minio_to_snowflake.py for tasks to queue
[2025-10-13T12:46:55.797+0000] {logging_mixin.py:188} INFO - [2025-10-13T12:46:55.796+0000] {dagbag.py:545} INFO - Filling up the DagBag from /opt/airflow/dags/minio_to_snowflake.py
[2025-10-13T12:46:57.782+0000] {processor.py:840} INFO - DAG(s) 'minio_to_snowflake' retrieved from /opt/airflow/dags/minio_to_snowflake.py
[2025-10-13T12:46:57.834+0000] {logging_mixin.py:188} INFO - [2025-10-13T12:46:57.833+0000] {dag.py:3089} INFO - Sync 1 DAGs
[2025-10-13T12:46:57.888+0000] {logging_mixin.py:188} INFO - [2025-10-13T12:46:57.888+0000] {dag.py:3947} INFO - Setting next_dagrun for minio_to_snowflake to 2025-10-13 12:45:00+00:00, run_after=2025-10-13 12:46:00+00:00
[2025-10-13T12:46:57.947+0000] {processor.py:183} INFO - Processing /opt/airflow/dags/minio_to_snowflake.py took 2.165 seconds
[2025-10-13T12:47:28.212+0000] {processor.py:161} INFO - Started process (PID=20515) to work on /opt/airflow/dags/minio_to_snowflake.py
[2025-10-13T12:47:28.215+0000] {processor.py:830} INFO - Processing file /opt/airflow/dags/minio_to_snowflake.py for tasks to queue
[2025-10-13T12:47:28.219+0000] {logging_mixin.py:188} INFO - [2025-10-13T12:47:28.218+0000] {dagbag.py:545} INFO - Filling up the DagBag from /opt/airflow/dags/minio_to_snowflake.py
[2025-10-13T12:47:29.616+0000] {processor.py:840} INFO - DAG(s) 'minio_to_snowflake' retrieved from /opt/airflow/dags/minio_to_snowflake.py
[2025-10-13T12:47:29.680+0000] {logging_mixin.py:188} INFO - [2025-10-13T12:47:29.679+0000] {dag.py:3089} INFO - Sync 1 DAGs
[2025-10-13T12:47:29.755+0000] {logging_mixin.py:188} INFO - [2025-10-13T12:47:29.754+0000] {dag.py:3947} INFO - Setting next_dagrun for minio_to_snowflake to 2025-10-13 12:46:00+00:00, run_after=2025-10-13 12:47:00+00:00
[2025-10-13T12:47:29.794+0000] {processor.py:183} INFO - Processing /opt/airflow/dags/minio_to_snowflake.py took 1.594 seconds
[2025-10-13T12:48:00.206+0000] {processor.py:161} INFO - Started process (PID=20684) to work on /opt/airflow/dags/minio_to_snowflake.py
[2025-10-13T12:48:00.209+0000] {processor.py:830} INFO - Processing file /opt/airflow/dags/minio_to_snowflake.py for tasks to queue
[2025-10-13T12:48:00.212+0000] {logging_mixin.py:188} INFO - [2025-10-13T12:48:00.212+0000] {dagbag.py:545} INFO - Filling up the DagBag from /opt/airflow/dags/minio_to_snowflake.py
[2025-10-13T12:48:01.618+0000] {processor.py:840} INFO - DAG(s) 'minio_to_snowflake' retrieved from /opt/airflow/dags/minio_to_snowflake.py
[2025-10-13T12:48:01.664+0000] {logging_mixin.py:188} INFO - [2025-10-13T12:48:01.659+0000] {dag.py:3089} INFO - Sync 1 DAGs
[2025-10-13T12:48:01.696+0000] {logging_mixin.py:188} INFO - [2025-10-13T12:48:01.696+0000] {dag.py:3947} INFO - Setting next_dagrun for minio_to_snowflake to 2025-10-13 12:47:00+00:00, run_after=2025-10-13 12:48:00+00:00
[2025-10-13T12:48:01.727+0000] {processor.py:183} INFO - Processing /opt/airflow/dags/minio_to_snowflake.py took 1.555 seconds
[2025-10-13T12:48:32.096+0000] {processor.py:161} INFO - Started process (PID=20830) to work on /opt/airflow/dags/minio_to_snowflake.py
[2025-10-13T12:48:32.097+0000] {processor.py:830} INFO - Processing file /opt/airflow/dags/minio_to_snowflake.py for tasks to queue
[2025-10-13T12:48:32.101+0000] {logging_mixin.py:188} INFO - [2025-10-13T12:48:32.100+0000] {dagbag.py:545} INFO - Filling up the DagBag from /opt/airflow/dags/minio_to_snowflake.py
[2025-10-13T12:48:33.390+0000] {processor.py:840} INFO - DAG(s) 'minio_to_snowflake' retrieved from /opt/airflow/dags/minio_to_snowflake.py
[2025-10-13T12:48:33.439+0000] {logging_mixin.py:188} INFO - [2025-10-13T12:48:33.438+0000] {dag.py:3089} INFO - Sync 1 DAGs
[2025-10-13T12:48:33.494+0000] {logging_mixin.py:188} INFO - [2025-10-13T12:48:33.494+0000] {dag.py:3947} INFO - Setting next_dagrun for minio_to_snowflake to 2025-10-13 12:48:00+00:00, run_after=2025-10-13 12:49:00+00:00
[2025-10-13T12:48:33.531+0000] {processor.py:183} INFO - Processing /opt/airflow/dags/minio_to_snowflake.py took 1.443 seconds
[2025-10-13T12:49:03.884+0000] {processor.py:161} INFO - Started process (PID=22860) to work on /opt/airflow/dags/minio_to_snowflake.py
[2025-10-13T12:49:03.887+0000] {processor.py:830} INFO - Processing file /opt/airflow/dags/minio_to_snowflake.py for tasks to queue
[2025-10-13T12:49:03.893+0000] {logging_mixin.py:188} INFO - [2025-10-13T12:49:03.891+0000] {dagbag.py:545} INFO - Filling up the DagBag from /opt/airflow/dags/minio_to_snowflake.py
[2025-10-13T12:49:05.601+0000] {processor.py:840} INFO - DAG(s) 'minio_to_snowflake' retrieved from /opt/airflow/dags/minio_to_snowflake.py
[2025-10-13T12:49:05.664+0000] {logging_mixin.py:188} INFO - [2025-10-13T12:49:05.654+0000] {dag.py:3089} INFO - Sync 1 DAGs
[2025-10-13T12:49:05.734+0000] {logging_mixin.py:188} INFO - [2025-10-13T12:49:05.733+0000] {dag.py:3947} INFO - Setting next_dagrun for minio_to_snowflake to 2025-10-13 12:48:00+00:00, run_after=2025-10-13 12:49:00+00:00
[2025-10-13T12:49:05.773+0000] {processor.py:183} INFO - Processing /opt/airflow/dags/minio_to_snowflake.py took 1.908 seconds
[2025-10-13T12:49:36.121+0000] {processor.py:161} INFO - Started process (PID=23033) to work on /opt/airflow/dags/minio_to_snowflake.py
[2025-10-13T12:49:36.124+0000] {processor.py:830} INFO - Processing file /opt/airflow/dags/minio_to_snowflake.py for tasks to queue
[2025-10-13T12:49:36.129+0000] {logging_mixin.py:188} INFO - [2025-10-13T12:49:36.128+0000] {dagbag.py:545} INFO - Filling up the DagBag from /opt/airflow/dags/minio_to_snowflake.py
[2025-10-13T12:49:37.871+0000] {processor.py:840} INFO - DAG(s) 'minio_to_snowflake' retrieved from /opt/airflow/dags/minio_to_snowflake.py
[2025-10-13T12:49:37.907+0000] {logging_mixin.py:188} INFO - [2025-10-13T12:49:37.906+0000] {dag.py:3089} INFO - Sync 1 DAGs
[2025-10-13T12:49:37.945+0000] {logging_mixin.py:188} INFO - [2025-10-13T12:49:37.945+0000] {dag.py:3947} INFO - Setting next_dagrun for minio_to_snowflake to 2025-10-13 12:48:00+00:00, run_after=2025-10-13 12:49:00+00:00
[2025-10-13T12:49:37.992+0000] {processor.py:183} INFO - Processing /opt/airflow/dags/minio_to_snowflake.py took 1.887 seconds
[2025-10-13T12:50:08.355+0000] {processor.py:161} INFO - Started process (PID=23206) to work on /opt/airflow/dags/minio_to_snowflake.py
[2025-10-13T12:50:08.359+0000] {processor.py:830} INFO - Processing file /opt/airflow/dags/minio_to_snowflake.py for tasks to queue
[2025-10-13T12:50:08.364+0000] {logging_mixin.py:188} INFO - [2025-10-13T12:50:08.363+0000] {dagbag.py:545} INFO - Filling up the DagBag from /opt/airflow/dags/minio_to_snowflake.py
[2025-10-13T12:50:09.701+0000] {processor.py:840} INFO - DAG(s) 'minio_to_snowflake' retrieved from /opt/airflow/dags/minio_to_snowflake.py
[2025-10-13T12:50:09.758+0000] {logging_mixin.py:188} INFO - [2025-10-13T12:50:09.756+0000] {dag.py:3089} INFO - Sync 1 DAGs
[2025-10-13T12:50:09.813+0000] {logging_mixin.py:188} INFO - [2025-10-13T12:50:09.812+0000] {dag.py:3947} INFO - Setting next_dagrun for minio_to_snowflake to 2025-10-13 12:49:00+00:00, run_after=2025-10-13 12:50:00+00:00
[2025-10-13T12:50:09.860+0000] {processor.py:183} INFO - Processing /opt/airflow/dags/minio_to_snowflake.py took 1.525 seconds
[2025-10-13T12:50:40.266+0000] {processor.py:161} INFO - Started process (PID=23380) to work on /opt/airflow/dags/minio_to_snowflake.py
[2025-10-13T12:50:40.269+0000] {processor.py:830} INFO - Processing file /opt/airflow/dags/minio_to_snowflake.py for tasks to queue
[2025-10-13T12:50:40.275+0000] {logging_mixin.py:188} INFO - [2025-10-13T12:50:40.274+0000] {dagbag.py:545} INFO - Filling up the DagBag from /opt/airflow/dags/minio_to_snowflake.py
[2025-10-13T12:50:41.933+0000] {processor.py:840} INFO - DAG(s) 'minio_to_snowflake' retrieved from /opt/airflow/dags/minio_to_snowflake.py
[2025-10-13T12:50:42.001+0000] {logging_mixin.py:188} INFO - [2025-10-13T12:50:41.998+0000] {dag.py:3089} INFO - Sync 1 DAGs
[2025-10-13T12:50:42.057+0000] {logging_mixin.py:188} INFO - [2025-10-13T12:50:42.056+0000] {dag.py:3947} INFO - Setting next_dagrun for minio_to_snowflake to 2025-10-13 12:49:00+00:00, run_after=2025-10-13 12:50:00+00:00
[2025-10-13T12:50:42.104+0000] {processor.py:183} INFO - Processing /opt/airflow/dags/minio_to_snowflake.py took 1.858 seconds
[2025-10-13T12:51:12.562+0000] {processor.py:161} INFO - Started process (PID=23551) to work on /opt/airflow/dags/minio_to_snowflake.py
[2025-10-13T12:51:12.566+0000] {processor.py:830} INFO - Processing file /opt/airflow/dags/minio_to_snowflake.py for tasks to queue
[2025-10-13T12:51:12.573+0000] {logging_mixin.py:188} INFO - [2025-10-13T12:51:12.572+0000] {dagbag.py:545} INFO - Filling up the DagBag from /opt/airflow/dags/minio_to_snowflake.py
[2025-10-13T12:51:14.474+0000] {processor.py:840} INFO - DAG(s) 'minio_to_snowflake' retrieved from /opt/airflow/dags/minio_to_snowflake.py
[2025-10-13T12:51:14.536+0000] {logging_mixin.py:188} INFO - [2025-10-13T12:51:14.535+0000] {dag.py:3089} INFO - Sync 1 DAGs
[2025-10-13T12:51:14.587+0000] {logging_mixin.py:188} INFO - [2025-10-13T12:51:14.587+0000] {dag.py:3947} INFO - Setting next_dagrun for minio_to_snowflake to 2025-10-13 12:50:00+00:00, run_after=2025-10-13 12:51:00+00:00
[2025-10-13T12:51:14.636+0000] {processor.py:183} INFO - Processing /opt/airflow/dags/minio_to_snowflake.py took 2.091 seconds
[2025-10-13T12:51:44.956+0000] {processor.py:161} INFO - Started process (PID=23727) to work on /opt/airflow/dags/minio_to_snowflake.py
[2025-10-13T12:51:44.960+0000] {processor.py:830} INFO - Processing file /opt/airflow/dags/minio_to_snowflake.py for tasks to queue
[2025-10-13T12:51:44.963+0000] {logging_mixin.py:188} INFO - [2025-10-13T12:51:44.963+0000] {dagbag.py:545} INFO - Filling up the DagBag from /opt/airflow/dags/minio_to_snowflake.py
[2025-10-13T12:51:46.775+0000] {processor.py:840} INFO - DAG(s) 'minio_to_snowflake' retrieved from /opt/airflow/dags/minio_to_snowflake.py
[2025-10-13T12:51:46.880+0000] {logging_mixin.py:188} INFO - [2025-10-13T12:51:46.878+0000] {dag.py:3089} INFO - Sync 1 DAGs
[2025-10-13T12:51:46.963+0000] {logging_mixin.py:188} INFO - [2025-10-13T12:51:46.963+0000] {dag.py:3947} INFO - Setting next_dagrun for minio_to_snowflake to 2025-10-13 12:50:00+00:00, run_after=2025-10-13 12:51:00+00:00
[2025-10-13T12:51:47.047+0000] {processor.py:183} INFO - Processing /opt/airflow/dags/minio_to_snowflake.py took 2.102 seconds
[2025-10-13T12:52:17.388+0000] {processor.py:161} INFO - Started process (PID=23873) to work on /opt/airflow/dags/minio_to_snowflake.py
[2025-10-13T12:52:17.390+0000] {processor.py:830} INFO - Processing file /opt/airflow/dags/minio_to_snowflake.py for tasks to queue
[2025-10-13T12:52:17.394+0000] {logging_mixin.py:188} INFO - [2025-10-13T12:52:17.394+0000] {dagbag.py:545} INFO - Filling up the DagBag from /opt/airflow/dags/minio_to_snowflake.py
[2025-10-13T12:52:18.526+0000] {processor.py:840} INFO - DAG(s) 'minio_to_snowflake' retrieved from /opt/airflow/dags/minio_to_snowflake.py
[2025-10-13T12:52:18.561+0000] {logging_mixin.py:188} INFO - [2025-10-13T12:52:18.560+0000] {dag.py:3089} INFO - Sync 1 DAGs
[2025-10-13T12:52:18.592+0000] {logging_mixin.py:188} INFO - [2025-10-13T12:52:18.592+0000] {dag.py:3947} INFO - Setting next_dagrun for minio_to_snowflake to 2025-10-13 12:51:00+00:00, run_after=2025-10-13 12:52:00+00:00
[2025-10-13T12:52:18.618+0000] {processor.py:183} INFO - Processing /opt/airflow/dags/minio_to_snowflake.py took 1.240 seconds
[2025-10-13T12:52:48.970+0000] {processor.py:161} INFO - Started process (PID=25911) to work on /opt/airflow/dags/minio_to_snowflake.py
[2025-10-13T12:52:48.972+0000] {processor.py:830} INFO - Processing file /opt/airflow/dags/minio_to_snowflake.py for tasks to queue
[2025-10-13T12:52:48.977+0000] {logging_mixin.py:188} INFO - [2025-10-13T12:52:48.977+0000] {dagbag.py:545} INFO - Filling up the DagBag from /opt/airflow/dags/minio_to_snowflake.py
[2025-10-13T12:52:50.369+0000] {processor.py:840} INFO - DAG(s) 'minio_to_snowflake' retrieved from /opt/airflow/dags/minio_to_snowflake.py
[2025-10-13T12:52:50.438+0000] {logging_mixin.py:188} INFO - [2025-10-13T12:52:50.436+0000] {dag.py:3089} INFO - Sync 1 DAGs
[2025-10-13T12:52:50.501+0000] {logging_mixin.py:188} INFO - [2025-10-13T12:52:50.501+0000] {dag.py:3947} INFO - Setting next_dagrun for minio_to_snowflake to 2025-10-13 12:51:00+00:00, run_after=2025-10-13 12:52:00+00:00
[2025-10-13T12:52:50.549+0000] {processor.py:183} INFO - Processing /opt/airflow/dags/minio_to_snowflake.py took 1.587 seconds
[2025-10-13T12:53:21.005+0000] {processor.py:161} INFO - Started process (PID=26091) to work on /opt/airflow/dags/minio_to_snowflake.py
[2025-10-13T12:53:21.008+0000] {processor.py:830} INFO - Processing file /opt/airflow/dags/minio_to_snowflake.py for tasks to queue
[2025-10-13T12:53:21.013+0000] {logging_mixin.py:188} INFO - [2025-10-13T12:53:21.012+0000] {dagbag.py:545} INFO - Filling up the DagBag from /opt/airflow/dags/minio_to_snowflake.py
[2025-10-13T12:53:22.594+0000] {processor.py:840} INFO - DAG(s) 'minio_to_snowflake' retrieved from /opt/airflow/dags/minio_to_snowflake.py
[2025-10-13T12:53:22.644+0000] {logging_mixin.py:188} INFO - [2025-10-13T12:53:22.643+0000] {dag.py:3089} INFO - Sync 1 DAGs
[2025-10-13T12:53:22.711+0000] {logging_mixin.py:188} INFO - [2025-10-13T12:53:22.710+0000] {dag.py:3947} INFO - Setting next_dagrun for minio_to_snowflake to 2025-10-13 12:52:00+00:00, run_after=2025-10-13 12:53:00+00:00
[2025-10-13T12:53:22.752+0000] {processor.py:183} INFO - Processing /opt/airflow/dags/minio_to_snowflake.py took 1.767 seconds
[2025-10-13T12:53:53.144+0000] {processor.py:161} INFO - Started process (PID=26262) to work on /opt/airflow/dags/minio_to_snowflake.py
[2025-10-13T12:53:53.147+0000] {processor.py:830} INFO - Processing file /opt/airflow/dags/minio_to_snowflake.py for tasks to queue
[2025-10-13T12:53:53.151+0000] {logging_mixin.py:188} INFO - [2025-10-13T12:53:53.151+0000] {dagbag.py:545} INFO - Filling up the DagBag from /opt/airflow/dags/minio_to_snowflake.py
[2025-10-13T12:53:55.176+0000] {processor.py:840} INFO - DAG(s) 'minio_to_snowflake' retrieved from /opt/airflow/dags/minio_to_snowflake.py
[2025-10-13T12:53:55.215+0000] {logging_mixin.py:188} INFO - [2025-10-13T12:53:55.214+0000] {dag.py:3089} INFO - Sync 1 DAGs
[2025-10-13T12:53:55.259+0000] {logging_mixin.py:188} INFO - [2025-10-13T12:53:55.259+0000] {dag.py:3947} INFO - Setting next_dagrun for minio_to_snowflake to 2025-10-13 12:52:00+00:00, run_after=2025-10-13 12:53:00+00:00
[2025-10-13T12:53:55.300+0000] {processor.py:183} INFO - Processing /opt/airflow/dags/minio_to_snowflake.py took 2.169 seconds
[2025-10-13T12:54:25.461+0000] {processor.py:161} INFO - Started process (PID=26435) to work on /opt/airflow/dags/minio_to_snowflake.py
[2025-10-13T12:54:25.468+0000] {processor.py:830} INFO - Processing file /opt/airflow/dags/minio_to_snowflake.py for tasks to queue
[2025-10-13T12:54:25.482+0000] {logging_mixin.py:188} INFO - [2025-10-13T12:54:25.481+0000] {dagbag.py:545} INFO - Filling up the DagBag from /opt/airflow/dags/minio_to_snowflake.py
[2025-10-13T12:54:27.304+0000] {processor.py:840} INFO - DAG(s) 'minio_to_snowflake' retrieved from /opt/airflow/dags/minio_to_snowflake.py
[2025-10-13T12:54:27.353+0000] {logging_mixin.py:188} INFO - [2025-10-13T12:54:27.352+0000] {dag.py:3089} INFO - Sync 1 DAGs
[2025-10-13T12:54:27.397+0000] {logging_mixin.py:188} INFO - [2025-10-13T12:54:27.397+0000] {dag.py:3947} INFO - Setting next_dagrun for minio_to_snowflake to 2025-10-13 12:53:00+00:00, run_after=2025-10-13 12:54:00+00:00
[2025-10-13T12:54:27.424+0000] {processor.py:183} INFO - Processing /opt/airflow/dags/minio_to_snowflake.py took 1.983 seconds
[2025-10-13T12:54:57.819+0000] {processor.py:161} INFO - Started process (PID=26613) to work on /opt/airflow/dags/minio_to_snowflake.py
[2025-10-13T12:54:57.823+0000] {processor.py:830} INFO - Processing file /opt/airflow/dags/minio_to_snowflake.py for tasks to queue
[2025-10-13T12:54:57.828+0000] {logging_mixin.py:188} INFO - [2025-10-13T12:54:57.827+0000] {dagbag.py:545} INFO - Filling up the DagBag from /opt/airflow/dags/minio_to_snowflake.py
[2025-10-13T12:54:59.272+0000] {processor.py:840} INFO - DAG(s) 'minio_to_snowflake' retrieved from /opt/airflow/dags/minio_to_snowflake.py
[2025-10-13T12:54:59.305+0000] {logging_mixin.py:188} INFO - [2025-10-13T12:54:59.304+0000] {dag.py:3089} INFO - Sync 1 DAGs
[2025-10-13T12:54:59.362+0000] {logging_mixin.py:188} INFO - [2025-10-13T12:54:59.361+0000] {dag.py:3947} INFO - Setting next_dagrun for minio_to_snowflake to 2025-10-13 12:53:00+00:00, run_after=2025-10-13 12:54:00+00:00
[2025-10-13T12:54:59.415+0000] {processor.py:183} INFO - Processing /opt/airflow/dags/minio_to_snowflake.py took 1.614 seconds
[2025-10-13T12:55:29.820+0000] {processor.py:161} INFO - Started process (PID=26779) to work on /opt/airflow/dags/minio_to_snowflake.py
[2025-10-13T12:55:29.822+0000] {processor.py:830} INFO - Processing file /opt/airflow/dags/minio_to_snowflake.py for tasks to queue
[2025-10-13T12:55:29.825+0000] {logging_mixin.py:188} INFO - [2025-10-13T12:55:29.824+0000] {dagbag.py:545} INFO - Filling up the DagBag from /opt/airflow/dags/minio_to_snowflake.py
[2025-10-13T12:55:31.256+0000] {processor.py:840} INFO - DAG(s) 'minio_to_snowflake' retrieved from /opt/airflow/dags/minio_to_snowflake.py
[2025-10-13T12:55:31.318+0000] {logging_mixin.py:188} INFO - [2025-10-13T12:55:31.317+0000] {dag.py:3089} INFO - Sync 1 DAGs
[2025-10-13T12:55:31.359+0000] {logging_mixin.py:188} INFO - [2025-10-13T12:55:31.359+0000] {dag.py:3947} INFO - Setting next_dagrun for minio_to_snowflake to 2025-10-13 12:54:00+00:00, run_after=2025-10-13 12:55:00+00:00
[2025-10-13T12:55:31.408+0000] {processor.py:183} INFO - Processing /opt/airflow/dags/minio_to_snowflake.py took 1.599 seconds
[2025-10-13T12:56:01.780+0000] {processor.py:161} INFO - Started process (PID=26915) to work on /opt/airflow/dags/minio_to_snowflake.py
[2025-10-13T12:56:01.782+0000] {processor.py:830} INFO - Processing file /opt/airflow/dags/minio_to_snowflake.py for tasks to queue
[2025-10-13T12:56:01.785+0000] {logging_mixin.py:188} INFO - [2025-10-13T12:56:01.784+0000] {dagbag.py:545} INFO - Filling up the DagBag from /opt/airflow/dags/minio_to_snowflake.py
[2025-10-13T12:56:03.000+0000] {processor.py:840} INFO - DAG(s) 'minio_to_snowflake' retrieved from /opt/airflow/dags/minio_to_snowflake.py
[2025-10-13T12:56:03.045+0000] {logging_mixin.py:188} INFO - [2025-10-13T12:56:03.044+0000] {dag.py:3089} INFO - Sync 1 DAGs
[2025-10-13T12:56:03.080+0000] {logging_mixin.py:188} INFO - [2025-10-13T12:56:03.079+0000] {dag.py:3947} INFO - Setting next_dagrun for minio_to_snowflake to 2025-10-13 12:55:00+00:00, run_after=2025-10-13 12:56:00+00:00
[2025-10-13T12:56:03.112+0000] {processor.py:183} INFO - Processing /opt/airflow/dags/minio_to_snowflake.py took 1.340 seconds
[2025-10-13T12:56:33.443+0000] {processor.py:161} INFO - Started process (PID=28949) to work on /opt/airflow/dags/minio_to_snowflake.py
[2025-10-13T12:56:33.445+0000] {processor.py:830} INFO - Processing file /opt/airflow/dags/minio_to_snowflake.py for tasks to queue
[2025-10-13T12:56:33.450+0000] {logging_mixin.py:188} INFO - [2025-10-13T12:56:33.449+0000] {dagbag.py:545} INFO - Filling up the DagBag from /opt/airflow/dags/minio_to_snowflake.py
[2025-10-13T12:56:35.136+0000] {processor.py:840} INFO - DAG(s) 'minio_to_snowflake' retrieved from /opt/airflow/dags/minio_to_snowflake.py
[2025-10-13T12:56:35.216+0000] {logging_mixin.py:188} INFO - [2025-10-13T12:56:35.212+0000] {dag.py:3089} INFO - Sync 1 DAGs
[2025-10-13T12:56:35.310+0000] {logging_mixin.py:188} INFO - [2025-10-13T12:56:35.310+0000] {dag.py:3947} INFO - Setting next_dagrun for minio_to_snowflake to 2025-10-13 12:55:00+00:00, run_after=2025-10-13 12:56:00+00:00
[2025-10-13T12:56:35.377+0000] {processor.py:183} INFO - Processing /opt/airflow/dags/minio_to_snowflake.py took 1.953 seconds
[2025-10-13T12:57:05.830+0000] {processor.py:161} INFO - Started process (PID=29131) to work on /opt/airflow/dags/minio_to_snowflake.py
[2025-10-13T12:57:05.831+0000] {processor.py:830} INFO - Processing file /opt/airflow/dags/minio_to_snowflake.py for tasks to queue
[2025-10-13T12:57:05.843+0000] {logging_mixin.py:188} INFO - [2025-10-13T12:57:05.842+0000] {dagbag.py:545} INFO - Filling up the DagBag from /opt/airflow/dags/minio_to_snowflake.py
[2025-10-13T12:57:07.317+0000] {processor.py:840} INFO - DAG(s) 'minio_to_snowflake' retrieved from /opt/airflow/dags/minio_to_snowflake.py
[2025-10-13T12:57:07.353+0000] {logging_mixin.py:188} INFO - [2025-10-13T12:57:07.352+0000] {dag.py:3089} INFO - Sync 1 DAGs
[2025-10-13T12:57:07.385+0000] {logging_mixin.py:188} INFO - [2025-10-13T12:57:07.385+0000] {dag.py:3947} INFO - Setting next_dagrun for minio_to_snowflake to 2025-10-13 12:56:00+00:00, run_after=2025-10-13 12:57:00+00:00
[2025-10-13T12:57:07.429+0000] {processor.py:183} INFO - Processing /opt/airflow/dags/minio_to_snowflake.py took 1.611 seconds
[2025-10-13T12:57:37.841+0000] {processor.py:161} INFO - Started process (PID=29323) to work on /opt/airflow/dags/minio_to_snowflake.py
[2025-10-13T12:57:37.844+0000] {processor.py:830} INFO - Processing file /opt/airflow/dags/minio_to_snowflake.py for tasks to queue
[2025-10-13T12:57:37.849+0000] {logging_mixin.py:188} INFO - [2025-10-13T12:57:37.848+0000] {dagbag.py:545} INFO - Filling up the DagBag from /opt/airflow/dags/minio_to_snowflake.py
[2025-10-13T12:57:39.440+0000] {processor.py:840} INFO - DAG(s) 'minio_to_snowflake' retrieved from /opt/airflow/dags/minio_to_snowflake.py
[2025-10-13T12:57:39.486+0000] {logging_mixin.py:188} INFO - [2025-10-13T12:57:39.485+0000] {dag.py:3089} INFO - Sync 1 DAGs
[2025-10-13T12:57:39.527+0000] {logging_mixin.py:188} INFO - [2025-10-13T12:57:39.526+0000] {dag.py:3947} INFO - Setting next_dagrun for minio_to_snowflake to 2025-10-13 12:56:00+00:00, run_after=2025-10-13 12:57:00+00:00
[2025-10-13T12:57:39.561+0000] {processor.py:183} INFO - Processing /opt/airflow/dags/minio_to_snowflake.py took 1.738 seconds
[2025-10-13T12:58:09.990+0000] {processor.py:161} INFO - Started process (PID=29513) to work on /opt/airflow/dags/minio_to_snowflake.py
[2025-10-13T12:58:09.993+0000] {processor.py:830} INFO - Processing file /opt/airflow/dags/minio_to_snowflake.py for tasks to queue
[2025-10-13T12:58:09.999+0000] {logging_mixin.py:188} INFO - [2025-10-13T12:58:09.997+0000] {dagbag.py:545} INFO - Filling up the DagBag from /opt/airflow/dags/minio_to_snowflake.py
[2025-10-13T12:58:11.581+0000] {processor.py:840} INFO - DAG(s) 'minio_to_snowflake' retrieved from /opt/airflow/dags/minio_to_snowflake.py
[2025-10-13T12:58:11.635+0000] {logging_mixin.py:188} INFO - [2025-10-13T12:58:11.633+0000] {dag.py:3089} INFO - Sync 1 DAGs
[2025-10-13T12:58:11.672+0000] {logging_mixin.py:188} INFO - [2025-10-13T12:58:11.671+0000] {dag.py:3947} INFO - Setting next_dagrun for minio_to_snowflake to 2025-10-13 12:57:00+00:00, run_after=2025-10-13 12:58:00+00:00
[2025-10-13T12:58:11.697+0000] {processor.py:183} INFO - Processing /opt/airflow/dags/minio_to_snowflake.py took 1.737 seconds
[2025-10-13T12:58:41.942+0000] {processor.py:161} INFO - Started process (PID=29689) to work on /opt/airflow/dags/minio_to_snowflake.py
[2025-10-13T12:58:41.945+0000] {processor.py:830} INFO - Processing file /opt/airflow/dags/minio_to_snowflake.py for tasks to queue
[2025-10-13T12:58:41.952+0000] {logging_mixin.py:188} INFO - [2025-10-13T12:58:41.951+0000] {dagbag.py:545} INFO - Filling up the DagBag from /opt/airflow/dags/minio_to_snowflake.py
[2025-10-13T12:58:43.330+0000] {processor.py:840} INFO - DAG(s) 'minio_to_snowflake' retrieved from /opt/airflow/dags/minio_to_snowflake.py
[2025-10-13T12:58:43.372+0000] {logging_mixin.py:188} INFO - [2025-10-13T12:58:43.371+0000] {dag.py:3089} INFO - Sync 1 DAGs
[2025-10-13T12:58:43.428+0000] {logging_mixin.py:188} INFO - [2025-10-13T12:58:43.427+0000] {dag.py:3947} INFO - Setting next_dagrun for minio_to_snowflake to 2025-10-13 12:57:00+00:00, run_after=2025-10-13 12:58:00+00:00
[2025-10-13T12:58:43.465+0000] {processor.py:183} INFO - Processing /opt/airflow/dags/minio_to_snowflake.py took 1.541 seconds
[2025-10-13T12:59:13.863+0000] {processor.py:161} INFO - Started process (PID=29874) to work on /opt/airflow/dags/minio_to_snowflake.py
[2025-10-13T12:59:13.867+0000] {processor.py:830} INFO - Processing file /opt/airflow/dags/minio_to_snowflake.py for tasks to queue
[2025-10-13T12:59:13.871+0000] {logging_mixin.py:188} INFO - [2025-10-13T12:59:13.871+0000] {dagbag.py:545} INFO - Filling up the DagBag from /opt/airflow/dags/minio_to_snowflake.py
[2025-10-13T12:59:15.594+0000] {processor.py:840} INFO - DAG(s) 'minio_to_snowflake' retrieved from /opt/airflow/dags/minio_to_snowflake.py
[2025-10-13T12:59:15.643+0000] {logging_mixin.py:188} INFO - [2025-10-13T12:59:15.640+0000] {dag.py:3089} INFO - Sync 1 DAGs
[2025-10-13T12:59:15.688+0000] {logging_mixin.py:188} INFO - [2025-10-13T12:59:15.688+0000] {dag.py:3947} INFO - Setting next_dagrun for minio_to_snowflake to 2025-10-13 12:58:00+00:00, run_after=2025-10-13 12:59:00+00:00
[2025-10-13T12:59:15.752+0000] {processor.py:183} INFO - Processing /opt/airflow/dags/minio_to_snowflake.py took 1.901 seconds
[2025-10-13T12:59:46.478+0000] {processor.py:161} INFO - Started process (PID=31058) to work on /opt/airflow/dags/minio_to_snowflake.py
[2025-10-13T12:59:46.481+0000] {processor.py:830} INFO - Processing file /opt/airflow/dags/minio_to_snowflake.py for tasks to queue
[2025-10-13T12:59:46.495+0000] {logging_mixin.py:188} INFO - [2025-10-13T12:59:46.495+0000] {dagbag.py:545} INFO - Filling up the DagBag from /opt/airflow/dags/minio_to_snowflake.py
[2025-10-13T12:59:48.884+0000] {processor.py:840} INFO - DAG(s) 'minio_to_snowflake' retrieved from /opt/airflow/dags/minio_to_snowflake.py
[2025-10-13T12:59:48.924+0000] {logging_mixin.py:188} INFO - [2025-10-13T12:59:48.923+0000] {dag.py:3089} INFO - Sync 1 DAGs
[2025-10-13T12:59:48.959+0000] {logging_mixin.py:188} INFO - [2025-10-13T12:59:48.958+0000] {dag.py:3947} INFO - Setting next_dagrun for minio_to_snowflake to 2025-10-13 12:59:00+00:00, run_after=2025-10-13 13:00:00+00:00
[2025-10-13T12:59:48.986+0000] {processor.py:183} INFO - Processing /opt/airflow/dags/minio_to_snowflake.py took 2.529 seconds
[2025-10-13T13:00:19.101+0000] {processor.py:161} INFO - Started process (PID=32032) to work on /opt/airflow/dags/minio_to_snowflake.py
[2025-10-13T13:00:19.104+0000] {processor.py:830} INFO - Processing file /opt/airflow/dags/minio_to_snowflake.py for tasks to queue
[2025-10-13T13:00:19.107+0000] {logging_mixin.py:188} INFO - [2025-10-13T13:00:19.107+0000] {dagbag.py:545} INFO - Filling up the DagBag from /opt/airflow/dags/minio_to_snowflake.py
[2025-10-13T13:00:20.501+0000] {processor.py:840} INFO - DAG(s) 'minio_to_snowflake' retrieved from /opt/airflow/dags/minio_to_snowflake.py
[2025-10-13T13:00:20.549+0000] {logging_mixin.py:188} INFO - [2025-10-13T13:00:20.548+0000] {dag.py:3089} INFO - Sync 1 DAGs
[2025-10-13T13:00:20.615+0000] {logging_mixin.py:188} INFO - [2025-10-13T13:00:20.615+0000] {dag.py:3947} INFO - Setting next_dagrun for minio_to_snowflake to 2025-10-13 12:59:00+00:00, run_after=2025-10-13 13:00:00+00:00
[2025-10-13T13:00:20.638+0000] {processor.py:183} INFO - Processing /opt/airflow/dags/minio_to_snowflake.py took 1.550 seconds
[2025-10-13T13:00:51.042+0000] {processor.py:161} INFO - Started process (PID=32181) to work on /opt/airflow/dags/minio_to_snowflake.py
[2025-10-13T13:00:51.045+0000] {processor.py:830} INFO - Processing file /opt/airflow/dags/minio_to_snowflake.py for tasks to queue
[2025-10-13T13:00:51.051+0000] {logging_mixin.py:188} INFO - [2025-10-13T13:00:51.050+0000] {dagbag.py:545} INFO - Filling up the DagBag from /opt/airflow/dags/minio_to_snowflake.py
[2025-10-13T13:00:52.685+0000] {processor.py:840} INFO - DAG(s) 'minio_to_snowflake' retrieved from /opt/airflow/dags/minio_to_snowflake.py
[2025-10-13T13:00:52.750+0000] {logging_mixin.py:188} INFO - [2025-10-13T13:00:52.746+0000] {dag.py:3089} INFO - Sync 1 DAGs
[2025-10-13T13:00:52.816+0000] {logging_mixin.py:188} INFO - [2025-10-13T13:00:52.815+0000] {dag.py:3947} INFO - Setting next_dagrun for minio_to_snowflake to 2025-10-13 12:59:00+00:00, run_after=2025-10-13 13:00:00+00:00
[2025-10-13T13:00:52.865+0000] {processor.py:183} INFO - Processing /opt/airflow/dags/minio_to_snowflake.py took 1.841 seconds
[2025-10-13T13:01:23.081+0000] {processor.py:161} INFO - Started process (PID=32346) to work on /opt/airflow/dags/minio_to_snowflake.py
[2025-10-13T13:01:23.083+0000] {processor.py:830} INFO - Processing file /opt/airflow/dags/minio_to_snowflake.py for tasks to queue
[2025-10-13T13:01:23.088+0000] {logging_mixin.py:188} INFO - [2025-10-13T13:01:23.087+0000] {dagbag.py:545} INFO - Filling up the DagBag from /opt/airflow/dags/minio_to_snowflake.py
[2025-10-13T13:01:24.469+0000] {processor.py:840} INFO - DAG(s) 'minio_to_snowflake' retrieved from /opt/airflow/dags/minio_to_snowflake.py
[2025-10-13T13:01:24.509+0000] {logging_mixin.py:188} INFO - [2025-10-13T13:01:24.506+0000] {dag.py:3089} INFO - Sync 1 DAGs
[2025-10-13T13:01:24.565+0000] {logging_mixin.py:188} INFO - [2025-10-13T13:01:24.564+0000] {dag.py:3947} INFO - Setting next_dagrun for minio_to_snowflake to 2025-10-13 13:00:00+00:00, run_after=2025-10-13 13:01:00+00:00
[2025-10-13T13:01:24.599+0000] {processor.py:183} INFO - Processing /opt/airflow/dags/minio_to_snowflake.py took 1.530 seconds
[2025-10-13T13:01:54.977+0000] {processor.py:161} INFO - Started process (PID=32488) to work on /opt/airflow/dags/minio_to_snowflake.py
[2025-10-13T13:01:54.980+0000] {processor.py:830} INFO - Processing file /opt/airflow/dags/minio_to_snowflake.py for tasks to queue
[2025-10-13T13:01:54.984+0000] {logging_mixin.py:188} INFO - [2025-10-13T13:01:54.983+0000] {dagbag.py:545} INFO - Filling up the DagBag from /opt/airflow/dags/minio_to_snowflake.py
[2025-10-13T13:01:56.738+0000] {processor.py:840} INFO - DAG(s) 'minio_to_snowflake' retrieved from /opt/airflow/dags/minio_to_snowflake.py
[2025-10-13T13:01:56.800+0000] {logging_mixin.py:188} INFO - [2025-10-13T13:01:56.797+0000] {dag.py:3089} INFO - Sync 1 DAGs
[2025-10-13T13:01:56.860+0000] {logging_mixin.py:188} INFO - [2025-10-13T13:01:56.860+0000] {dag.py:3947} INFO - Setting next_dagrun for minio_to_snowflake to 2025-10-13 13:00:00+00:00, run_after=2025-10-13 13:01:00+00:00
[2025-10-13T13:01:56.916+0000] {processor.py:183} INFO - Processing /opt/airflow/dags/minio_to_snowflake.py took 1.956 seconds
[2025-10-13T13:02:27.409+0000] {processor.py:161} INFO - Started process (PID=32666) to work on /opt/airflow/dags/minio_to_snowflake.py
[2025-10-13T13:02:27.411+0000] {processor.py:830} INFO - Processing file /opt/airflow/dags/minio_to_snowflake.py for tasks to queue
[2025-10-13T13:02:27.415+0000] {logging_mixin.py:188} INFO - [2025-10-13T13:02:27.414+0000] {dagbag.py:545} INFO - Filling up the DagBag from /opt/airflow/dags/minio_to_snowflake.py
[2025-10-13T13:02:28.828+0000] {processor.py:840} INFO - DAG(s) 'minio_to_snowflake' retrieved from /opt/airflow/dags/minio_to_snowflake.py
[2025-10-13T13:02:28.877+0000] {logging_mixin.py:188} INFO - [2025-10-13T13:02:28.876+0000] {dag.py:3089} INFO - Sync 1 DAGs
[2025-10-13T13:02:28.937+0000] {logging_mixin.py:188} INFO - [2025-10-13T13:02:28.937+0000] {dag.py:3947} INFO - Setting next_dagrun for minio_to_snowflake to 2025-10-13 13:01:00+00:00, run_after=2025-10-13 13:02:00+00:00
[2025-10-13T13:02:28.989+0000] {processor.py:183} INFO - Processing /opt/airflow/dags/minio_to_snowflake.py took 1.593 seconds
[2025-10-13T13:02:59.396+0000] {processor.py:161} INFO - Started process (PID=32840) to work on /opt/airflow/dags/minio_to_snowflake.py
[2025-10-13T13:02:59.398+0000] {processor.py:830} INFO - Processing file /opt/airflow/dags/minio_to_snowflake.py for tasks to queue
[2025-10-13T13:02:59.403+0000] {logging_mixin.py:188} INFO - [2025-10-13T13:02:59.402+0000] {dagbag.py:545} INFO - Filling up the DagBag from /opt/airflow/dags/minio_to_snowflake.py
[2025-10-13T13:03:00.795+0000] {processor.py:840} INFO - DAG(s) 'minio_to_snowflake' retrieved from /opt/airflow/dags/minio_to_snowflake.py
[2025-10-13T13:03:00.838+0000] {logging_mixin.py:188} INFO - [2025-10-13T13:03:00.837+0000] {dag.py:3089} INFO - Sync 1 DAGs
[2025-10-13T13:03:00.884+0000] {logging_mixin.py:188} INFO - [2025-10-13T13:03:00.884+0000] {dag.py:3947} INFO - Setting next_dagrun for minio_to_snowflake to 2025-10-13 13:02:00+00:00, run_after=2025-10-13 13:03:00+00:00
[2025-10-13T13:03:00.923+0000] {processor.py:183} INFO - Processing /opt/airflow/dags/minio_to_snowflake.py took 1.541 seconds
[2025-10-13T13:03:31.263+0000] {processor.py:161} INFO - Started process (PID=32993) to work on /opt/airflow/dags/minio_to_snowflake.py
[2025-10-13T13:03:31.267+0000] {processor.py:830} INFO - Processing file /opt/airflow/dags/minio_to_snowflake.py for tasks to queue
[2025-10-13T13:03:31.272+0000] {logging_mixin.py:188} INFO - [2025-10-13T13:03:31.272+0000] {dagbag.py:545} INFO - Filling up the DagBag from /opt/airflow/dags/minio_to_snowflake.py
[2025-10-13T13:03:32.783+0000] {processor.py:840} INFO - DAG(s) 'minio_to_snowflake' retrieved from /opt/airflow/dags/minio_to_snowflake.py
[2025-10-13T13:03:32.824+0000] {logging_mixin.py:188} INFO - [2025-10-13T13:03:32.824+0000] {dag.py:3089} INFO - Sync 1 DAGs
[2025-10-13T13:03:32.863+0000] {logging_mixin.py:188} INFO - [2025-10-13T13:03:32.862+0000] {dag.py:3947} INFO - Setting next_dagrun for minio_to_snowflake to 2025-10-13 13:02:00+00:00, run_after=2025-10-13 13:03:00+00:00
[2025-10-13T13:03:32.887+0000] {processor.py:183} INFO - Processing /opt/airflow/dags/minio_to_snowflake.py took 1.648 seconds
[2025-10-13T13:04:03.319+0000] {processor.py:161} INFO - Started process (PID=35008) to work on /opt/airflow/dags/minio_to_snowflake.py
[2025-10-13T13:04:03.321+0000] {processor.py:830} INFO - Processing file /opt/airflow/dags/minio_to_snowflake.py for tasks to queue
[2025-10-13T13:04:03.326+0000] {logging_mixin.py:188} INFO - [2025-10-13T13:04:03.326+0000] {dagbag.py:545} INFO - Filling up the DagBag from /opt/airflow/dags/minio_to_snowflake.py
[2025-10-13T13:04:04.417+0000] {processor.py:840} INFO - DAG(s) 'minio_to_snowflake' retrieved from /opt/airflow/dags/minio_to_snowflake.py
[2025-10-13T13:04:04.460+0000] {logging_mixin.py:188} INFO - [2025-10-13T13:04:04.459+0000] {dag.py:3089} INFO - Sync 1 DAGs
[2025-10-13T13:04:04.492+0000] {logging_mixin.py:188} INFO - [2025-10-13T13:04:04.492+0000] {dag.py:3947} INFO - Setting next_dagrun for minio_to_snowflake to 2025-10-13 13:03:00+00:00, run_after=2025-10-13 13:04:00+00:00
[2025-10-13T13:04:04.512+0000] {processor.py:183} INFO - Processing /opt/airflow/dags/minio_to_snowflake.py took 1.203 seconds
[2025-10-13T13:04:34.899+0000] {processor.py:161} INFO - Started process (PID=35155) to work on /opt/airflow/dags/minio_to_snowflake.py
[2025-10-13T13:04:34.902+0000] {processor.py:830} INFO - Processing file /opt/airflow/dags/minio_to_snowflake.py for tasks to queue
[2025-10-13T13:04:34.908+0000] {logging_mixin.py:188} INFO - [2025-10-13T13:04:34.907+0000] {dagbag.py:545} INFO - Filling up the DagBag from /opt/airflow/dags/minio_to_snowflake.py
[2025-10-13T13:04:36.490+0000] {processor.py:840} INFO - DAG(s) 'minio_to_snowflake' retrieved from /opt/airflow/dags/minio_to_snowflake.py
[2025-10-13T13:04:36.541+0000] {logging_mixin.py:188} INFO - [2025-10-13T13:04:36.538+0000] {dag.py:3089} INFO - Sync 1 DAGs
[2025-10-13T13:04:36.587+0000] {logging_mixin.py:188} INFO - [2025-10-13T13:04:36.587+0000] {dag.py:3947} INFO - Setting next_dagrun for minio_to_snowflake to 2025-10-13 13:03:00+00:00, run_after=2025-10-13 13:04:00+00:00
[2025-10-13T13:04:36.627+0000] {processor.py:183} INFO - Processing /opt/airflow/dags/minio_to_snowflake.py took 1.745 seconds
[2025-10-13T13:05:07.121+0000] {processor.py:161} INFO - Started process (PID=35319) to work on /opt/airflow/dags/minio_to_snowflake.py
[2025-10-13T13:05:07.145+0000] {processor.py:830} INFO - Processing file /opt/airflow/dags/minio_to_snowflake.py for tasks to queue
[2025-10-13T13:05:07.185+0000] {logging_mixin.py:188} INFO - [2025-10-13T13:05:07.184+0000] {dagbag.py:545} INFO - Filling up the DagBag from /opt/airflow/dags/minio_to_snowflake.py
[2025-10-13T13:05:09.098+0000] {processor.py:840} INFO - DAG(s) 'minio_to_snowflake' retrieved from /opt/airflow/dags/minio_to_snowflake.py
[2025-10-13T13:05:09.142+0000] {logging_mixin.py:188} INFO - [2025-10-13T13:05:09.140+0000] {dag.py:3089} INFO - Sync 1 DAGs
[2025-10-13T13:05:09.193+0000] {logging_mixin.py:188} INFO - [2025-10-13T13:05:09.191+0000] {dag.py:3947} INFO - Setting next_dagrun for minio_to_snowflake to 2025-10-13 13:04:00+00:00, run_after=2025-10-13 13:05:00+00:00
[2025-10-13T13:05:09.227+0000] {processor.py:183} INFO - Processing /opt/airflow/dags/minio_to_snowflake.py took 2.127 seconds
[2025-10-13T13:05:39.636+0000] {processor.py:161} INFO - Started process (PID=35492) to work on /opt/airflow/dags/minio_to_snowflake.py
[2025-10-13T13:05:39.640+0000] {processor.py:830} INFO - Processing file /opt/airflow/dags/minio_to_snowflake.py for tasks to queue
[2025-10-13T13:05:39.644+0000] {logging_mixin.py:188} INFO - [2025-10-13T13:05:39.643+0000] {dagbag.py:545} INFO - Filling up the DagBag from /opt/airflow/dags/minio_to_snowflake.py
[2025-10-13T13:05:41.151+0000] {processor.py:840} INFO - DAG(s) 'minio_to_snowflake' retrieved from /opt/airflow/dags/minio_to_snowflake.py
[2025-10-13T13:05:41.187+0000] {logging_mixin.py:188} INFO - [2025-10-13T13:05:41.186+0000] {dag.py:3089} INFO - Sync 1 DAGs
[2025-10-13T13:05:41.228+0000] {logging_mixin.py:188} INFO - [2025-10-13T13:05:41.228+0000] {dag.py:3947} INFO - Setting next_dagrun for minio_to_snowflake to 2025-10-13 13:04:00+00:00, run_after=2025-10-13 13:05:00+00:00
[2025-10-13T13:05:41.273+0000] {processor.py:183} INFO - Processing /opt/airflow/dags/minio_to_snowflake.py took 1.648 seconds
[2025-10-13T13:06:11.666+0000] {processor.py:161} INFO - Started process (PID=35663) to work on /opt/airflow/dags/minio_to_snowflake.py
[2025-10-13T13:06:11.669+0000] {processor.py:830} INFO - Processing file /opt/airflow/dags/minio_to_snowflake.py for tasks to queue
[2025-10-13T13:06:11.673+0000] {logging_mixin.py:188} INFO - [2025-10-13T13:06:11.673+0000] {dagbag.py:545} INFO - Filling up the DagBag from /opt/airflow/dags/minio_to_snowflake.py
[2025-10-13T13:06:13.304+0000] {processor.py:840} INFO - DAG(s) 'minio_to_snowflake' retrieved from /opt/airflow/dags/minio_to_snowflake.py
[2025-10-13T13:06:13.361+0000] {logging_mixin.py:188} INFO - [2025-10-13T13:06:13.360+0000] {dag.py:3089} INFO - Sync 1 DAGs
[2025-10-13T13:06:13.406+0000] {logging_mixin.py:188} INFO - [2025-10-13T13:06:13.406+0000] {dag.py:3947} INFO - Setting next_dagrun for minio_to_snowflake to 2025-10-13 13:05:00+00:00, run_after=2025-10-13 13:06:00+00:00
[2025-10-13T13:06:13.447+0000] {processor.py:183} INFO - Processing /opt/airflow/dags/minio_to_snowflake.py took 1.796 seconds
[2025-10-13T13:06:43.838+0000] {processor.py:161} INFO - Started process (PID=35843) to work on /opt/airflow/dags/minio_to_snowflake.py
[2025-10-13T13:06:43.840+0000] {processor.py:830} INFO - Processing file /opt/airflow/dags/minio_to_snowflake.py for tasks to queue
[2025-10-13T13:06:43.852+0000] {logging_mixin.py:188} INFO - [2025-10-13T13:06:43.852+0000] {dagbag.py:545} INFO - Filling up the DagBag from /opt/airflow/dags/minio_to_snowflake.py
[2025-10-13T13:06:45.607+0000] {processor.py:840} INFO - DAG(s) 'minio_to_snowflake' retrieved from /opt/airflow/dags/minio_to_snowflake.py
[2025-10-13T13:06:45.649+0000] {logging_mixin.py:188} INFO - [2025-10-13T13:06:45.648+0000] {dag.py:3089} INFO - Sync 1 DAGs
[2025-10-13T13:06:45.693+0000] {logging_mixin.py:188} INFO - [2025-10-13T13:06:45.692+0000] {dag.py:3947} INFO - Setting next_dagrun for minio_to_snowflake to 2025-10-13 13:05:00+00:00, run_after=2025-10-13 13:06:00+00:00
[2025-10-13T13:06:45.725+0000] {processor.py:183} INFO - Processing /opt/airflow/dags/minio_to_snowflake.py took 1.914 seconds
[2025-10-13T13:07:16.159+0000] {processor.py:161} INFO - Started process (PID=36020) to work on /opt/airflow/dags/minio_to_snowflake.py
[2025-10-13T13:07:16.168+0000] {processor.py:830} INFO - Processing file /opt/airflow/dags/minio_to_snowflake.py for tasks to queue
[2025-10-13T13:07:16.182+0000] {logging_mixin.py:188} INFO - [2025-10-13T13:07:16.181+0000] {dagbag.py:545} INFO - Filling up the DagBag from /opt/airflow/dags/minio_to_snowflake.py
[2025-10-13T13:07:18.657+0000] {processor.py:840} INFO - DAG(s) 'minio_to_snowflake' retrieved from /opt/airflow/dags/minio_to_snowflake.py
[2025-10-13T13:07:18.735+0000] {logging_mixin.py:188} INFO - [2025-10-13T13:07:18.722+0000] {dag.py:3089} INFO - Sync 1 DAGs
[2025-10-13T13:07:18.840+0000] {logging_mixin.py:188} INFO - [2025-10-13T13:07:18.840+0000] {dag.py:3947} INFO - Setting next_dagrun for minio_to_snowflake to 2025-10-13 13:06:00+00:00, run_after=2025-10-13 13:07:00+00:00
[2025-10-13T13:07:18.969+0000] {processor.py:183} INFO - Processing /opt/airflow/dags/minio_to_snowflake.py took 2.838 seconds
[2025-10-13T13:07:49.966+0000] {processor.py:161} INFO - Started process (PID=38051) to work on /opt/airflow/dags/minio_to_snowflake.py
[2025-10-13T13:07:49.968+0000] {processor.py:830} INFO - Processing file /opt/airflow/dags/minio_to_snowflake.py for tasks to queue
[2025-10-13T13:07:49.971+0000] {logging_mixin.py:188} INFO - [2025-10-13T13:07:49.971+0000] {dagbag.py:545} INFO - Filling up the DagBag from /opt/airflow/dags/minio_to_snowflake.py
[2025-10-13T13:07:51.305+0000] {processor.py:840} INFO - DAG(s) 'minio_to_snowflake' retrieved from /opt/airflow/dags/minio_to_snowflake.py
[2025-10-13T13:07:51.345+0000] {logging_mixin.py:188} INFO - [2025-10-13T13:07:51.344+0000] {dag.py:3089} INFO - Sync 1 DAGs
[2025-10-13T13:07:51.373+0000] {logging_mixin.py:188} INFO - [2025-10-13T13:07:51.373+0000] {dag.py:3947} INFO - Setting next_dagrun for minio_to_snowflake to 2025-10-13 13:07:00+00:00, run_after=2025-10-13 13:08:00+00:00
[2025-10-13T13:07:51.405+0000] {processor.py:183} INFO - Processing /opt/airflow/dags/minio_to_snowflake.py took 1.448 seconds
[2025-10-13T13:08:21.807+0000] {processor.py:161} INFO - Started process (PID=38199) to work on /opt/airflow/dags/minio_to_snowflake.py
[2025-10-13T13:08:21.811+0000] {processor.py:830} INFO - Processing file /opt/airflow/dags/minio_to_snowflake.py for tasks to queue
[2025-10-13T13:08:21.815+0000] {logging_mixin.py:188} INFO - [2025-10-13T13:08:21.814+0000] {dagbag.py:545} INFO - Filling up the DagBag from /opt/airflow/dags/minio_to_snowflake.py
[2025-10-13T13:08:23.208+0000] {processor.py:840} INFO - DAG(s) 'minio_to_snowflake' retrieved from /opt/airflow/dags/minio_to_snowflake.py
[2025-10-13T13:08:23.255+0000] {logging_mixin.py:188} INFO - [2025-10-13T13:08:23.254+0000] {dag.py:3089} INFO - Sync 1 DAGs
[2025-10-13T13:08:23.284+0000] {logging_mixin.py:188} INFO - [2025-10-13T13:08:23.284+0000] {dag.py:3947} INFO - Setting next_dagrun for minio_to_snowflake to 2025-10-13 13:07:00+00:00, run_after=2025-10-13 13:08:00+00:00
[2025-10-13T13:08:23.318+0000] {processor.py:183} INFO - Processing /opt/airflow/dags/minio_to_snowflake.py took 1.519 seconds
[2025-10-13T13:08:53.705+0000] {processor.py:161} INFO - Started process (PID=38389) to work on /opt/airflow/dags/minio_to_snowflake.py
[2025-10-13T13:08:53.707+0000] {processor.py:830} INFO - Processing file /opt/airflow/dags/minio_to_snowflake.py for tasks to queue
[2025-10-13T13:08:53.709+0000] {logging_mixin.py:188} INFO - [2025-10-13T13:08:53.709+0000] {dagbag.py:545} INFO - Filling up the DagBag from /opt/airflow/dags/minio_to_snowflake.py
[2025-10-13T13:08:55.110+0000] {processor.py:840} INFO - DAG(s) 'minio_to_snowflake' retrieved from /opt/airflow/dags/minio_to_snowflake.py
[2025-10-13T13:08:55.145+0000] {logging_mixin.py:188} INFO - [2025-10-13T13:08:55.144+0000] {dag.py:3089} INFO - Sync 1 DAGs
[2025-10-13T13:08:55.182+0000] {logging_mixin.py:188} INFO - [2025-10-13T13:08:55.182+0000] {dag.py:3947} INFO - Setting next_dagrun for minio_to_snowflake to 2025-10-13 13:07:00+00:00, run_after=2025-10-13 13:08:00+00:00
[2025-10-13T13:08:55.210+0000] {processor.py:183} INFO - Processing /opt/airflow/dags/minio_to_snowflake.py took 1.513 seconds
[2025-10-13T13:09:25.506+0000] {processor.py:161} INFO - Started process (PID=38564) to work on /opt/airflow/dags/minio_to_snowflake.py
[2025-10-13T13:09:25.508+0000] {processor.py:830} INFO - Processing file /opt/airflow/dags/minio_to_snowflake.py for tasks to queue
[2025-10-13T13:09:25.511+0000] {logging_mixin.py:188} INFO - [2025-10-13T13:09:25.511+0000] {dagbag.py:545} INFO - Filling up the DagBag from /opt/airflow/dags/minio_to_snowflake.py
[2025-10-13T13:09:27.014+0000] {processor.py:840} INFO - DAG(s) 'minio_to_snowflake' retrieved from /opt/airflow/dags/minio_to_snowflake.py
[2025-10-13T13:09:27.110+0000] {logging_mixin.py:188} INFO - [2025-10-13T13:09:27.109+0000] {dag.py:3089} INFO - Sync 1 DAGs
[2025-10-13T13:09:27.203+0000] {logging_mixin.py:188} INFO - [2025-10-13T13:09:27.202+0000] {dag.py:3947} INFO - Setting next_dagrun for minio_to_snowflake to 2025-10-13 13:08:00+00:00, run_after=2025-10-13 13:09:00+00:00
[2025-10-13T13:09:27.272+0000] {processor.py:183} INFO - Processing /opt/airflow/dags/minio_to_snowflake.py took 1.775 seconds
[2025-10-13T13:09:57.941+0000] {processor.py:161} INFO - Started process (PID=38759) to work on /opt/airflow/dags/minio_to_snowflake.py
[2025-10-13T13:09:57.944+0000] {processor.py:830} INFO - Processing file /opt/airflow/dags/minio_to_snowflake.py for tasks to queue
[2025-10-13T13:09:57.952+0000] {logging_mixin.py:188} INFO - [2025-10-13T13:09:57.950+0000] {dagbag.py:545} INFO - Filling up the DagBag from /opt/airflow/dags/minio_to_snowflake.py
[2025-10-13T13:09:59.219+0000] {processor.py:840} INFO - DAG(s) 'minio_to_snowflake' retrieved from /opt/airflow/dags/minio_to_snowflake.py
[2025-10-13T13:09:59.261+0000] {logging_mixin.py:188} INFO - [2025-10-13T13:09:59.260+0000] {dag.py:3089} INFO - Sync 1 DAGs
[2025-10-13T13:09:59.308+0000] {logging_mixin.py:188} INFO - [2025-10-13T13:09:59.308+0000] {dag.py:3947} INFO - Setting next_dagrun for minio_to_snowflake to 2025-10-13 13:08:00+00:00, run_after=2025-10-13 13:09:00+00:00
[2025-10-13T13:09:59.347+0000] {processor.py:183} INFO - Processing /opt/airflow/dags/minio_to_snowflake.py took 1.425 seconds
[2025-10-13T13:10:29.609+0000] {processor.py:161} INFO - Started process (PID=38941) to work on /opt/airflow/dags/minio_to_snowflake.py
[2025-10-13T13:10:29.611+0000] {processor.py:830} INFO - Processing file /opt/airflow/dags/minio_to_snowflake.py for tasks to queue
[2025-10-13T13:10:29.617+0000] {logging_mixin.py:188} INFO - [2025-10-13T13:10:29.616+0000] {dagbag.py:545} INFO - Filling up the DagBag from /opt/airflow/dags/minio_to_snowflake.py
[2025-10-13T13:10:30.986+0000] {processor.py:840} INFO - DAG(s) 'minio_to_snowflake' retrieved from /opt/airflow/dags/minio_to_snowflake.py
[2025-10-13T13:10:31.026+0000] {logging_mixin.py:188} INFO - [2025-10-13T13:10:31.025+0000] {dag.py:3089} INFO - Sync 1 DAGs
[2025-10-13T13:10:31.058+0000] {logging_mixin.py:188} INFO - [2025-10-13T13:10:31.058+0000] {dag.py:3947} INFO - Setting next_dagrun for minio_to_snowflake to 2025-10-13 13:09:00+00:00, run_after=2025-10-13 13:10:00+00:00
[2025-10-13T13:10:31.088+0000] {processor.py:183} INFO - Processing /opt/airflow/dags/minio_to_snowflake.py took 1.491 seconds
[2025-10-13T13:11:01.464+0000] {processor.py:161} INFO - Started process (PID=39090) to work on /opt/airflow/dags/minio_to_snowflake.py
[2025-10-13T13:11:01.466+0000] {processor.py:830} INFO - Processing file /opt/airflow/dags/minio_to_snowflake.py for tasks to queue
[2025-10-13T13:11:01.469+0000] {logging_mixin.py:188} INFO - [2025-10-13T13:11:01.469+0000] {dagbag.py:545} INFO - Filling up the DagBag from /opt/airflow/dags/minio_to_snowflake.py
[2025-10-13T13:11:02.621+0000] {processor.py:840} INFO - DAG(s) 'minio_to_snowflake' retrieved from /opt/airflow/dags/minio_to_snowflake.py
[2025-10-13T13:11:02.658+0000] {logging_mixin.py:188} INFO - [2025-10-13T13:11:02.657+0000] {dag.py:3089} INFO - Sync 1 DAGs
[2025-10-13T13:11:02.691+0000] {logging_mixin.py:188} INFO - [2025-10-13T13:11:02.690+0000] {dag.py:3947} INFO - Setting next_dagrun for minio_to_snowflake to 2025-10-13 13:10:00+00:00, run_after=2025-10-13 13:11:00+00:00
[2025-10-13T13:11:02.721+0000] {processor.py:183} INFO - Processing /opt/airflow/dags/minio_to_snowflake.py took 1.268 seconds
[2025-10-13T13:11:33.017+0000] {processor.py:161} INFO - Started process (PID=41163) to work on /opt/airflow/dags/minio_to_snowflake.py
[2025-10-13T13:11:33.019+0000] {processor.py:830} INFO - Processing file /opt/airflow/dags/minio_to_snowflake.py for tasks to queue
[2025-10-13T13:11:33.022+0000] {logging_mixin.py:188} INFO - [2025-10-13T13:11:33.022+0000] {dagbag.py:545} INFO - Filling up the DagBag from /opt/airflow/dags/minio_to_snowflake.py
[2025-10-13T13:11:34.360+0000] {processor.py:840} INFO - DAG(s) 'minio_to_snowflake' retrieved from /opt/airflow/dags/minio_to_snowflake.py
[2025-10-13T13:11:34.396+0000] {logging_mixin.py:188} INFO - [2025-10-13T13:11:34.395+0000] {dag.py:3089} INFO - Sync 1 DAGs
[2025-10-13T13:11:34.447+0000] {logging_mixin.py:188} INFO - [2025-10-13T13:11:34.446+0000] {dag.py:3947} INFO - Setting next_dagrun for minio_to_snowflake to 2025-10-13 13:10:00+00:00, run_after=2025-10-13 13:11:00+00:00
[2025-10-13T13:11:34.481+0000] {processor.py:183} INFO - Processing /opt/airflow/dags/minio_to_snowflake.py took 1.476 seconds
[2025-10-13T13:12:04.874+0000] {processor.py:161} INFO - Started process (PID=41351) to work on /opt/airflow/dags/minio_to_snowflake.py
[2025-10-13T13:12:04.876+0000] {processor.py:830} INFO - Processing file /opt/airflow/dags/minio_to_snowflake.py for tasks to queue
[2025-10-13T13:12:04.881+0000] {logging_mixin.py:188} INFO - [2025-10-13T13:12:04.880+0000] {dagbag.py:545} INFO - Filling up the DagBag from /opt/airflow/dags/minio_to_snowflake.py
[2025-10-13T13:12:06.204+0000] {processor.py:840} INFO - DAG(s) 'minio_to_snowflake' retrieved from /opt/airflow/dags/minio_to_snowflake.py
[2025-10-13T13:12:06.252+0000] {logging_mixin.py:188} INFO - [2025-10-13T13:12:06.251+0000] {dag.py:3089} INFO - Sync 1 DAGs
[2025-10-13T13:12:06.286+0000] {logging_mixin.py:188} INFO - [2025-10-13T13:12:06.285+0000] {dag.py:3947} INFO - Setting next_dagrun for minio_to_snowflake to 2025-10-13 13:11:00+00:00, run_after=2025-10-13 13:12:00+00:00
[2025-10-13T13:12:06.336+0000] {processor.py:183} INFO - Processing /opt/airflow/dags/minio_to_snowflake.py took 1.470 seconds
[2025-10-13T13:12:36.781+0000] {processor.py:161} INFO - Started process (PID=41524) to work on /opt/airflow/dags/minio_to_snowflake.py
[2025-10-13T13:12:36.787+0000] {processor.py:830} INFO - Processing file /opt/airflow/dags/minio_to_snowflake.py for tasks to queue
[2025-10-13T13:12:36.794+0000] {logging_mixin.py:188} INFO - [2025-10-13T13:12:36.793+0000] {dagbag.py:545} INFO - Filling up the DagBag from /opt/airflow/dags/minio_to_snowflake.py
[2025-10-13T13:12:38.922+0000] {processor.py:840} INFO - DAG(s) 'minio_to_snowflake' retrieved from /opt/airflow/dags/minio_to_snowflake.py
[2025-10-13T13:12:38.961+0000] {logging_mixin.py:188} INFO - [2025-10-13T13:12:38.959+0000] {dag.py:3089} INFO - Sync 1 DAGs
[2025-10-13T13:12:39.001+0000] {logging_mixin.py:188} INFO - [2025-10-13T13:12:39.000+0000] {dag.py:3947} INFO - Setting next_dagrun for minio_to_snowflake to 2025-10-13 13:11:00+00:00, run_after=2025-10-13 13:12:00+00:00
[2025-10-13T13:12:39.033+0000] {processor.py:183} INFO - Processing /opt/airflow/dags/minio_to_snowflake.py took 2.262 seconds
[2025-10-13T13:13:09.489+0000] {processor.py:161} INFO - Started process (PID=41698) to work on /opt/airflow/dags/minio_to_snowflake.py
[2025-10-13T13:13:09.492+0000] {processor.py:830} INFO - Processing file /opt/airflow/dags/minio_to_snowflake.py for tasks to queue
[2025-10-13T13:13:09.497+0000] {logging_mixin.py:188} INFO - [2025-10-13T13:13:09.496+0000] {dagbag.py:545} INFO - Filling up the DagBag from /opt/airflow/dags/minio_to_snowflake.py
[2025-10-13T13:13:10.739+0000] {processor.py:840} INFO - DAG(s) 'minio_to_snowflake' retrieved from /opt/airflow/dags/minio_to_snowflake.py
[2025-10-13T13:13:10.782+0000] {logging_mixin.py:188} INFO - [2025-10-13T13:13:10.782+0000] {dag.py:3089} INFO - Sync 1 DAGs
[2025-10-13T13:13:10.815+0000] {logging_mixin.py:188} INFO - [2025-10-13T13:13:10.815+0000] {dag.py:3947} INFO - Setting next_dagrun for minio_to_snowflake to 2025-10-13 13:12:00+00:00, run_after=2025-10-13 13:13:00+00:00
[2025-10-13T13:13:10.844+0000] {processor.py:183} INFO - Processing /opt/airflow/dags/minio_to_snowflake.py took 1.375 seconds
[2025-10-13T13:13:40.969+0000] {processor.py:161} INFO - Started process (PID=41882) to work on /opt/airflow/dags/minio_to_snowflake.py
[2025-10-13T13:13:40.974+0000] {processor.py:830} INFO - Processing file /opt/airflow/dags/minio_to_snowflake.py for tasks to queue
[2025-10-13T13:13:40.981+0000] {logging_mixin.py:188} INFO - [2025-10-13T13:13:40.980+0000] {dagbag.py:545} INFO - Filling up the DagBag from /opt/airflow/dags/minio_to_snowflake.py
[2025-10-13T13:13:42.276+0000] {processor.py:840} INFO - DAG(s) 'minio_to_snowflake' retrieved from /opt/airflow/dags/minio_to_snowflake.py
[2025-10-13T13:13:42.310+0000] {logging_mixin.py:188} INFO - [2025-10-13T13:13:42.309+0000] {dag.py:3089} INFO - Sync 1 DAGs
[2025-10-13T13:13:42.341+0000] {logging_mixin.py:188} INFO - [2025-10-13T13:13:42.341+0000] {dag.py:3947} INFO - Setting next_dagrun for minio_to_snowflake to 2025-10-13 13:12:00+00:00, run_after=2025-10-13 13:13:00+00:00
[2025-10-13T13:13:42.374+0000] {processor.py:183} INFO - Processing /opt/airflow/dags/minio_to_snowflake.py took 1.417 seconds
[2025-10-13T13:14:12.542+0000] {processor.py:161} INFO - Started process (PID=42056) to work on /opt/airflow/dags/minio_to_snowflake.py
[2025-10-13T13:14:12.544+0000] {processor.py:830} INFO - Processing file /opt/airflow/dags/minio_to_snowflake.py for tasks to queue
[2025-10-13T13:14:12.547+0000] {logging_mixin.py:188} INFO - [2025-10-13T13:14:12.546+0000] {dagbag.py:545} INFO - Filling up the DagBag from /opt/airflow/dags/minio_to_snowflake.py
[2025-10-13T13:14:13.888+0000] {processor.py:840} INFO - DAG(s) 'minio_to_snowflake' retrieved from /opt/airflow/dags/minio_to_snowflake.py
[2025-10-13T13:14:13.931+0000] {logging_mixin.py:188} INFO - [2025-10-13T13:14:13.931+0000] {dag.py:3089} INFO - Sync 1 DAGs
[2025-10-13T13:14:13.968+0000] {logging_mixin.py:188} INFO - [2025-10-13T13:14:13.968+0000] {dag.py:3947} INFO - Setting next_dagrun for minio_to_snowflake to 2025-10-13 13:13:00+00:00, run_after=2025-10-13 13:14:00+00:00
[2025-10-13T13:14:13.998+0000] {processor.py:183} INFO - Processing /opt/airflow/dags/minio_to_snowflake.py took 1.467 seconds
[2025-10-13T13:14:44.218+0000] {processor.py:161} INFO - Started process (PID=43464) to work on /opt/airflow/dags/minio_to_snowflake.py
[2025-10-13T13:14:44.220+0000] {processor.py:830} INFO - Processing file /opt/airflow/dags/minio_to_snowflake.py for tasks to queue
[2025-10-13T13:14:44.224+0000] {logging_mixin.py:188} INFO - [2025-10-13T13:14:44.224+0000] {dagbag.py:545} INFO - Filling up the DagBag from /opt/airflow/dags/minio_to_snowflake.py
[2025-10-13T13:14:45.493+0000] {processor.py:840} INFO - DAG(s) 'minio_to_snowflake' retrieved from /opt/airflow/dags/minio_to_snowflake.py
[2025-10-13T13:14:45.531+0000] {logging_mixin.py:188} INFO - [2025-10-13T13:14:45.531+0000] {dag.py:3089} INFO - Sync 1 DAGs
[2025-10-13T13:14:45.569+0000] {logging_mixin.py:188} INFO - [2025-10-13T13:14:45.569+0000] {dag.py:3947} INFO - Setting next_dagrun for minio_to_snowflake to 2025-10-13 13:14:00+00:00, run_after=2025-10-13 13:15:00+00:00
[2025-10-13T13:14:45.597+0000] {processor.py:183} INFO - Processing /opt/airflow/dags/minio_to_snowflake.py took 1.390 seconds
[2025-10-13T13:15:15.841+0000] {processor.py:161} INFO - Started process (PID=44238) to work on /opt/airflow/dags/minio_to_snowflake.py
[2025-10-13T13:15:15.844+0000] {processor.py:830} INFO - Processing file /opt/airflow/dags/minio_to_snowflake.py for tasks to queue
[2025-10-13T13:15:15.847+0000] {logging_mixin.py:188} INFO - [2025-10-13T13:15:15.846+0000] {dagbag.py:545} INFO - Filling up the DagBag from /opt/airflow/dags/minio_to_snowflake.py
[2025-10-13T13:15:17.868+0000] {processor.py:840} INFO - DAG(s) 'minio_to_snowflake' retrieved from /opt/airflow/dags/minio_to_snowflake.py
[2025-10-13T13:15:17.983+0000] {logging_mixin.py:188} INFO - [2025-10-13T13:15:17.979+0000] {dag.py:3089} INFO - Sync 1 DAGs
[2025-10-13T13:15:18.078+0000] {logging_mixin.py:188} INFO - [2025-10-13T13:15:18.078+0000] {dag.py:3947} INFO - Setting next_dagrun for minio_to_snowflake to 2025-10-13 13:14:00+00:00, run_after=2025-10-13 13:15:00+00:00
[2025-10-13T13:15:18.179+0000] {processor.py:183} INFO - Processing /opt/airflow/dags/minio_to_snowflake.py took 2.348 seconds
[2025-10-13T13:15:48.553+0000] {processor.py:161} INFO - Started process (PID=44413) to work on /opt/airflow/dags/minio_to_snowflake.py
[2025-10-13T13:15:48.555+0000] {processor.py:830} INFO - Processing file /opt/airflow/dags/minio_to_snowflake.py for tasks to queue
[2025-10-13T13:15:48.561+0000] {logging_mixin.py:188} INFO - [2025-10-13T13:15:48.560+0000] {dagbag.py:545} INFO - Filling up the DagBag from /opt/airflow/dags/minio_to_snowflake.py
[2025-10-13T13:15:49.938+0000] {processor.py:840} INFO - DAG(s) 'minio_to_snowflake' retrieved from /opt/airflow/dags/minio_to_snowflake.py
[2025-10-13T13:15:49.989+0000] {logging_mixin.py:188} INFO - [2025-10-13T13:15:49.985+0000] {dag.py:3089} INFO - Sync 1 DAGs
[2025-10-13T13:15:50.021+0000] {logging_mixin.py:188} INFO - [2025-10-13T13:15:50.020+0000] {dag.py:3947} INFO - Setting next_dagrun for minio_to_snowflake to 2025-10-13 13:14:00+00:00, run_after=2025-10-13 13:15:00+00:00
[2025-10-13T13:15:50.045+0000] {processor.py:183} INFO - Processing /opt/airflow/dags/minio_to_snowflake.py took 1.506 seconds
[2025-10-13T13:16:20.171+0000] {processor.py:161} INFO - Started process (PID=44591) to work on /opt/airflow/dags/minio_to_snowflake.py
[2025-10-13T13:16:20.173+0000] {processor.py:830} INFO - Processing file /opt/airflow/dags/minio_to_snowflake.py for tasks to queue
[2025-10-13T13:16:20.176+0000] {logging_mixin.py:188} INFO - [2025-10-13T13:16:20.175+0000] {dagbag.py:545} INFO - Filling up the DagBag from /opt/airflow/dags/minio_to_snowflake.py
[2025-10-13T13:16:21.563+0000] {processor.py:840} INFO - DAG(s) 'minio_to_snowflake' retrieved from /opt/airflow/dags/minio_to_snowflake.py
[2025-10-13T13:16:21.601+0000] {logging_mixin.py:188} INFO - [2025-10-13T13:16:21.600+0000] {dag.py:3089} INFO - Sync 1 DAGs
[2025-10-13T13:16:21.641+0000] {logging_mixin.py:188} INFO - [2025-10-13T13:16:21.640+0000] {dag.py:3947} INFO - Setting next_dagrun for minio_to_snowflake to 2025-10-13 13:15:00+00:00, run_after=2025-10-13 13:16:00+00:00
[2025-10-13T13:16:21.674+0000] {processor.py:183} INFO - Processing /opt/airflow/dags/minio_to_snowflake.py took 1.511 seconds
[2025-10-13T13:16:51.915+0000] {processor.py:161} INFO - Started process (PID=44764) to work on /opt/airflow/dags/minio_to_snowflake.py
[2025-10-13T13:16:51.917+0000] {processor.py:830} INFO - Processing file /opt/airflow/dags/minio_to_snowflake.py for tasks to queue
[2025-10-13T13:16:51.922+0000] {logging_mixin.py:188} INFO - [2025-10-13T13:16:51.921+0000] {dagbag.py:545} INFO - Filling up the DagBag from /opt/airflow/dags/minio_to_snowflake.py
[2025-10-13T13:16:53.150+0000] {processor.py:840} INFO - DAG(s) 'minio_to_snowflake' retrieved from /opt/airflow/dags/minio_to_snowflake.py
[2025-10-13T13:16:53.187+0000] {logging_mixin.py:188} INFO - [2025-10-13T13:16:53.186+0000] {dag.py:3089} INFO - Sync 1 DAGs
[2025-10-13T13:16:53.227+0000] {logging_mixin.py:188} INFO - [2025-10-13T13:16:53.227+0000] {dag.py:3947} INFO - Setting next_dagrun for minio_to_snowflake to 2025-10-13 13:15:00+00:00, run_after=2025-10-13 13:16:00+00:00
[2025-10-13T13:16:53.258+0000] {processor.py:183} INFO - Processing /opt/airflow/dags/minio_to_snowflake.py took 1.355 seconds
[2025-10-13T13:17:23.891+0000] {processor.py:161} INFO - Started process (PID=44930) to work on /opt/airflow/dags/minio_to_snowflake.py
[2025-10-13T13:17:23.894+0000] {processor.py:830} INFO - Processing file /opt/airflow/dags/minio_to_snowflake.py for tasks to queue
[2025-10-13T13:17:23.899+0000] {logging_mixin.py:188} INFO - [2025-10-13T13:17:23.899+0000] {dagbag.py:545} INFO - Filling up the DagBag from /opt/airflow/dags/minio_to_snowflake.py
[2025-10-13T13:17:25.251+0000] {processor.py:840} INFO - DAG(s) 'minio_to_snowflake' retrieved from /opt/airflow/dags/minio_to_snowflake.py
[2025-10-13T13:17:25.292+0000] {logging_mixin.py:188} INFO - [2025-10-13T13:17:25.291+0000] {dag.py:3089} INFO - Sync 1 DAGs
[2025-10-13T13:17:25.328+0000] {logging_mixin.py:188} INFO - [2025-10-13T13:17:25.328+0000] {dag.py:3947} INFO - Setting next_dagrun for minio_to_snowflake to 2025-10-13 13:16:00+00:00, run_after=2025-10-13 13:17:00+00:00
[2025-10-13T13:17:25.360+0000] {processor.py:183} INFO - Processing /opt/airflow/dags/minio_to_snowflake.py took 1.489 seconds
[2025-10-13T13:17:55.805+0000] {processor.py:161} INFO - Started process (PID=45105) to work on /opt/airflow/dags/minio_to_snowflake.py
[2025-10-13T13:17:55.808+0000] {processor.py:830} INFO - Processing file /opt/airflow/dags/minio_to_snowflake.py for tasks to queue
[2025-10-13T13:17:55.813+0000] {logging_mixin.py:188} INFO - [2025-10-13T13:17:55.811+0000] {dagbag.py:545} INFO - Filling up the DagBag from /opt/airflow/dags/minio_to_snowflake.py
[2025-10-13T13:17:57.562+0000] {processor.py:840} INFO - DAG(s) 'minio_to_snowflake' retrieved from /opt/airflow/dags/minio_to_snowflake.py
[2025-10-13T13:17:57.631+0000] {logging_mixin.py:188} INFO - [2025-10-13T13:17:57.629+0000] {dag.py:3089} INFO - Sync 1 DAGs
[2025-10-13T13:17:57.682+0000] {logging_mixin.py:188} INFO - [2025-10-13T13:17:57.682+0000] {dag.py:3947} INFO - Setting next_dagrun for minio_to_snowflake to 2025-10-13 13:16:00+00:00, run_after=2025-10-13 13:17:00+00:00
[2025-10-13T13:17:57.723+0000] {processor.py:183} INFO - Processing /opt/airflow/dags/minio_to_snowflake.py took 1.930 seconds
[2025-10-13T13:18:28.498+0000] {processor.py:161} INFO - Started process (PID=46709) to work on /opt/airflow/dags/minio_to_snowflake.py
[2025-10-13T13:18:28.505+0000] {processor.py:830} INFO - Processing file /opt/airflow/dags/minio_to_snowflake.py for tasks to queue
[2025-10-13T13:18:28.512+0000] {logging_mixin.py:188} INFO - [2025-10-13T13:18:28.511+0000] {dagbag.py:545} INFO - Filling up the DagBag from /opt/airflow/dags/minio_to_snowflake.py
[2025-10-13T13:18:30.010+0000] {processor.py:840} INFO - DAG(s) 'minio_to_snowflake' retrieved from /opt/airflow/dags/minio_to_snowflake.py
[2025-10-13T13:18:30.045+0000] {logging_mixin.py:188} INFO - [2025-10-13T13:18:30.045+0000] {dag.py:3089} INFO - Sync 1 DAGs
[2025-10-13T13:18:30.095+0000] {logging_mixin.py:188} INFO - [2025-10-13T13:18:30.095+0000] {dag.py:3947} INFO - Setting next_dagrun for minio_to_snowflake to 2025-10-13 13:17:00+00:00, run_after=2025-10-13 13:18:00+00:00
[2025-10-13T13:18:30.130+0000] {processor.py:183} INFO - Processing /opt/airflow/dags/minio_to_snowflake.py took 1.651 seconds
[2025-10-13T13:19:00.519+0000] {processor.py:161} INFO - Started process (PID=47290) to work on /opt/airflow/dags/minio_to_snowflake.py
[2025-10-13T13:19:00.521+0000] {processor.py:830} INFO - Processing file /opt/airflow/dags/minio_to_snowflake.py for tasks to queue
[2025-10-13T13:19:00.524+0000] {logging_mixin.py:188} INFO - [2025-10-13T13:19:00.524+0000] {dagbag.py:545} INFO - Filling up the DagBag from /opt/airflow/dags/minio_to_snowflake.py
[2025-10-13T13:19:01.982+0000] {processor.py:840} INFO - DAG(s) 'minio_to_snowflake' retrieved from /opt/airflow/dags/minio_to_snowflake.py
[2025-10-13T13:19:02.024+0000] {logging_mixin.py:188} INFO - [2025-10-13T13:19:02.023+0000] {dag.py:3089} INFO - Sync 1 DAGs
[2025-10-13T13:19:02.062+0000] {logging_mixin.py:188} INFO - [2025-10-13T13:19:02.062+0000] {dag.py:3947} INFO - Setting next_dagrun for minio_to_snowflake to 2025-10-13 13:18:00+00:00, run_after=2025-10-13 13:19:00+00:00
[2025-10-13T13:19:02.088+0000] {processor.py:183} INFO - Processing /opt/airflow/dags/minio_to_snowflake.py took 1.579 seconds
[2025-10-13T13:19:32.272+0000] {processor.py:161} INFO - Started process (PID=47464) to work on /opt/airflow/dags/minio_to_snowflake.py
[2025-10-13T13:19:32.274+0000] {processor.py:830} INFO - Processing file /opt/airflow/dags/minio_to_snowflake.py for tasks to queue
[2025-10-13T13:19:32.278+0000] {logging_mixin.py:188} INFO - [2025-10-13T13:19:32.277+0000] {dagbag.py:545} INFO - Filling up the DagBag from /opt/airflow/dags/minio_to_snowflake.py
[2025-10-13T13:19:33.571+0000] {processor.py:840} INFO - DAG(s) 'minio_to_snowflake' retrieved from /opt/airflow/dags/minio_to_snowflake.py
[2025-10-13T13:19:33.604+0000] {logging_mixin.py:188} INFO - [2025-10-13T13:19:33.604+0000] {dag.py:3089} INFO - Sync 1 DAGs
[2025-10-13T13:19:33.637+0000] {logging_mixin.py:188} INFO - [2025-10-13T13:19:33.637+0000] {dag.py:3947} INFO - Setting next_dagrun for minio_to_snowflake to 2025-10-13 13:18:00+00:00, run_after=2025-10-13 13:19:00+00:00
[2025-10-13T13:19:33.659+0000] {processor.py:183} INFO - Processing /opt/airflow/dags/minio_to_snowflake.py took 1.395 seconds
[2025-10-13T13:20:03.762+0000] {processor.py:161} INFO - Started process (PID=47629) to work on /opt/airflow/dags/minio_to_snowflake.py
[2025-10-13T13:20:03.764+0000] {processor.py:830} INFO - Processing file /opt/airflow/dags/minio_to_snowflake.py for tasks to queue
[2025-10-13T13:20:03.768+0000] {logging_mixin.py:188} INFO - [2025-10-13T13:20:03.768+0000] {dagbag.py:545} INFO - Filling up the DagBag from /opt/airflow/dags/minio_to_snowflake.py
[2025-10-13T13:20:04.985+0000] {processor.py:840} INFO - DAG(s) 'minio_to_snowflake' retrieved from /opt/airflow/dags/minio_to_snowflake.py
[2025-10-13T13:20:05.024+0000] {logging_mixin.py:188} INFO - [2025-10-13T13:20:05.024+0000] {dag.py:3089} INFO - Sync 1 DAGs
[2025-10-13T13:20:05.062+0000] {logging_mixin.py:188} INFO - [2025-10-13T13:20:05.061+0000] {dag.py:3947} INFO - Setting next_dagrun for minio_to_snowflake to 2025-10-13 13:19:00+00:00, run_after=2025-10-13 13:20:00+00:00
[2025-10-13T13:20:05.092+0000] {processor.py:183} INFO - Processing /opt/airflow/dags/minio_to_snowflake.py took 1.338 seconds
[2025-10-13T13:20:35.413+0000] {processor.py:161} INFO - Started process (PID=47820) to work on /opt/airflow/dags/minio_to_snowflake.py
[2025-10-13T13:20:35.415+0000] {processor.py:830} INFO - Processing file /opt/airflow/dags/minio_to_snowflake.py for tasks to queue
[2025-10-13T13:20:35.419+0000] {logging_mixin.py:188} INFO - [2025-10-13T13:20:35.418+0000] {dagbag.py:545} INFO - Filling up the DagBag from /opt/airflow/dags/minio_to_snowflake.py
[2025-10-13T13:20:36.902+0000] {processor.py:840} INFO - DAG(s) 'minio_to_snowflake' retrieved from /opt/airflow/dags/minio_to_snowflake.py
[2025-10-13T13:20:36.967+0000] {logging_mixin.py:188} INFO - [2025-10-13T13:20:36.966+0000] {dag.py:3089} INFO - Sync 1 DAGs
[2025-10-13T13:20:37.001+0000] {logging_mixin.py:188} INFO - [2025-10-13T13:20:37.000+0000] {dag.py:3947} INFO - Setting next_dagrun for minio_to_snowflake to 2025-10-13 13:19:00+00:00, run_after=2025-10-13 13:20:00+00:00
[2025-10-13T13:20:37.034+0000] {processor.py:183} INFO - Processing /opt/airflow/dags/minio_to_snowflake.py took 1.645 seconds
[2025-10-13T13:21:07.189+0000] {processor.py:161} INFO - Started process (PID=47986) to work on /opt/airflow/dags/minio_to_snowflake.py
[2025-10-13T13:21:07.191+0000] {processor.py:830} INFO - Processing file /opt/airflow/dags/minio_to_snowflake.py for tasks to queue
[2025-10-13T13:21:07.195+0000] {logging_mixin.py:188} INFO - [2025-10-13T13:21:07.195+0000] {dagbag.py:545} INFO - Filling up the DagBag from /opt/airflow/dags/minio_to_snowflake.py
[2025-10-13T13:21:08.777+0000] {processor.py:840} INFO - DAG(s) 'minio_to_snowflake' retrieved from /opt/airflow/dags/minio_to_snowflake.py
[2025-10-13T13:21:08.847+0000] {logging_mixin.py:188} INFO - [2025-10-13T13:21:08.846+0000] {dag.py:3089} INFO - Sync 1 DAGs
[2025-10-13T13:21:08.902+0000] {logging_mixin.py:188} INFO - [2025-10-13T13:21:08.902+0000] {dag.py:3947} INFO - Setting next_dagrun for minio_to_snowflake to 2025-10-13 13:20:00+00:00, run_after=2025-10-13 13:21:00+00:00
[2025-10-13T13:21:08.931+0000] {processor.py:183} INFO - Processing /opt/airflow/dags/minio_to_snowflake.py took 1.756 seconds
[2025-10-13T13:21:39.254+0000] {processor.py:161} INFO - Started process (PID=48151) to work on /opt/airflow/dags/minio_to_snowflake.py
[2025-10-13T13:21:39.257+0000] {processor.py:830} INFO - Processing file /opt/airflow/dags/minio_to_snowflake.py for tasks to queue
[2025-10-13T13:21:39.260+0000] {logging_mixin.py:188} INFO - [2025-10-13T13:21:39.260+0000] {dagbag.py:545} INFO - Filling up the DagBag from /opt/airflow/dags/minio_to_snowflake.py
[2025-10-13T13:21:40.815+0000] {processor.py:840} INFO - DAG(s) 'minio_to_snowflake' retrieved from /opt/airflow/dags/minio_to_snowflake.py
[2025-10-13T13:21:40.848+0000] {logging_mixin.py:188} INFO - [2025-10-13T13:21:40.847+0000] {dag.py:3089} INFO - Sync 1 DAGs
[2025-10-13T13:21:40.885+0000] {logging_mixin.py:188} INFO - [2025-10-13T13:21:40.884+0000] {dag.py:3947} INFO - Setting next_dagrun for minio_to_snowflake to 2025-10-13 13:20:00+00:00, run_after=2025-10-13 13:21:00+00:00
[2025-10-13T13:21:40.908+0000] {processor.py:183} INFO - Processing /opt/airflow/dags/minio_to_snowflake.py took 1.664 seconds
[2025-10-13T13:22:11.207+0000] {processor.py:161} INFO - Started process (PID=49638) to work on /opt/airflow/dags/minio_to_snowflake.py
[2025-10-13T13:22:11.209+0000] {processor.py:830} INFO - Processing file /opt/airflow/dags/minio_to_snowflake.py for tasks to queue
[2025-10-13T13:22:11.213+0000] {logging_mixin.py:188} INFO - [2025-10-13T13:22:11.212+0000] {dagbag.py:545} INFO - Filling up the DagBag from /opt/airflow/dags/minio_to_snowflake.py
[2025-10-13T13:22:12.390+0000] {processor.py:840} INFO - DAG(s) 'minio_to_snowflake' retrieved from /opt/airflow/dags/minio_to_snowflake.py
[2025-10-13T13:22:12.432+0000] {logging_mixin.py:188} INFO - [2025-10-13T13:22:12.431+0000] {dag.py:3089} INFO - Sync 1 DAGs
[2025-10-13T13:22:12.475+0000] {logging_mixin.py:188} INFO - [2025-10-13T13:22:12.475+0000] {dag.py:3947} INFO - Setting next_dagrun for minio_to_snowflake to 2025-10-13 13:21:00+00:00, run_after=2025-10-13 13:22:00+00:00
[2025-10-13T13:22:12.515+0000] {processor.py:183} INFO - Processing /opt/airflow/dags/minio_to_snowflake.py took 1.318 seconds
[2025-10-13T13:22:42.866+0000] {processor.py:161} INFO - Started process (PID=50343) to work on /opt/airflow/dags/minio_to_snowflake.py
[2025-10-13T13:22:42.868+0000] {processor.py:830} INFO - Processing file /opt/airflow/dags/minio_to_snowflake.py for tasks to queue
[2025-10-13T13:22:42.871+0000] {logging_mixin.py:188} INFO - [2025-10-13T13:22:42.871+0000] {dagbag.py:545} INFO - Filling up the DagBag from /opt/airflow/dags/minio_to_snowflake.py
[2025-10-13T13:22:44.053+0000] {processor.py:840} INFO - DAG(s) 'minio_to_snowflake' retrieved from /opt/airflow/dags/minio_to_snowflake.py
[2025-10-13T13:22:44.091+0000] {logging_mixin.py:188} INFO - [2025-10-13T13:22:44.090+0000] {dag.py:3089} INFO - Sync 1 DAGs
[2025-10-13T13:22:44.126+0000] {logging_mixin.py:188} INFO - [2025-10-13T13:22:44.125+0000] {dag.py:3947} INFO - Setting next_dagrun for minio_to_snowflake to 2025-10-13 13:21:00+00:00, run_after=2025-10-13 13:22:00+00:00
[2025-10-13T13:22:44.150+0000] {processor.py:183} INFO - Processing /opt/airflow/dags/minio_to_snowflake.py took 1.291 seconds
[2025-10-13T13:23:14.530+0000] {processor.py:161} INFO - Started process (PID=50522) to work on /opt/airflow/dags/minio_to_snowflake.py
[2025-10-13T13:23:14.532+0000] {processor.py:830} INFO - Processing file /opt/airflow/dags/minio_to_snowflake.py for tasks to queue
[2025-10-13T13:23:14.536+0000] {logging_mixin.py:188} INFO - [2025-10-13T13:23:14.535+0000] {dagbag.py:545} INFO - Filling up the DagBag from /opt/airflow/dags/minio_to_snowflake.py
[2025-10-13T13:23:15.854+0000] {processor.py:840} INFO - DAG(s) 'minio_to_snowflake' retrieved from /opt/airflow/dags/minio_to_snowflake.py
[2025-10-13T13:23:15.895+0000] {logging_mixin.py:188} INFO - [2025-10-13T13:23:15.894+0000] {dag.py:3089} INFO - Sync 1 DAGs
[2025-10-13T13:23:15.927+0000] {logging_mixin.py:188} INFO - [2025-10-13T13:23:15.927+0000] {dag.py:3947} INFO - Setting next_dagrun for minio_to_snowflake to 2025-10-13 13:22:00+00:00, run_after=2025-10-13 13:23:00+00:00
[2025-10-13T13:23:15.956+0000] {processor.py:183} INFO - Processing /opt/airflow/dags/minio_to_snowflake.py took 1.438 seconds
[2025-10-13T13:23:46.323+0000] {processor.py:161} INFO - Started process (PID=50707) to work on /opt/airflow/dags/minio_to_snowflake.py
[2025-10-13T13:23:46.325+0000] {processor.py:830} INFO - Processing file /opt/airflow/dags/minio_to_snowflake.py for tasks to queue
[2025-10-13T13:23:46.328+0000] {logging_mixin.py:188} INFO - [2025-10-13T13:23:46.327+0000] {dagbag.py:545} INFO - Filling up the DagBag from /opt/airflow/dags/minio_to_snowflake.py
[2025-10-13T13:23:48.158+0000] {processor.py:840} INFO - DAG(s) 'minio_to_snowflake' retrieved from /opt/airflow/dags/minio_to_snowflake.py
[2025-10-13T13:23:48.196+0000] {logging_mixin.py:188} INFO - [2025-10-13T13:23:48.195+0000] {dag.py:3089} INFO - Sync 1 DAGs
[2025-10-13T13:23:48.236+0000] {logging_mixin.py:188} INFO - [2025-10-13T13:23:48.236+0000] {dag.py:3947} INFO - Setting next_dagrun for minio_to_snowflake to 2025-10-13 13:22:00+00:00, run_after=2025-10-13 13:23:00+00:00
[2025-10-13T13:23:48.274+0000] {processor.py:183} INFO - Processing /opt/airflow/dags/minio_to_snowflake.py took 1.986 seconds
[2025-10-13T13:24:18.583+0000] {processor.py:161} INFO - Started process (PID=50899) to work on /opt/airflow/dags/minio_to_snowflake.py
[2025-10-13T13:24:18.585+0000] {processor.py:830} INFO - Processing file /opt/airflow/dags/minio_to_snowflake.py for tasks to queue
[2025-10-13T13:24:18.589+0000] {logging_mixin.py:188} INFO - [2025-10-13T13:24:18.588+0000] {dagbag.py:545} INFO - Filling up the DagBag from /opt/airflow/dags/minio_to_snowflake.py
[2025-10-13T13:24:20.273+0000] {processor.py:840} INFO - DAG(s) 'minio_to_snowflake' retrieved from /opt/airflow/dags/minio_to_snowflake.py
[2025-10-13T13:24:20.363+0000] {logging_mixin.py:188} INFO - [2025-10-13T13:24:20.356+0000] {dag.py:3089} INFO - Sync 1 DAGs
[2025-10-13T13:24:20.460+0000] {logging_mixin.py:188} INFO - [2025-10-13T13:24:20.459+0000] {dag.py:3947} INFO - Setting next_dagrun for minio_to_snowflake to 2025-10-13 13:23:00+00:00, run_after=2025-10-13 13:24:00+00:00
[2025-10-13T13:24:20.550+0000] {processor.py:183} INFO - Processing /opt/airflow/dags/minio_to_snowflake.py took 1.977 seconds
[2025-10-13T13:24:50.911+0000] {processor.py:161} INFO - Started process (PID=51091) to work on /opt/airflow/dags/minio_to_snowflake.py
[2025-10-13T13:24:50.916+0000] {processor.py:830} INFO - Processing file /opt/airflow/dags/minio_to_snowflake.py for tasks to queue
[2025-10-13T13:24:50.921+0000] {logging_mixin.py:188} INFO - [2025-10-13T13:24:50.920+0000] {dagbag.py:545} INFO - Filling up the DagBag from /opt/airflow/dags/minio_to_snowflake.py
[2025-10-13T13:24:52.531+0000] {processor.py:840} INFO - DAG(s) 'minio_to_snowflake' retrieved from /opt/airflow/dags/minio_to_snowflake.py
[2025-10-13T13:24:52.560+0000] {logging_mixin.py:188} INFO - [2025-10-13T13:24:52.559+0000] {dag.py:3089} INFO - Sync 1 DAGs
[2025-10-13T13:24:52.596+0000] {logging_mixin.py:188} INFO - [2025-10-13T13:24:52.596+0000] {dag.py:3947} INFO - Setting next_dagrun for minio_to_snowflake to 2025-10-13 13:23:00+00:00, run_after=2025-10-13 13:24:00+00:00
[2025-10-13T13:24:52.626+0000] {processor.py:183} INFO - Processing /opt/airflow/dags/minio_to_snowflake.py took 1.725 seconds
[2025-10-13T13:25:23.049+0000] {processor.py:161} INFO - Started process (PID=51249) to work on /opt/airflow/dags/minio_to_snowflake.py
[2025-10-13T13:25:23.051+0000] {processor.py:830} INFO - Processing file /opt/airflow/dags/minio_to_snowflake.py for tasks to queue
[2025-10-13T13:25:23.055+0000] {logging_mixin.py:188} INFO - [2025-10-13T13:25:23.054+0000] {dagbag.py:545} INFO - Filling up the DagBag from /opt/airflow/dags/minio_to_snowflake.py
[2025-10-13T13:25:24.168+0000] {processor.py:840} INFO - DAG(s) 'minio_to_snowflake' retrieved from /opt/airflow/dags/minio_to_snowflake.py
[2025-10-13T13:25:24.201+0000] {logging_mixin.py:188} INFO - [2025-10-13T13:25:24.200+0000] {dag.py:3089} INFO - Sync 1 DAGs
[2025-10-13T13:25:24.238+0000] {logging_mixin.py:188} INFO - [2025-10-13T13:25:24.238+0000] {dag.py:3947} INFO - Setting next_dagrun for minio_to_snowflake to 2025-10-13 13:24:00+00:00, run_after=2025-10-13 13:25:00+00:00
[2025-10-13T13:25:24.264+0000] {processor.py:183} INFO - Processing /opt/airflow/dags/minio_to_snowflake.py took 1.229 seconds
[2025-10-13T13:25:54.561+0000] {processor.py:161} INFO - Started process (PID=53323) to work on /opt/airflow/dags/minio_to_snowflake.py
[2025-10-13T13:25:54.562+0000] {processor.py:830} INFO - Processing file /opt/airflow/dags/minio_to_snowflake.py for tasks to queue
[2025-10-13T13:25:54.564+0000] {logging_mixin.py:188} INFO - [2025-10-13T13:25:54.564+0000] {dagbag.py:545} INFO - Filling up the DagBag from /opt/airflow/dags/minio_to_snowflake.py
[2025-10-13T13:25:55.290+0000] {processor.py:840} INFO - DAG(s) 'minio_to_snowflake' retrieved from /opt/airflow/dags/minio_to_snowflake.py
[2025-10-13T13:25:55.314+0000] {logging_mixin.py:188} INFO - [2025-10-13T13:25:55.314+0000] {dag.py:3089} INFO - Sync 1 DAGs
[2025-10-13T13:25:55.339+0000] {logging_mixin.py:188} INFO - [2025-10-13T13:25:55.339+0000] {dag.py:3947} INFO - Setting next_dagrun for minio_to_snowflake to 2025-10-13 13:24:00+00:00, run_after=2025-10-13 13:25:00+00:00
[2025-10-13T13:25:55.357+0000] {processor.py:183} INFO - Processing /opt/airflow/dags/minio_to_snowflake.py took 0.802 seconds
[2025-10-13T13:26:25.614+0000] {processor.py:161} INFO - Started process (PID=53541) to work on /opt/airflow/dags/minio_to_snowflake.py
[2025-10-13T13:26:25.615+0000] {processor.py:830} INFO - Processing file /opt/airflow/dags/minio_to_snowflake.py for tasks to queue
[2025-10-13T13:26:25.617+0000] {logging_mixin.py:188} INFO - [2025-10-13T13:26:25.617+0000] {dagbag.py:545} INFO - Filling up the DagBag from /opt/airflow/dags/minio_to_snowflake.py
[2025-10-13T13:26:26.307+0000] {processor.py:840} INFO - DAG(s) 'minio_to_snowflake' retrieved from /opt/airflow/dags/minio_to_snowflake.py
[2025-10-13T13:26:26.346+0000] {logging_mixin.py:188} INFO - [2025-10-13T13:26:26.345+0000] {dag.py:3089} INFO - Sync 1 DAGs
[2025-10-13T13:26:26.410+0000] {logging_mixin.py:188} INFO - [2025-10-13T13:26:26.410+0000] {dag.py:3947} INFO - Setting next_dagrun for minio_to_snowflake to 2025-10-13 13:25:00+00:00, run_after=2025-10-13 13:26:00+00:00
[2025-10-13T13:26:26.435+0000] {processor.py:183} INFO - Processing /opt/airflow/dags/minio_to_snowflake.py took 0.827 seconds
[2025-10-13T13:26:56.687+0000] {processor.py:161} INFO - Started process (PID=53755) to work on /opt/airflow/dags/minio_to_snowflake.py
[2025-10-13T13:26:56.689+0000] {processor.py:830} INFO - Processing file /opt/airflow/dags/minio_to_snowflake.py for tasks to queue
[2025-10-13T13:26:56.690+0000] {logging_mixin.py:188} INFO - [2025-10-13T13:26:56.690+0000] {dagbag.py:545} INFO - Filling up the DagBag from /opt/airflow/dags/minio_to_snowflake.py
[2025-10-13T13:26:57.558+0000] {processor.py:840} INFO - DAG(s) 'minio_to_snowflake' retrieved from /opt/airflow/dags/minio_to_snowflake.py
[2025-10-13T13:26:57.579+0000] {logging_mixin.py:188} INFO - [2025-10-13T13:26:57.579+0000] {dag.py:3089} INFO - Sync 1 DAGs
[2025-10-13T13:26:57.615+0000] {logging_mixin.py:188} INFO - [2025-10-13T13:26:57.615+0000] {dag.py:3947} INFO - Setting next_dagrun for minio_to_snowflake to 2025-10-13 13:25:00+00:00, run_after=2025-10-13 13:26:00+00:00
[2025-10-13T13:26:57.641+0000] {processor.py:183} INFO - Processing /opt/airflow/dags/minio_to_snowflake.py took 0.959 seconds
[2025-10-13T13:27:27.869+0000] {processor.py:161} INFO - Started process (PID=53961) to work on /opt/airflow/dags/minio_to_snowflake.py
[2025-10-13T13:27:27.870+0000] {processor.py:830} INFO - Processing file /opt/airflow/dags/minio_to_snowflake.py for tasks to queue
[2025-10-13T13:27:27.872+0000] {logging_mixin.py:188} INFO - [2025-10-13T13:27:27.872+0000] {dagbag.py:545} INFO - Filling up the DagBag from /opt/airflow/dags/minio_to_snowflake.py
[2025-10-13T13:27:28.562+0000] {processor.py:840} INFO - DAG(s) 'minio_to_snowflake' retrieved from /opt/airflow/dags/minio_to_snowflake.py
[2025-10-13T13:27:28.586+0000] {logging_mixin.py:188} INFO - [2025-10-13T13:27:28.584+0000] {dag.py:3089} INFO - Sync 1 DAGs
[2025-10-13T13:27:28.609+0000] {logging_mixin.py:188} INFO - [2025-10-13T13:27:28.609+0000] {dag.py:3947} INFO - Setting next_dagrun for minio_to_snowflake to 2025-10-13 13:26:00+00:00, run_after=2025-10-13 13:27:00+00:00
[2025-10-13T13:27:28.628+0000] {processor.py:183} INFO - Processing /opt/airflow/dags/minio_to_snowflake.py took 0.765 seconds
[2025-10-13T13:27:58.842+0000] {processor.py:161} INFO - Started process (PID=54160) to work on /opt/airflow/dags/minio_to_snowflake.py
[2025-10-13T13:27:58.844+0000] {processor.py:830} INFO - Processing file /opt/airflow/dags/minio_to_snowflake.py for tasks to queue
[2025-10-13T13:27:58.846+0000] {logging_mixin.py:188} INFO - [2025-10-13T13:27:58.845+0000] {dagbag.py:545} INFO - Filling up the DagBag from /opt/airflow/dags/minio_to_snowflake.py
[2025-10-13T13:27:59.521+0000] {processor.py:840} INFO - DAG(s) 'minio_to_snowflake' retrieved from /opt/airflow/dags/minio_to_snowflake.py
[2025-10-13T13:27:59.543+0000] {logging_mixin.py:188} INFO - [2025-10-13T13:27:59.543+0000] {dag.py:3089} INFO - Sync 1 DAGs
[2025-10-13T13:27:59.562+0000] {logging_mixin.py:188} INFO - [2025-10-13T13:27:59.561+0000] {dag.py:3947} INFO - Setting next_dagrun for minio_to_snowflake to 2025-10-13 13:26:00+00:00, run_after=2025-10-13 13:27:00+00:00
[2025-10-13T13:27:59.580+0000] {processor.py:183} INFO - Processing /opt/airflow/dags/minio_to_snowflake.py took 0.743 seconds
[2025-10-13T13:28:29.796+0000] {processor.py:161} INFO - Started process (PID=55366) to work on /opt/airflow/dags/minio_to_snowflake.py
[2025-10-13T13:28:29.797+0000] {processor.py:830} INFO - Processing file /opt/airflow/dags/minio_to_snowflake.py for tasks to queue
[2025-10-13T13:28:29.800+0000] {logging_mixin.py:188} INFO - [2025-10-13T13:28:29.799+0000] {dagbag.py:545} INFO - Filling up the DagBag from /opt/airflow/dags/minio_to_snowflake.py
[2025-10-13T13:28:31.172+0000] {processor.py:840} INFO - DAG(s) 'minio_to_snowflake' retrieved from /opt/airflow/dags/minio_to_snowflake.py
[2025-10-13T13:28:31.198+0000] {logging_mixin.py:188} INFO - [2025-10-13T13:28:31.197+0000] {dag.py:3089} INFO - Sync 1 DAGs
[2025-10-13T13:28:31.224+0000] {logging_mixin.py:188} INFO - [2025-10-13T13:28:31.224+0000] {dag.py:3947} INFO - Setting next_dagrun for minio_to_snowflake to 2025-10-13 13:27:00+00:00, run_after=2025-10-13 13:28:00+00:00
[2025-10-13T13:28:31.242+0000] {processor.py:183} INFO - Processing /opt/airflow/dags/minio_to_snowflake.py took 1.453 seconds
[2025-10-13T13:29:01.450+0000] {processor.py:161} INFO - Started process (PID=56439) to work on /opt/airflow/dags/minio_to_snowflake.py
[2025-10-13T13:29:01.453+0000] {processor.py:830} INFO - Processing file /opt/airflow/dags/minio_to_snowflake.py for tasks to queue
[2025-10-13T13:29:01.458+0000] {logging_mixin.py:188} INFO - [2025-10-13T13:29:01.457+0000] {dagbag.py:545} INFO - Filling up the DagBag from /opt/airflow/dags/minio_to_snowflake.py
[2025-10-13T13:29:02.189+0000] {processor.py:840} INFO - DAG(s) 'minio_to_snowflake' retrieved from /opt/airflow/dags/minio_to_snowflake.py
[2025-10-13T13:29:02.215+0000] {logging_mixin.py:188} INFO - [2025-10-13T13:29:02.214+0000] {dag.py:3089} INFO - Sync 1 DAGs
[2025-10-13T13:29:02.244+0000] {logging_mixin.py:188} INFO - [2025-10-13T13:29:02.244+0000] {dag.py:3947} INFO - Setting next_dagrun for minio_to_snowflake to 2025-10-13 13:28:00+00:00, run_after=2025-10-13 13:29:00+00:00
[2025-10-13T13:29:02.265+0000] {processor.py:183} INFO - Processing /opt/airflow/dags/minio_to_snowflake.py took 0.829 seconds
[2025-10-13T13:29:32.459+0000] {processor.py:161} INFO - Started process (PID=56648) to work on /opt/airflow/dags/minio_to_snowflake.py
[2025-10-13T13:29:32.460+0000] {processor.py:830} INFO - Processing file /opt/airflow/dags/minio_to_snowflake.py for tasks to queue
[2025-10-13T13:29:32.462+0000] {logging_mixin.py:188} INFO - [2025-10-13T13:29:32.462+0000] {dagbag.py:545} INFO - Filling up the DagBag from /opt/airflow/dags/minio_to_snowflake.py
[2025-10-13T13:29:33.175+0000] {processor.py:840} INFO - DAG(s) 'minio_to_snowflake' retrieved from /opt/airflow/dags/minio_to_snowflake.py
[2025-10-13T13:29:33.200+0000] {logging_mixin.py:188} INFO - [2025-10-13T13:29:33.199+0000] {dag.py:3089} INFO - Sync 1 DAGs
[2025-10-13T13:29:33.223+0000] {logging_mixin.py:188} INFO - [2025-10-13T13:29:33.222+0000] {dag.py:3947} INFO - Setting next_dagrun for minio_to_snowflake to 2025-10-13 13:28:00+00:00, run_after=2025-10-13 13:29:00+00:00
[2025-10-13T13:29:33.237+0000] {processor.py:183} INFO - Processing /opt/airflow/dags/minio_to_snowflake.py took 0.784 seconds
[2025-10-13T13:30:03.391+0000] {processor.py:161} INFO - Started process (PID=56854) to work on /opt/airflow/dags/minio_to_snowflake.py
[2025-10-13T13:30:03.393+0000] {processor.py:830} INFO - Processing file /opt/airflow/dags/minio_to_snowflake.py for tasks to queue
[2025-10-13T13:30:03.399+0000] {logging_mixin.py:188} INFO - [2025-10-13T13:30:03.398+0000] {dagbag.py:545} INFO - Filling up the DagBag from /opt/airflow/dags/minio_to_snowflake.py
[2025-10-13T13:30:04.163+0000] {processor.py:840} INFO - DAG(s) 'minio_to_snowflake' retrieved from /opt/airflow/dags/minio_to_snowflake.py
[2025-10-13T13:30:04.187+0000] {logging_mixin.py:188} INFO - [2025-10-13T13:30:04.186+0000] {dag.py:3089} INFO - Sync 1 DAGs
[2025-10-13T13:30:04.208+0000] {logging_mixin.py:188} INFO - [2025-10-13T13:30:04.208+0000] {dag.py:3947} INFO - Setting next_dagrun for minio_to_snowflake to 2025-10-13 13:29:00+00:00, run_after=2025-10-13 13:30:00+00:00
[2025-10-13T13:30:04.227+0000] {processor.py:183} INFO - Processing /opt/airflow/dags/minio_to_snowflake.py took 0.853 seconds
[2025-10-13T13:30:34.473+0000] {processor.py:161} INFO - Started process (PID=57069) to work on /opt/airflow/dags/minio_to_snowflake.py
[2025-10-13T13:30:34.474+0000] {processor.py:830} INFO - Processing file /opt/airflow/dags/minio_to_snowflake.py for tasks to queue
[2025-10-13T13:30:34.476+0000] {logging_mixin.py:188} INFO - [2025-10-13T13:30:34.475+0000] {dagbag.py:545} INFO - Filling up the DagBag from /opt/airflow/dags/minio_to_snowflake.py
[2025-10-13T13:30:35.195+0000] {processor.py:840} INFO - DAG(s) 'minio_to_snowflake' retrieved from /opt/airflow/dags/minio_to_snowflake.py
[2025-10-13T13:30:35.219+0000] {logging_mixin.py:188} INFO - [2025-10-13T13:30:35.219+0000] {dag.py:3089} INFO - Sync 1 DAGs
[2025-10-13T13:30:35.240+0000] {logging_mixin.py:188} INFO - [2025-10-13T13:30:35.240+0000] {dag.py:3947} INFO - Setting next_dagrun for minio_to_snowflake to 2025-10-13 13:29:00+00:00, run_after=2025-10-13 13:30:00+00:00
[2025-10-13T13:30:35.258+0000] {processor.py:183} INFO - Processing /opt/airflow/dags/minio_to_snowflake.py took 0.792 seconds
[2025-10-13T13:31:05.462+0000] {processor.py:161} INFO - Started process (PID=57269) to work on /opt/airflow/dags/minio_to_snowflake.py
[2025-10-13T13:31:05.463+0000] {processor.py:830} INFO - Processing file /opt/airflow/dags/minio_to_snowflake.py for tasks to queue
[2025-10-13T13:31:05.465+0000] {logging_mixin.py:188} INFO - [2025-10-13T13:31:05.465+0000] {dagbag.py:545} INFO - Filling up the DagBag from /opt/airflow/dags/minio_to_snowflake.py
[2025-10-13T13:31:06.144+0000] {processor.py:840} INFO - DAG(s) 'minio_to_snowflake' retrieved from /opt/airflow/dags/minio_to_snowflake.py
[2025-10-13T13:31:06.167+0000] {logging_mixin.py:188} INFO - [2025-10-13T13:31:06.166+0000] {dag.py:3089} INFO - Sync 1 DAGs
[2025-10-13T13:31:06.186+0000] {logging_mixin.py:188} INFO - [2025-10-13T13:31:06.186+0000] {dag.py:3947} INFO - Setting next_dagrun for minio_to_snowflake to 2025-10-13 13:30:00+00:00, run_after=2025-10-13 13:31:00+00:00
[2025-10-13T13:31:06.201+0000] {processor.py:183} INFO - Processing /opt/airflow/dags/minio_to_snowflake.py took 0.744 seconds
[2025-10-13T13:31:36.402+0000] {processor.py:161} INFO - Started process (PID=59357) to work on /opt/airflow/dags/minio_to_snowflake.py
[2025-10-13T13:31:36.404+0000] {processor.py:830} INFO - Processing file /opt/airflow/dags/minio_to_snowflake.py for tasks to queue
[2025-10-13T13:31:36.405+0000] {logging_mixin.py:188} INFO - [2025-10-13T13:31:36.405+0000] {dagbag.py:545} INFO - Filling up the DagBag from /opt/airflow/dags/minio_to_snowflake.py
[2025-10-13T13:31:37.271+0000] {processor.py:840} INFO - DAG(s) 'minio_to_snowflake' retrieved from /opt/airflow/dags/minio_to_snowflake.py
[2025-10-13T13:31:37.298+0000] {logging_mixin.py:188} INFO - [2025-10-13T13:31:37.297+0000] {dag.py:3089} INFO - Sync 1 DAGs
[2025-10-13T13:31:37.326+0000] {logging_mixin.py:188} INFO - [2025-10-13T13:31:37.326+0000] {dag.py:3947} INFO - Setting next_dagrun for minio_to_snowflake to 2025-10-13 13:31:00+00:00, run_after=2025-10-13 13:32:00+00:00
[2025-10-13T13:31:37.347+0000] {processor.py:183} INFO - Processing /opt/airflow/dags/minio_to_snowflake.py took 0.950 seconds
[2025-10-13T13:32:07.567+0000] {processor.py:161} INFO - Started process (PID=59566) to work on /opt/airflow/dags/minio_to_snowflake.py
[2025-10-13T13:32:07.568+0000] {processor.py:830} INFO - Processing file /opt/airflow/dags/minio_to_snowflake.py for tasks to queue
[2025-10-13T13:32:07.570+0000] {logging_mixin.py:188} INFO - [2025-10-13T13:32:07.570+0000] {dagbag.py:545} INFO - Filling up the DagBag from /opt/airflow/dags/minio_to_snowflake.py
[2025-10-13T13:32:08.265+0000] {processor.py:840} INFO - DAG(s) 'minio_to_snowflake' retrieved from /opt/airflow/dags/minio_to_snowflake.py
[2025-10-13T13:32:08.289+0000] {logging_mixin.py:188} INFO - [2025-10-13T13:32:08.288+0000] {dag.py:3089} INFO - Sync 1 DAGs
[2025-10-13T13:32:08.317+0000] {logging_mixin.py:188} INFO - [2025-10-13T13:32:08.317+0000] {dag.py:3947} INFO - Setting next_dagrun for minio_to_snowflake to 2025-10-13 13:31:00+00:00, run_after=2025-10-13 13:32:00+00:00
[2025-10-13T13:32:08.342+0000] {processor.py:183} INFO - Processing /opt/airflow/dags/minio_to_snowflake.py took 0.781 seconds
[2025-10-13T13:32:38.556+0000] {processor.py:161} INFO - Started process (PID=59766) to work on /opt/airflow/dags/minio_to_snowflake.py
[2025-10-13T13:32:38.557+0000] {processor.py:830} INFO - Processing file /opt/airflow/dags/minio_to_snowflake.py for tasks to queue
[2025-10-13T13:32:38.559+0000] {logging_mixin.py:188} INFO - [2025-10-13T13:32:38.559+0000] {dagbag.py:545} INFO - Filling up the DagBag from /opt/airflow/dags/minio_to_snowflake.py
[2025-10-13T13:32:39.242+0000] {processor.py:840} INFO - DAG(s) 'minio_to_snowflake' retrieved from /opt/airflow/dags/minio_to_snowflake.py
[2025-10-13T13:32:39.266+0000] {logging_mixin.py:188} INFO - [2025-10-13T13:32:39.266+0000] {dag.py:3089} INFO - Sync 1 DAGs
[2025-10-13T13:32:39.294+0000] {logging_mixin.py:188} INFO - [2025-10-13T13:32:39.294+0000] {dag.py:3947} INFO - Setting next_dagrun for minio_to_snowflake to 2025-10-13 13:31:00+00:00, run_after=2025-10-13 13:32:00+00:00
[2025-10-13T13:32:39.316+0000] {processor.py:183} INFO - Processing /opt/airflow/dags/minio_to_snowflake.py took 0.766 seconds
[2025-10-13T13:33:09.521+0000] {processor.py:161} INFO - Started process (PID=59961) to work on /opt/airflow/dags/minio_to_snowflake.py
[2025-10-13T13:33:09.523+0000] {processor.py:830} INFO - Processing file /opt/airflow/dags/minio_to_snowflake.py for tasks to queue
[2025-10-13T13:33:09.525+0000] {logging_mixin.py:188} INFO - [2025-10-13T13:33:09.525+0000] {dagbag.py:545} INFO - Filling up the DagBag from /opt/airflow/dags/minio_to_snowflake.py
[2025-10-13T13:33:10.414+0000] {processor.py:840} INFO - DAG(s) 'minio_to_snowflake' retrieved from /opt/airflow/dags/minio_to_snowflake.py
[2025-10-13T13:33:10.443+0000] {logging_mixin.py:188} INFO - [2025-10-13T13:33:10.441+0000] {dag.py:3089} INFO - Sync 1 DAGs
[2025-10-13T13:33:10.472+0000] {logging_mixin.py:188} INFO - [2025-10-13T13:33:10.471+0000] {dag.py:3947} INFO - Setting next_dagrun for minio_to_snowflake to 2025-10-13 13:32:00+00:00, run_after=2025-10-13 13:33:00+00:00
[2025-10-13T13:33:10.490+0000] {processor.py:183} INFO - Processing /opt/airflow/dags/minio_to_snowflake.py took 0.974 seconds
[2025-10-13T13:33:40.867+0000] {processor.py:161} INFO - Started process (PID=60157) to work on /opt/airflow/dags/minio_to_snowflake.py
[2025-10-13T13:33:40.868+0000] {processor.py:830} INFO - Processing file /opt/airflow/dags/minio_to_snowflake.py for tasks to queue
[2025-10-13T13:33:40.873+0000] {logging_mixin.py:188} INFO - [2025-10-13T13:33:40.871+0000] {dagbag.py:545} INFO - Filling up the DagBag from /opt/airflow/dags/minio_to_snowflake.py
[2025-10-13T13:33:41.636+0000] {processor.py:840} INFO - DAG(s) 'minio_to_snowflake' retrieved from /opt/airflow/dags/minio_to_snowflake.py
[2025-10-13T13:33:41.661+0000] {logging_mixin.py:188} INFO - [2025-10-13T13:33:41.660+0000] {dag.py:3089} INFO - Sync 1 DAGs
[2025-10-13T13:33:41.680+0000] {logging_mixin.py:188} INFO - [2025-10-13T13:33:41.680+0000] {dag.py:3947} INFO - Setting next_dagrun for minio_to_snowflake to 2025-10-13 13:32:00+00:00, run_after=2025-10-13 13:33:00+00:00
[2025-10-13T13:33:41.703+0000] {processor.py:183} INFO - Processing /opt/airflow/dags/minio_to_snowflake.py took 0.845 seconds
[2025-10-13T13:34:12.039+0000] {processor.py:161} INFO - Started process (PID=60305) to work on /opt/airflow/dags/minio_to_snowflake.py
[2025-10-13T13:34:12.040+0000] {processor.py:830} INFO - Processing file /opt/airflow/dags/minio_to_snowflake.py for tasks to queue
[2025-10-13T13:34:12.043+0000] {logging_mixin.py:188} INFO - [2025-10-13T13:34:12.042+0000] {dagbag.py:545} INFO - Filling up the DagBag from /opt/airflow/dags/minio_to_snowflake.py
[2025-10-13T13:34:12.814+0000] {processor.py:840} INFO - DAG(s) 'minio_to_snowflake' retrieved from /opt/airflow/dags/minio_to_snowflake.py
[2025-10-13T13:34:12.840+0000] {logging_mixin.py:188} INFO - [2025-10-13T13:34:12.839+0000] {dag.py:3089} INFO - Sync 1 DAGs
[2025-10-13T13:34:12.861+0000] {logging_mixin.py:188} INFO - [2025-10-13T13:34:12.860+0000] {dag.py:3947} INFO - Setting next_dagrun for minio_to_snowflake to 2025-10-13 13:33:00+00:00, run_after=2025-10-13 13:34:00+00:00
[2025-10-13T13:34:12.883+0000] {processor.py:183} INFO - Processing /opt/airflow/dags/minio_to_snowflake.py took 0.851 seconds
[2025-10-13T13:34:43.136+0000] {processor.py:161} INFO - Started process (PID=62393) to work on /opt/airflow/dags/minio_to_snowflake.py
[2025-10-13T13:34:43.138+0000] {processor.py:830} INFO - Processing file /opt/airflow/dags/minio_to_snowflake.py for tasks to queue
[2025-10-13T13:34:43.140+0000] {logging_mixin.py:188} INFO - [2025-10-13T13:34:43.140+0000] {dagbag.py:545} INFO - Filling up the DagBag from /opt/airflow/dags/minio_to_snowflake.py
[2025-10-13T13:34:44.707+0000] {processor.py:840} INFO - DAG(s) 'minio_to_snowflake' retrieved from /opt/airflow/dags/minio_to_snowflake.py
[2025-10-13T13:34:44.755+0000] {logging_mixin.py:188} INFO - [2025-10-13T13:34:44.754+0000] {dag.py:3089} INFO - Sync 1 DAGs
[2025-10-13T13:34:44.797+0000] {logging_mixin.py:188} INFO - [2025-10-13T13:34:44.797+0000] {dag.py:3947} INFO - Setting next_dagrun for minio_to_snowflake to 2025-10-13 13:34:00+00:00, run_after=2025-10-13 13:35:00+00:00
[2025-10-13T13:34:44.833+0000] {processor.py:183} INFO - Processing /opt/airflow/dags/minio_to_snowflake.py took 1.706 seconds
[2025-10-13T13:35:15.097+0000] {processor.py:161} INFO - Started process (PID=62593) to work on /opt/airflow/dags/minio_to_snowflake.py
[2025-10-13T13:35:15.099+0000] {processor.py:830} INFO - Processing file /opt/airflow/dags/minio_to_snowflake.py for tasks to queue
[2025-10-13T13:35:15.101+0000] {logging_mixin.py:188} INFO - [2025-10-13T13:35:15.100+0000] {dagbag.py:545} INFO - Filling up the DagBag from /opt/airflow/dags/minio_to_snowflake.py
[2025-10-13T13:35:15.787+0000] {processor.py:840} INFO - DAG(s) 'minio_to_snowflake' retrieved from /opt/airflow/dags/minio_to_snowflake.py
[2025-10-13T13:35:15.809+0000] {logging_mixin.py:188} INFO - [2025-10-13T13:35:15.809+0000] {dag.py:3089} INFO - Sync 1 DAGs
[2025-10-13T13:35:15.829+0000] {logging_mixin.py:188} INFO - [2025-10-13T13:35:15.829+0000] {dag.py:3947} INFO - Setting next_dagrun for minio_to_snowflake to 2025-10-13 13:34:00+00:00, run_after=2025-10-13 13:35:00+00:00
[2025-10-13T13:35:15.849+0000] {processor.py:183} INFO - Processing /opt/airflow/dags/minio_to_snowflake.py took 0.757 seconds
[2025-10-13T13:35:46.137+0000] {processor.py:161} INFO - Started process (PID=62782) to work on /opt/airflow/dags/minio_to_snowflake.py
[2025-10-13T13:35:46.138+0000] {processor.py:830} INFO - Processing file /opt/airflow/dags/minio_to_snowflake.py for tasks to queue
[2025-10-13T13:35:46.140+0000] {logging_mixin.py:188} INFO - [2025-10-13T13:35:46.140+0000] {dagbag.py:545} INFO - Filling up the DagBag from /opt/airflow/dags/minio_to_snowflake.py
[2025-10-13T13:35:46.865+0000] {processor.py:840} INFO - DAG(s) 'minio_to_snowflake' retrieved from /opt/airflow/dags/minio_to_snowflake.py
[2025-10-13T13:35:46.888+0000] {logging_mixin.py:188} INFO - [2025-10-13T13:35:46.887+0000] {dag.py:3089} INFO - Sync 1 DAGs
[2025-10-13T13:35:46.911+0000] {logging_mixin.py:188} INFO - [2025-10-13T13:35:46.910+0000] {dag.py:3947} INFO - Setting next_dagrun for minio_to_snowflake to 2025-10-13 13:34:00+00:00, run_after=2025-10-13 13:35:00+00:00
[2025-10-13T13:35:46.932+0000] {processor.py:183} INFO - Processing /opt/airflow/dags/minio_to_snowflake.py took 0.804 seconds
[2025-10-13T13:36:17.230+0000] {processor.py:161} INFO - Started process (PID=62951) to work on /opt/airflow/dags/minio_to_snowflake.py
[2025-10-13T13:36:17.231+0000] {processor.py:830} INFO - Processing file /opt/airflow/dags/minio_to_snowflake.py for tasks to queue
[2025-10-13T13:36:17.234+0000] {logging_mixin.py:188} INFO - [2025-10-13T13:36:17.234+0000] {dagbag.py:545} INFO - Filling up the DagBag from /opt/airflow/dags/minio_to_snowflake.py
[2025-10-13T13:36:18.028+0000] {processor.py:840} INFO - DAG(s) 'minio_to_snowflake' retrieved from /opt/airflow/dags/minio_to_snowflake.py
[2025-10-13T13:36:18.054+0000] {logging_mixin.py:188} INFO - [2025-10-13T13:36:18.054+0000] {dag.py:3089} INFO - Sync 1 DAGs
[2025-10-13T13:36:18.080+0000] {logging_mixin.py:188} INFO - [2025-10-13T13:36:18.079+0000] {dag.py:3947} INFO - Setting next_dagrun for minio_to_snowflake to 2025-10-13 13:35:00+00:00, run_after=2025-10-13 13:36:00+00:00
[2025-10-13T13:36:18.098+0000] {processor.py:183} INFO - Processing /opt/airflow/dags/minio_to_snowflake.py took 0.874 seconds
[2025-10-13T13:36:48.367+0000] {processor.py:161} INFO - Started process (PID=63133) to work on /opt/airflow/dags/minio_to_snowflake.py
[2025-10-13T13:36:48.369+0000] {processor.py:830} INFO - Processing file /opt/airflow/dags/minio_to_snowflake.py for tasks to queue
[2025-10-13T13:36:48.371+0000] {logging_mixin.py:188} INFO - [2025-10-13T13:36:48.371+0000] {dagbag.py:545} INFO - Filling up the DagBag from /opt/airflow/dags/minio_to_snowflake.py
[2025-10-13T13:36:49.062+0000] {processor.py:840} INFO - DAG(s) 'minio_to_snowflake' retrieved from /opt/airflow/dags/minio_to_snowflake.py
[2025-10-13T13:36:49.087+0000] {logging_mixin.py:188} INFO - [2025-10-13T13:36:49.087+0000] {dag.py:3089} INFO - Sync 1 DAGs
[2025-10-13T13:36:49.108+0000] {logging_mixin.py:188} INFO - [2025-10-13T13:36:49.108+0000] {dag.py:3947} INFO - Setting next_dagrun for minio_to_snowflake to 2025-10-13 13:35:00+00:00, run_after=2025-10-13 13:36:00+00:00
[2025-10-13T13:36:49.128+0000] {processor.py:183} INFO - Processing /opt/airflow/dags/minio_to_snowflake.py took 0.769 seconds
[2025-10-13T13:37:19.200+0000] {processor.py:161} INFO - Started process (PID=63323) to work on /opt/airflow/dags/minio_to_snowflake.py
[2025-10-13T13:37:19.202+0000] {processor.py:830} INFO - Processing file /opt/airflow/dags/minio_to_snowflake.py for tasks to queue
[2025-10-13T13:37:19.204+0000] {logging_mixin.py:188} INFO - [2025-10-13T13:37:19.204+0000] {dagbag.py:545} INFO - Filling up the DagBag from /opt/airflow/dags/minio_to_snowflake.py
[2025-10-13T13:37:19.883+0000] {processor.py:840} INFO - DAG(s) 'minio_to_snowflake' retrieved from /opt/airflow/dags/minio_to_snowflake.py
[2025-10-13T13:37:19.904+0000] {logging_mixin.py:188} INFO - [2025-10-13T13:37:19.904+0000] {dag.py:3089} INFO - Sync 1 DAGs
[2025-10-13T13:37:19.926+0000] {logging_mixin.py:188} INFO - [2025-10-13T13:37:19.926+0000] {dag.py:3947} INFO - Setting next_dagrun for minio_to_snowflake to 2025-10-13 13:36:00+00:00, run_after=2025-10-13 13:37:00+00:00
[2025-10-13T13:37:19.947+0000] {processor.py:183} INFO - Processing /opt/airflow/dags/minio_to_snowflake.py took 0.752 seconds
[2025-10-13T13:37:50.201+0000] {processor.py:161} INFO - Started process (PID=65428) to work on /opt/airflow/dags/minio_to_snowflake.py
[2025-10-13T13:37:50.203+0000] {processor.py:830} INFO - Processing file /opt/airflow/dags/minio_to_snowflake.py for tasks to queue
[2025-10-13T13:37:50.205+0000] {logging_mixin.py:188} INFO - [2025-10-13T13:37:50.204+0000] {dagbag.py:545} INFO - Filling up the DagBag from /opt/airflow/dags/minio_to_snowflake.py
[2025-10-13T13:37:50.937+0000] {processor.py:840} INFO - DAG(s) 'minio_to_snowflake' retrieved from /opt/airflow/dags/minio_to_snowflake.py
[2025-10-13T13:37:50.958+0000] {logging_mixin.py:188} INFO - [2025-10-13T13:37:50.958+0000] {dag.py:3089} INFO - Sync 1 DAGs
[2025-10-13T13:37:50.981+0000] {logging_mixin.py:188} INFO - [2025-10-13T13:37:50.981+0000] {dag.py:3947} INFO - Setting next_dagrun for minio_to_snowflake to 2025-10-13 13:37:00+00:00, run_after=2025-10-13 13:38:00+00:00
[2025-10-13T13:37:51.002+0000] {processor.py:183} INFO - Processing /opt/airflow/dags/minio_to_snowflake.py took 0.807 seconds
[2025-10-13T13:38:21.298+0000] {processor.py:161} INFO - Started process (PID=65576) to work on /opt/airflow/dags/minio_to_snowflake.py
[2025-10-13T13:38:21.300+0000] {processor.py:830} INFO - Processing file /opt/airflow/dags/minio_to_snowflake.py for tasks to queue
[2025-10-13T13:38:21.302+0000] {logging_mixin.py:188} INFO - [2025-10-13T13:38:21.301+0000] {dagbag.py:545} INFO - Filling up the DagBag from /opt/airflow/dags/minio_to_snowflake.py
[2025-10-13T13:38:22.011+0000] {processor.py:840} INFO - DAG(s) 'minio_to_snowflake' retrieved from /opt/airflow/dags/minio_to_snowflake.py
[2025-10-13T13:38:22.035+0000] {logging_mixin.py:188} INFO - [2025-10-13T13:38:22.035+0000] {dag.py:3089} INFO - Sync 1 DAGs
[2025-10-13T13:38:22.060+0000] {logging_mixin.py:188} INFO - [2025-10-13T13:38:22.059+0000] {dag.py:3947} INFO - Setting next_dagrun for minio_to_snowflake to 2025-10-13 13:37:00+00:00, run_after=2025-10-13 13:38:00+00:00
[2025-10-13T13:38:22.078+0000] {processor.py:183} INFO - Processing /opt/airflow/dags/minio_to_snowflake.py took 0.786 seconds
[2025-10-13T13:38:52.330+0000] {processor.py:161} INFO - Started process (PID=65775) to work on /opt/airflow/dags/minio_to_snowflake.py
[2025-10-13T13:38:52.331+0000] {processor.py:830} INFO - Processing file /opt/airflow/dags/minio_to_snowflake.py for tasks to queue
[2025-10-13T13:38:52.333+0000] {logging_mixin.py:188} INFO - [2025-10-13T13:38:52.333+0000] {dagbag.py:545} INFO - Filling up the DagBag from /opt/airflow/dags/minio_to_snowflake.py
[2025-10-13T13:38:53.040+0000] {processor.py:840} INFO - DAG(s) 'minio_to_snowflake' retrieved from /opt/airflow/dags/minio_to_snowflake.py
[2025-10-13T13:38:53.066+0000] {logging_mixin.py:188} INFO - [2025-10-13T13:38:53.065+0000] {dag.py:3089} INFO - Sync 1 DAGs
[2025-10-13T13:38:53.089+0000] {logging_mixin.py:188} INFO - [2025-10-13T13:38:53.089+0000] {dag.py:3947} INFO - Setting next_dagrun for minio_to_snowflake to 2025-10-13 13:37:00+00:00, run_after=2025-10-13 13:38:00+00:00
[2025-10-13T13:38:53.108+0000] {processor.py:183} INFO - Processing /opt/airflow/dags/minio_to_snowflake.py took 0.784 seconds
[2025-10-13T13:39:23.255+0000] {processor.py:161} INFO - Started process (PID=65951) to work on /opt/airflow/dags/minio_to_snowflake.py
[2025-10-13T13:39:23.256+0000] {processor.py:830} INFO - Processing file /opt/airflow/dags/minio_to_snowflake.py for tasks to queue
[2025-10-13T13:39:23.258+0000] {logging_mixin.py:188} INFO - [2025-10-13T13:39:23.258+0000] {dagbag.py:545} INFO - Filling up the DagBag from /opt/airflow/dags/minio_to_snowflake.py
[2025-10-13T13:39:24.443+0000] {processor.py:840} INFO - DAG(s) 'minio_to_snowflake' retrieved from /opt/airflow/dags/minio_to_snowflake.py
[2025-10-13T13:39:24.518+0000] {logging_mixin.py:188} INFO - [2025-10-13T13:39:24.517+0000] {dag.py:3089} INFO - Sync 1 DAGs
[2025-10-13T13:39:24.586+0000] {logging_mixin.py:188} INFO - [2025-10-13T13:39:24.586+0000] {dag.py:3947} INFO - Setting next_dagrun for minio_to_snowflake to 2025-10-13 13:38:00+00:00, run_after=2025-10-13 13:39:00+00:00
[2025-10-13T13:39:24.651+0000] {processor.py:183} INFO - Processing /opt/airflow/dags/minio_to_snowflake.py took 1.402 seconds
[2025-10-13T13:39:54.975+0000] {processor.py:161} INFO - Started process (PID=66141) to work on /opt/airflow/dags/minio_to_snowflake.py
[2025-10-13T13:39:54.976+0000] {processor.py:830} INFO - Processing file /opt/airflow/dags/minio_to_snowflake.py for tasks to queue
[2025-10-13T13:39:54.979+0000] {logging_mixin.py:188} INFO - [2025-10-13T13:39:54.978+0000] {dagbag.py:545} INFO - Filling up the DagBag from /opt/airflow/dags/minio_to_snowflake.py
[2025-10-13T13:39:55.708+0000] {processor.py:840} INFO - DAG(s) 'minio_to_snowflake' retrieved from /opt/airflow/dags/minio_to_snowflake.py
[2025-10-13T13:39:55.731+0000] {logging_mixin.py:188} INFO - [2025-10-13T13:39:55.730+0000] {dag.py:3089} INFO - Sync 1 DAGs
[2025-10-13T13:39:55.752+0000] {logging_mixin.py:188} INFO - [2025-10-13T13:39:55.752+0000] {dag.py:3947} INFO - Setting next_dagrun for minio_to_snowflake to 2025-10-13 13:38:00+00:00, run_after=2025-10-13 13:39:00+00:00
[2025-10-13T13:39:55.769+0000] {processor.py:183} INFO - Processing /opt/airflow/dags/minio_to_snowflake.py took 0.800 seconds
[2025-10-13T13:40:25.978+0000] {processor.py:161} INFO - Started process (PID=66315) to work on /opt/airflow/dags/minio_to_snowflake.py
[2025-10-13T13:40:25.980+0000] {processor.py:830} INFO - Processing file /opt/airflow/dags/minio_to_snowflake.py for tasks to queue
[2025-10-13T13:40:25.982+0000] {logging_mixin.py:188} INFO - [2025-10-13T13:40:25.982+0000] {dagbag.py:545} INFO - Filling up the DagBag from /opt/airflow/dags/minio_to_snowflake.py
[2025-10-13T13:40:26.819+0000] {processor.py:840} INFO - DAG(s) 'minio_to_snowflake' retrieved from /opt/airflow/dags/minio_to_snowflake.py
[2025-10-13T13:40:26.844+0000] {logging_mixin.py:188} INFO - [2025-10-13T13:40:26.843+0000] {dag.py:3089} INFO - Sync 1 DAGs
[2025-10-13T13:40:26.870+0000] {logging_mixin.py:188} INFO - [2025-10-13T13:40:26.870+0000] {dag.py:3947} INFO - Setting next_dagrun for minio_to_snowflake to 2025-10-13 13:39:00+00:00, run_after=2025-10-13 13:40:00+00:00
[2025-10-13T13:40:26.893+0000] {processor.py:183} INFO - Processing /opt/airflow/dags/minio_to_snowflake.py took 0.921 seconds
[2025-10-13T13:40:57.117+0000] {processor.py:161} INFO - Started process (PID=67494) to work on /opt/airflow/dags/minio_to_snowflake.py
[2025-10-13T13:40:57.118+0000] {processor.py:830} INFO - Processing file /opt/airflow/dags/minio_to_snowflake.py for tasks to queue
[2025-10-13T13:40:57.121+0000] {logging_mixin.py:188} INFO - [2025-10-13T13:40:57.121+0000] {dagbag.py:545} INFO - Filling up the DagBag from /opt/airflow/dags/minio_to_snowflake.py
[2025-10-13T13:40:58.006+0000] {processor.py:840} INFO - DAG(s) 'minio_to_snowflake' retrieved from /opt/airflow/dags/minio_to_snowflake.py
[2025-10-13T13:40:58.029+0000] {logging_mixin.py:188} INFO - [2025-10-13T13:40:58.028+0000] {dag.py:3089} INFO - Sync 1 DAGs
[2025-10-13T13:40:58.052+0000] {logging_mixin.py:188} INFO - [2025-10-13T13:40:58.052+0000] {dag.py:3947} INFO - Setting next_dagrun for minio_to_snowflake to 2025-10-13 13:40:00+00:00, run_after=2025-10-13 13:41:00+00:00
[2025-10-13T13:40:58.074+0000] {processor.py:183} INFO - Processing /opt/airflow/dags/minio_to_snowflake.py took 0.963 seconds
[2025-10-13T13:41:28.429+0000] {processor.py:161} INFO - Started process (PID=68577) to work on /opt/airflow/dags/minio_to_snowflake.py
[2025-10-13T13:41:28.439+0000] {processor.py:830} INFO - Processing file /opt/airflow/dags/minio_to_snowflake.py for tasks to queue
[2025-10-13T13:41:28.444+0000] {logging_mixin.py:188} INFO - [2025-10-13T13:41:28.443+0000] {dagbag.py:545} INFO - Filling up the DagBag from /opt/airflow/dags/minio_to_snowflake.py
[2025-10-13T13:41:35.916+0000] {processor.py:840} INFO - DAG(s) 'minio_to_snowflake' retrieved from /opt/airflow/dags/minio_to_snowflake.py
[2025-10-13T13:41:36.111+0000] {logging_mixin.py:188} INFO - [2025-10-13T13:41:36.109+0000] {dag.py:3089} INFO - Sync 1 DAGs
[2025-10-13T13:41:36.211+0000] {logging_mixin.py:188} INFO - [2025-10-13T13:41:36.211+0000] {dag.py:3947} INFO - Setting next_dagrun for minio_to_snowflake to 2025-10-13 13:40:00+00:00, run_after=2025-10-13 13:41:00+00:00
[2025-10-13T13:41:36.337+0000] {processor.py:183} INFO - Processing /opt/airflow/dags/minio_to_snowflake.py took 7.919 seconds
[2025-10-13T13:42:06.943+0000] {processor.py:161} INFO - Started process (PID=68754) to work on /opt/airflow/dags/minio_to_snowflake.py
[2025-10-13T13:42:06.947+0000] {processor.py:830} INFO - Processing file /opt/airflow/dags/minio_to_snowflake.py for tasks to queue
[2025-10-13T13:42:06.954+0000] {logging_mixin.py:188} INFO - [2025-10-13T13:42:06.953+0000] {dagbag.py:545} INFO - Filling up the DagBag from /opt/airflow/dags/minio_to_snowflake.py
[2025-10-13T13:42:08.801+0000] {processor.py:840} INFO - DAG(s) 'minio_to_snowflake' retrieved from /opt/airflow/dags/minio_to_snowflake.py
[2025-10-13T13:42:08.853+0000] {logging_mixin.py:188} INFO - [2025-10-13T13:42:08.852+0000] {dag.py:3089} INFO - Sync 1 DAGs
[2025-10-13T13:42:08.907+0000] {logging_mixin.py:188} INFO - [2025-10-13T13:42:08.907+0000] {dag.py:3947} INFO - Setting next_dagrun for minio_to_snowflake to 2025-10-13 13:41:00+00:00, run_after=2025-10-13 13:42:00+00:00
[2025-10-13T13:42:08.957+0000] {processor.py:183} INFO - Processing /opt/airflow/dags/minio_to_snowflake.py took 2.037 seconds
[2025-10-13T13:42:39.182+0000] {processor.py:161} INFO - Started process (PID=68930) to work on /opt/airflow/dags/minio_to_snowflake.py
[2025-10-13T13:42:39.184+0000] {processor.py:830} INFO - Processing file /opt/airflow/dags/minio_to_snowflake.py for tasks to queue
[2025-10-13T13:42:39.187+0000] {logging_mixin.py:188} INFO - [2025-10-13T13:42:39.187+0000] {dagbag.py:545} INFO - Filling up the DagBag from /opt/airflow/dags/minio_to_snowflake.py
[2025-10-13T13:42:40.519+0000] {processor.py:840} INFO - DAG(s) 'minio_to_snowflake' retrieved from /opt/airflow/dags/minio_to_snowflake.py
[2025-10-13T13:42:40.559+0000] {logging_mixin.py:188} INFO - [2025-10-13T13:42:40.559+0000] {dag.py:3089} INFO - Sync 1 DAGs
[2025-10-13T13:42:40.599+0000] {logging_mixin.py:188} INFO - [2025-10-13T13:42:40.598+0000] {dag.py:3947} INFO - Setting next_dagrun for minio_to_snowflake to 2025-10-13 13:41:00+00:00, run_after=2025-10-13 13:42:00+00:00
[2025-10-13T13:42:40.628+0000] {processor.py:183} INFO - Processing /opt/airflow/dags/minio_to_snowflake.py took 1.454 seconds
[2025-10-13T13:43:10.706+0000] {processor.py:161} INFO - Started process (PID=69114) to work on /opt/airflow/dags/minio_to_snowflake.py
[2025-10-13T13:43:10.707+0000] {processor.py:830} INFO - Processing file /opt/airflow/dags/minio_to_snowflake.py for tasks to queue
[2025-10-13T13:43:10.710+0000] {logging_mixin.py:188} INFO - [2025-10-13T13:43:10.709+0000] {dagbag.py:545} INFO - Filling up the DagBag from /opt/airflow/dags/minio_to_snowflake.py
[2025-10-13T13:43:11.411+0000] {processor.py:840} INFO - DAG(s) 'minio_to_snowflake' retrieved from /opt/airflow/dags/minio_to_snowflake.py
[2025-10-13T13:43:11.437+0000] {logging_mixin.py:188} INFO - [2025-10-13T13:43:11.436+0000] {dag.py:3089} INFO - Sync 1 DAGs
[2025-10-13T13:43:11.463+0000] {logging_mixin.py:188} INFO - [2025-10-13T13:43:11.462+0000] {dag.py:3947} INFO - Setting next_dagrun for minio_to_snowflake to 2025-10-13 13:42:00+00:00, run_after=2025-10-13 13:43:00+00:00
[2025-10-13T13:43:11.485+0000] {processor.py:183} INFO - Processing /opt/airflow/dags/minio_to_snowflake.py took 0.786 seconds
[2025-10-13T13:43:41.705+0000] {processor.py:161} INFO - Started process (PID=69308) to work on /opt/airflow/dags/minio_to_snowflake.py
[2025-10-13T13:43:41.707+0000] {processor.py:830} INFO - Processing file /opt/airflow/dags/minio_to_snowflake.py for tasks to queue
[2025-10-13T13:43:41.709+0000] {logging_mixin.py:188} INFO - [2025-10-13T13:43:41.709+0000] {dagbag.py:545} INFO - Filling up the DagBag from /opt/airflow/dags/minio_to_snowflake.py
[2025-10-13T13:43:42.502+0000] {processor.py:840} INFO - DAG(s) 'minio_to_snowflake' retrieved from /opt/airflow/dags/minio_to_snowflake.py
[2025-10-13T13:43:42.527+0000] {logging_mixin.py:188} INFO - [2025-10-13T13:43:42.526+0000] {dag.py:3089} INFO - Sync 1 DAGs
[2025-10-13T13:43:42.547+0000] {logging_mixin.py:188} INFO - [2025-10-13T13:43:42.547+0000] {dag.py:3947} INFO - Setting next_dagrun for minio_to_snowflake to 2025-10-13 13:42:00+00:00, run_after=2025-10-13 13:43:00+00:00
[2025-10-13T13:43:42.567+0000] {processor.py:183} INFO - Processing /opt/airflow/dags/minio_to_snowflake.py took 0.869 seconds
[2025-10-13T13:44:12.774+0000] {processor.py:161} INFO - Started process (PID=69489) to work on /opt/airflow/dags/minio_to_snowflake.py
[2025-10-13T13:44:12.776+0000] {processor.py:830} INFO - Processing file /opt/airflow/dags/minio_to_snowflake.py for tasks to queue
[2025-10-13T13:44:12.778+0000] {logging_mixin.py:188} INFO - [2025-10-13T13:44:12.778+0000] {dagbag.py:545} INFO - Filling up the DagBag from /opt/airflow/dags/minio_to_snowflake.py
[2025-10-13T13:44:13.578+0000] {processor.py:840} INFO - DAG(s) 'minio_to_snowflake' retrieved from /opt/airflow/dags/minio_to_snowflake.py
[2025-10-13T13:44:13.601+0000] {logging_mixin.py:188} INFO - [2025-10-13T13:44:13.600+0000] {dag.py:3089} INFO - Sync 1 DAGs
[2025-10-13T13:44:13.624+0000] {logging_mixin.py:188} INFO - [2025-10-13T13:44:13.624+0000] {dag.py:3947} INFO - Setting next_dagrun for minio_to_snowflake to 2025-10-13 13:43:00+00:00, run_after=2025-10-13 13:44:00+00:00
[2025-10-13T13:44:13.641+0000] {processor.py:183} INFO - Processing /opt/airflow/dags/minio_to_snowflake.py took 0.874 seconds
[2025-10-13T13:44:43.796+0000] {processor.py:161} INFO - Started process (PID=71581) to work on /opt/airflow/dags/minio_to_snowflake.py
[2025-10-13T13:44:43.797+0000] {processor.py:830} INFO - Processing file /opt/airflow/dags/minio_to_snowflake.py for tasks to queue
[2025-10-13T13:44:43.799+0000] {logging_mixin.py:188} INFO - [2025-10-13T13:44:43.799+0000] {dagbag.py:545} INFO - Filling up the DagBag from /opt/airflow/dags/minio_to_snowflake.py
[2025-10-13T13:44:44.499+0000] {processor.py:840} INFO - DAG(s) 'minio_to_snowflake' retrieved from /opt/airflow/dags/minio_to_snowflake.py
[2025-10-13T13:44:44.524+0000] {logging_mixin.py:188} INFO - [2025-10-13T13:44:44.524+0000] {dag.py:3089} INFO - Sync 1 DAGs
[2025-10-13T13:44:44.545+0000] {logging_mixin.py:188} INFO - [2025-10-13T13:44:44.545+0000] {dag.py:3947} INFO - Setting next_dagrun for minio_to_snowflake to 2025-10-13 13:43:00+00:00, run_after=2025-10-13 13:44:00+00:00
[2025-10-13T13:44:44.566+0000] {processor.py:183} INFO - Processing /opt/airflow/dags/minio_to_snowflake.py took 0.775 seconds
[2025-10-13T13:45:14.835+0000] {processor.py:161} INFO - Started process (PID=71775) to work on /opt/airflow/dags/minio_to_snowflake.py
[2025-10-13T13:45:14.837+0000] {processor.py:830} INFO - Processing file /opt/airflow/dags/minio_to_snowflake.py for tasks to queue
[2025-10-13T13:45:14.841+0000] {logging_mixin.py:188} INFO - [2025-10-13T13:45:14.840+0000] {dagbag.py:545} INFO - Filling up the DagBag from /opt/airflow/dags/minio_to_snowflake.py
[2025-10-13T13:45:16.415+0000] {processor.py:840} INFO - DAG(s) 'minio_to_snowflake' retrieved from /opt/airflow/dags/minio_to_snowflake.py
[2025-10-13T13:45:16.450+0000] {logging_mixin.py:188} INFO - [2025-10-13T13:45:16.449+0000] {dag.py:3089} INFO - Sync 1 DAGs
[2025-10-13T13:45:16.476+0000] {logging_mixin.py:188} INFO - [2025-10-13T13:45:16.476+0000] {dag.py:3947} INFO - Setting next_dagrun for minio_to_snowflake to 2025-10-13 13:44:00+00:00, run_after=2025-10-13 13:45:00+00:00
[2025-10-13T13:45:16.496+0000] {processor.py:183} INFO - Processing /opt/airflow/dags/minio_to_snowflake.py took 1.683 seconds
[2025-10-13T13:45:46.752+0000] {processor.py:161} INFO - Started process (PID=71970) to work on /opt/airflow/dags/minio_to_snowflake.py
[2025-10-13T13:45:46.753+0000] {processor.py:830} INFO - Processing file /opt/airflow/dags/minio_to_snowflake.py for tasks to queue
[2025-10-13T13:45:46.755+0000] {logging_mixin.py:188} INFO - [2025-10-13T13:45:46.755+0000] {dagbag.py:545} INFO - Filling up the DagBag from /opt/airflow/dags/minio_to_snowflake.py
[2025-10-13T13:45:48.008+0000] {processor.py:840} INFO - DAG(s) 'minio_to_snowflake' retrieved from /opt/airflow/dags/minio_to_snowflake.py
[2025-10-13T13:45:48.036+0000] {logging_mixin.py:188} INFO - [2025-10-13T13:45:48.036+0000] {dag.py:3089} INFO - Sync 1 DAGs
[2025-10-13T13:45:48.066+0000] {logging_mixin.py:188} INFO - [2025-10-13T13:45:48.065+0000] {dag.py:3947} INFO - Setting next_dagrun for minio_to_snowflake to 2025-10-13 13:44:00+00:00, run_after=2025-10-13 13:45:00+00:00
[2025-10-13T13:45:48.089+0000] {processor.py:183} INFO - Processing /opt/airflow/dags/minio_to_snowflake.py took 1.343 seconds
[2025-10-13T13:46:18.385+0000] {processor.py:161} INFO - Started process (PID=72187) to work on /opt/airflow/dags/minio_to_snowflake.py
[2025-10-13T13:46:18.387+0000] {processor.py:830} INFO - Processing file /opt/airflow/dags/minio_to_snowflake.py for tasks to queue
[2025-10-13T13:46:18.389+0000] {logging_mixin.py:188} INFO - [2025-10-13T13:46:18.389+0000] {dagbag.py:545} INFO - Filling up the DagBag from /opt/airflow/dags/minio_to_snowflake.py
[2025-10-13T13:46:19.132+0000] {processor.py:840} INFO - DAG(s) 'minio_to_snowflake' retrieved from /opt/airflow/dags/minio_to_snowflake.py
[2025-10-13T13:46:19.153+0000] {logging_mixin.py:188} INFO - [2025-10-13T13:46:19.153+0000] {dag.py:3089} INFO - Sync 1 DAGs
[2025-10-13T13:46:19.176+0000] {logging_mixin.py:188} INFO - [2025-10-13T13:46:19.175+0000] {dag.py:3947} INFO - Setting next_dagrun for minio_to_snowflake to 2025-10-13 13:45:00+00:00, run_after=2025-10-13 13:46:00+00:00
[2025-10-13T13:46:19.197+0000] {processor.py:183} INFO - Processing /opt/airflow/dags/minio_to_snowflake.py took 0.819 seconds
[2025-10-13T13:46:49.449+0000] {processor.py:161} INFO - Started process (PID=72381) to work on /opt/airflow/dags/minio_to_snowflake.py
[2025-10-13T13:46:49.451+0000] {processor.py:830} INFO - Processing file /opt/airflow/dags/minio_to_snowflake.py for tasks to queue
[2025-10-13T13:46:49.454+0000] {logging_mixin.py:188} INFO - [2025-10-13T13:46:49.453+0000] {dagbag.py:545} INFO - Filling up the DagBag from /opt/airflow/dags/minio_to_snowflake.py
[2025-10-13T13:46:50.239+0000] {processor.py:840} INFO - DAG(s) 'minio_to_snowflake' retrieved from /opt/airflow/dags/minio_to_snowflake.py
[2025-10-13T13:46:50.266+0000] {logging_mixin.py:188} INFO - [2025-10-13T13:46:50.266+0000] {dag.py:3089} INFO - Sync 1 DAGs
[2025-10-13T13:46:50.287+0000] {logging_mixin.py:188} INFO - [2025-10-13T13:46:50.287+0000] {dag.py:3947} INFO - Setting next_dagrun for minio_to_snowflake to 2025-10-13 13:45:00+00:00, run_after=2025-10-13 13:46:00+00:00
[2025-10-13T13:46:50.308+0000] {processor.py:183} INFO - Processing /opt/airflow/dags/minio_to_snowflake.py took 0.866 seconds
[2025-10-13T13:47:20.561+0000] {processor.py:161} INFO - Started process (PID=72595) to work on /opt/airflow/dags/minio_to_snowflake.py
[2025-10-13T13:47:20.562+0000] {processor.py:830} INFO - Processing file /opt/airflow/dags/minio_to_snowflake.py for tasks to queue
[2025-10-13T13:47:20.566+0000] {logging_mixin.py:188} INFO - [2025-10-13T13:47:20.566+0000] {dagbag.py:545} INFO - Filling up the DagBag from /opt/airflow/dags/minio_to_snowflake.py
[2025-10-13T13:47:22.051+0000] {processor.py:840} INFO - DAG(s) 'minio_to_snowflake' retrieved from /opt/airflow/dags/minio_to_snowflake.py
[2025-10-13T13:47:22.074+0000] {logging_mixin.py:188} INFO - [2025-10-13T13:47:22.073+0000] {dag.py:3089} INFO - Sync 1 DAGs
[2025-10-13T13:47:22.103+0000] {logging_mixin.py:188} INFO - [2025-10-13T13:47:22.102+0000] {dag.py:3947} INFO - Setting next_dagrun for minio_to_snowflake to 2025-10-13 13:46:00+00:00, run_after=2025-10-13 13:47:00+00:00
[2025-10-13T13:47:22.123+0000] {processor.py:183} INFO - Processing /opt/airflow/dags/minio_to_snowflake.py took 1.572 seconds
[2025-10-13T13:47:52.423+0000] {processor.py:161} INFO - Started process (PID=74633) to work on /opt/airflow/dags/minio_to_snowflake.py
[2025-10-13T13:47:52.424+0000] {processor.py:830} INFO - Processing file /opt/airflow/dags/minio_to_snowflake.py for tasks to queue
[2025-10-13T13:47:52.426+0000] {logging_mixin.py:188} INFO - [2025-10-13T13:47:52.426+0000] {dagbag.py:545} INFO - Filling up the DagBag from /opt/airflow/dags/minio_to_snowflake.py
[2025-10-13T13:47:53.205+0000] {processor.py:840} INFO - DAG(s) 'minio_to_snowflake' retrieved from /opt/airflow/dags/minio_to_snowflake.py
[2025-10-13T13:47:53.231+0000] {logging_mixin.py:188} INFO - [2025-10-13T13:47:53.230+0000] {dag.py:3089} INFO - Sync 1 DAGs
[2025-10-13T13:47:53.254+0000] {logging_mixin.py:188} INFO - [2025-10-13T13:47:53.253+0000] {dag.py:3947} INFO - Setting next_dagrun for minio_to_snowflake to 2025-10-13 13:46:00+00:00, run_after=2025-10-13 13:47:00+00:00
[2025-10-13T13:47:53.274+0000] {processor.py:183} INFO - Processing /opt/airflow/dags/minio_to_snowflake.py took 0.857 seconds
[2025-10-13T13:48:23.534+0000] {processor.py:161} INFO - Started process (PID=74828) to work on /opt/airflow/dags/minio_to_snowflake.py
[2025-10-13T13:48:23.535+0000] {processor.py:830} INFO - Processing file /opt/airflow/dags/minio_to_snowflake.py for tasks to queue
[2025-10-13T13:48:23.537+0000] {logging_mixin.py:188} INFO - [2025-10-13T13:48:23.537+0000] {dagbag.py:545} INFO - Filling up the DagBag from /opt/airflow/dags/minio_to_snowflake.py
[2025-10-13T13:48:24.293+0000] {processor.py:840} INFO - DAG(s) 'minio_to_snowflake' retrieved from /opt/airflow/dags/minio_to_snowflake.py
[2025-10-13T13:48:24.320+0000] {logging_mixin.py:188} INFO - [2025-10-13T13:48:24.320+0000] {dag.py:3089} INFO - Sync 1 DAGs
[2025-10-13T13:48:24.347+0000] {logging_mixin.py:188} INFO - [2025-10-13T13:48:24.347+0000] {dag.py:3947} INFO - Setting next_dagrun for minio_to_snowflake to 2025-10-13 13:47:00+00:00, run_after=2025-10-13 13:48:00+00:00
[2025-10-13T13:48:24.367+0000] {processor.py:183} INFO - Processing /opt/airflow/dags/minio_to_snowflake.py took 0.839 seconds
[2025-10-13T13:48:54.649+0000] {processor.py:161} INFO - Started process (PID=75013) to work on /opt/airflow/dags/minio_to_snowflake.py
[2025-10-13T13:48:54.651+0000] {processor.py:830} INFO - Processing file /opt/airflow/dags/minio_to_snowflake.py for tasks to queue
[2025-10-13T13:48:54.653+0000] {logging_mixin.py:188} INFO - [2025-10-13T13:48:54.652+0000] {dagbag.py:545} INFO - Filling up the DagBag from /opt/airflow/dags/minio_to_snowflake.py
[2025-10-13T13:48:55.711+0000] {processor.py:840} INFO - DAG(s) 'minio_to_snowflake' retrieved from /opt/airflow/dags/minio_to_snowflake.py
[2025-10-13T13:48:55.751+0000] {logging_mixin.py:188} INFO - [2025-10-13T13:48:55.750+0000] {dag.py:3089} INFO - Sync 1 DAGs
[2025-10-13T13:48:55.779+0000] {logging_mixin.py:188} INFO - [2025-10-13T13:48:55.779+0000] {dag.py:3947} INFO - Setting next_dagrun for minio_to_snowflake to 2025-10-13 13:47:00+00:00, run_after=2025-10-13 13:48:00+00:00
[2025-10-13T13:48:55.800+0000] {processor.py:183} INFO - Processing /opt/airflow/dags/minio_to_snowflake.py took 1.157 seconds
[2025-10-13T13:49:26.007+0000] {processor.py:161} INFO - Started process (PID=75204) to work on /opt/airflow/dags/minio_to_snowflake.py
[2025-10-13T13:49:26.009+0000] {processor.py:830} INFO - Processing file /opt/airflow/dags/minio_to_snowflake.py for tasks to queue
[2025-10-13T13:49:26.011+0000] {logging_mixin.py:188} INFO - [2025-10-13T13:49:26.011+0000] {dagbag.py:545} INFO - Filling up the DagBag from /opt/airflow/dags/minio_to_snowflake.py
[2025-10-13T13:49:27.234+0000] {processor.py:840} INFO - DAG(s) 'minio_to_snowflake' retrieved from /opt/airflow/dags/minio_to_snowflake.py
[2025-10-13T13:49:27.439+0000] {logging_mixin.py:188} INFO - [2025-10-13T13:49:27.438+0000] {dag.py:3089} INFO - Sync 1 DAGs
[2025-10-13T13:49:27.489+0000] {logging_mixin.py:188} INFO - [2025-10-13T13:49:27.489+0000] {dag.py:3947} INFO - Setting next_dagrun for minio_to_snowflake to 2025-10-13 13:48:00+00:00, run_after=2025-10-13 13:49:00+00:00
[2025-10-13T13:49:27.586+0000] {processor.py:183} INFO - Processing /opt/airflow/dags/minio_to_snowflake.py took 1.585 seconds
[2025-10-13T13:49:57.785+0000] {processor.py:161} INFO - Started process (PID=75391) to work on /opt/airflow/dags/minio_to_snowflake.py
[2025-10-13T13:49:57.788+0000] {processor.py:830} INFO - Processing file /opt/airflow/dags/minio_to_snowflake.py for tasks to queue
[2025-10-13T13:49:57.791+0000] {logging_mixin.py:188} INFO - [2025-10-13T13:49:57.790+0000] {dagbag.py:545} INFO - Filling up the DagBag from /opt/airflow/dags/minio_to_snowflake.py
[2025-10-13T13:49:58.863+0000] {processor.py:840} INFO - DAG(s) 'minio_to_snowflake' retrieved from /opt/airflow/dags/minio_to_snowflake.py
[2025-10-13T13:49:58.892+0000] {logging_mixin.py:188} INFO - [2025-10-13T13:49:58.891+0000] {dag.py:3089} INFO - Sync 1 DAGs
[2025-10-13T13:49:58.918+0000] {logging_mixin.py:188} INFO - [2025-10-13T13:49:58.917+0000] {dag.py:3947} INFO - Setting next_dagrun for minio_to_snowflake to 2025-10-13 13:48:00+00:00, run_after=2025-10-13 13:49:00+00:00
[2025-10-13T13:49:58.937+0000] {processor.py:183} INFO - Processing /opt/airflow/dags/minio_to_snowflake.py took 1.170 seconds
[2025-10-13T13:50:29.278+0000] {processor.py:161} INFO - Started process (PID=75568) to work on /opt/airflow/dags/minio_to_snowflake.py
[2025-10-13T13:50:29.280+0000] {processor.py:830} INFO - Processing file /opt/airflow/dags/minio_to_snowflake.py for tasks to queue
[2025-10-13T13:50:29.282+0000] {logging_mixin.py:188} INFO - [2025-10-13T13:50:29.281+0000] {dagbag.py:545} INFO - Filling up the DagBag from /opt/airflow/dags/minio_to_snowflake.py
[2025-10-13T13:50:30.136+0000] {processor.py:840} INFO - DAG(s) 'minio_to_snowflake' retrieved from /opt/airflow/dags/minio_to_snowflake.py
[2025-10-13T13:50:30.173+0000] {logging_mixin.py:188} INFO - [2025-10-13T13:50:30.172+0000] {dag.py:3089} INFO - Sync 1 DAGs
[2025-10-13T13:50:30.210+0000] {logging_mixin.py:188} INFO - [2025-10-13T13:50:30.210+0000] {dag.py:3947} INFO - Setting next_dagrun for minio_to_snowflake to 2025-10-13 13:49:00+00:00, run_after=2025-10-13 13:50:00+00:00
[2025-10-13T13:50:30.236+0000] {processor.py:183} INFO - Processing /opt/airflow/dags/minio_to_snowflake.py took 0.964 seconds
[2025-10-13T13:51:00.468+0000] {processor.py:161} INFO - Started process (PID=77646) to work on /opt/airflow/dags/minio_to_snowflake.py
[2025-10-13T13:51:00.469+0000] {processor.py:830} INFO - Processing file /opt/airflow/dags/minio_to_snowflake.py for tasks to queue
[2025-10-13T13:51:00.472+0000] {logging_mixin.py:188} INFO - [2025-10-13T13:51:00.472+0000] {dagbag.py:545} INFO - Filling up the DagBag from /opt/airflow/dags/minio_to_snowflake.py
[2025-10-13T13:51:01.299+0000] {processor.py:840} INFO - DAG(s) 'minio_to_snowflake' retrieved from /opt/airflow/dags/minio_to_snowflake.py
[2025-10-13T13:51:01.327+0000] {logging_mixin.py:188} INFO - [2025-10-13T13:51:01.326+0000] {dag.py:3089} INFO - Sync 1 DAGs
[2025-10-13T13:51:01.357+0000] {logging_mixin.py:188} INFO - [2025-10-13T13:51:01.357+0000] {dag.py:3947} INFO - Setting next_dagrun for minio_to_snowflake to 2025-10-13 13:50:00+00:00, run_after=2025-10-13 13:51:00+00:00
[2025-10-13T13:51:01.386+0000] {processor.py:183} INFO - Processing /opt/airflow/dags/minio_to_snowflake.py took 0.925 seconds
[2025-10-13T13:51:31.782+0000] {processor.py:161} INFO - Started process (PID=77846) to work on /opt/airflow/dags/minio_to_snowflake.py
[2025-10-13T13:51:31.783+0000] {processor.py:830} INFO - Processing file /opt/airflow/dags/minio_to_snowflake.py for tasks to queue
[2025-10-13T13:51:31.785+0000] {logging_mixin.py:188} INFO - [2025-10-13T13:51:31.784+0000] {dagbag.py:545} INFO - Filling up the DagBag from /opt/airflow/dags/minio_to_snowflake.py
[2025-10-13T13:51:32.518+0000] {processor.py:840} INFO - DAG(s) 'minio_to_snowflake' retrieved from /opt/airflow/dags/minio_to_snowflake.py
[2025-10-13T13:51:32.543+0000] {logging_mixin.py:188} INFO - [2025-10-13T13:51:32.542+0000] {dag.py:3089} INFO - Sync 1 DAGs
[2025-10-13T13:51:32.566+0000] {logging_mixin.py:188} INFO - [2025-10-13T13:51:32.566+0000] {dag.py:3947} INFO - Setting next_dagrun for minio_to_snowflake to 2025-10-13 13:50:00+00:00, run_after=2025-10-13 13:51:00+00:00
[2025-10-13T13:51:32.584+0000] {processor.py:183} INFO - Processing /opt/airflow/dags/minio_to_snowflake.py took 0.809 seconds
[2025-10-13T13:52:03.035+0000] {processor.py:161} INFO - Started process (PID=78014) to work on /opt/airflow/dags/minio_to_snowflake.py
[2025-10-13T13:52:03.036+0000] {processor.py:830} INFO - Processing file /opt/airflow/dags/minio_to_snowflake.py for tasks to queue
[2025-10-13T13:52:03.038+0000] {logging_mixin.py:188} INFO - [2025-10-13T13:52:03.037+0000] {dagbag.py:545} INFO - Filling up the DagBag from /opt/airflow/dags/minio_to_snowflake.py
[2025-10-13T13:52:03.982+0000] {processor.py:840} INFO - DAG(s) 'minio_to_snowflake' retrieved from /opt/airflow/dags/minio_to_snowflake.py
[2025-10-13T13:52:04.012+0000] {logging_mixin.py:188} INFO - [2025-10-13T13:52:04.011+0000] {dag.py:3089} INFO - Sync 1 DAGs
[2025-10-13T13:52:04.037+0000] {logging_mixin.py:188} INFO - [2025-10-13T13:52:04.036+0000] {dag.py:3947} INFO - Setting next_dagrun for minio_to_snowflake to 2025-10-13 13:51:00+00:00, run_after=2025-10-13 13:52:00+00:00
[2025-10-13T13:52:04.057+0000] {processor.py:183} INFO - Processing /opt/airflow/dags/minio_to_snowflake.py took 1.029 seconds
[2025-10-13T13:52:34.232+0000] {processor.py:161} INFO - Started process (PID=78214) to work on /opt/airflow/dags/minio_to_snowflake.py
[2025-10-13T13:52:34.234+0000] {processor.py:830} INFO - Processing file /opt/airflow/dags/minio_to_snowflake.py for tasks to queue
[2025-10-13T13:52:34.237+0000] {logging_mixin.py:188} INFO - [2025-10-13T13:52:34.236+0000] {dagbag.py:545} INFO - Filling up the DagBag from /opt/airflow/dags/minio_to_snowflake.py
[2025-10-13T13:52:34.960+0000] {processor.py:840} INFO - DAG(s) 'minio_to_snowflake' retrieved from /opt/airflow/dags/minio_to_snowflake.py
[2025-10-13T13:52:35.010+0000] {logging_mixin.py:188} INFO - [2025-10-13T13:52:35.009+0000] {dag.py:3089} INFO - Sync 1 DAGs
[2025-10-13T13:52:35.049+0000] {logging_mixin.py:188} INFO - [2025-10-13T13:52:35.049+0000] {dag.py:3947} INFO - Setting next_dagrun for minio_to_snowflake to 2025-10-13 13:51:00+00:00, run_after=2025-10-13 13:52:00+00:00
[2025-10-13T13:52:35.068+0000] {processor.py:183} INFO - Processing /opt/airflow/dags/minio_to_snowflake.py took 0.842 seconds
[2025-10-13T13:53:05.357+0000] {processor.py:161} INFO - Started process (PID=78393) to work on /opt/airflow/dags/minio_to_snowflake.py
[2025-10-13T13:53:05.358+0000] {processor.py:830} INFO - Processing file /opt/airflow/dags/minio_to_snowflake.py for tasks to queue
[2025-10-13T13:53:05.361+0000] {logging_mixin.py:188} INFO - [2025-10-13T13:53:05.360+0000] {dagbag.py:545} INFO - Filling up the DagBag from /opt/airflow/dags/minio_to_snowflake.py
[2025-10-13T13:53:06.318+0000] {processor.py:840} INFO - DAG(s) 'minio_to_snowflake' retrieved from /opt/airflow/dags/minio_to_snowflake.py
[2025-10-13T13:53:06.345+0000] {logging_mixin.py:188} INFO - [2025-10-13T13:53:06.344+0000] {dag.py:3089} INFO - Sync 1 DAGs
[2025-10-13T13:53:06.369+0000] {logging_mixin.py:188} INFO - [2025-10-13T13:53:06.369+0000] {dag.py:3947} INFO - Setting next_dagrun for minio_to_snowflake to 2025-10-13 13:52:00+00:00, run_after=2025-10-13 13:53:00+00:00
[2025-10-13T13:53:06.387+0000] {processor.py:183} INFO - Processing /opt/airflow/dags/minio_to_snowflake.py took 1.036 seconds
[2025-10-13T13:53:36.761+0000] {processor.py:161} INFO - Started process (PID=78582) to work on /opt/airflow/dags/minio_to_snowflake.py
[2025-10-13T13:53:36.762+0000] {processor.py:830} INFO - Processing file /opt/airflow/dags/minio_to_snowflake.py for tasks to queue
[2025-10-13T13:53:36.766+0000] {logging_mixin.py:188} INFO - [2025-10-13T13:53:36.765+0000] {dagbag.py:545} INFO - Filling up the DagBag from /opt/airflow/dags/minio_to_snowflake.py
[2025-10-13T13:53:38.696+0000] {processor.py:840} INFO - DAG(s) 'minio_to_snowflake' retrieved from /opt/airflow/dags/minio_to_snowflake.py
[2025-10-13T13:53:38.747+0000] {logging_mixin.py:188} INFO - [2025-10-13T13:53:38.746+0000] {dag.py:3089} INFO - Sync 1 DAGs
[2025-10-13T13:53:38.788+0000] {logging_mixin.py:188} INFO - [2025-10-13T13:53:38.788+0000] {dag.py:3947} INFO - Setting next_dagrun for minio_to_snowflake to 2025-10-13 13:52:00+00:00, run_after=2025-10-13 13:53:00+00:00
[2025-10-13T13:53:38.816+0000] {processor.py:183} INFO - Processing /opt/airflow/dags/minio_to_snowflake.py took 2.063 seconds
[2025-10-13T13:54:09.206+0000] {processor.py:161} INFO - Started process (PID=80656) to work on /opt/airflow/dags/minio_to_snowflake.py
[2025-10-13T13:54:09.208+0000] {processor.py:830} INFO - Processing file /opt/airflow/dags/minio_to_snowflake.py for tasks to queue
[2025-10-13T13:54:09.215+0000] {logging_mixin.py:188} INFO - [2025-10-13T13:54:09.214+0000] {dagbag.py:545} INFO - Filling up the DagBag from /opt/airflow/dags/minio_to_snowflake.py
[2025-10-13T13:54:10.111+0000] {processor.py:840} INFO - DAG(s) 'minio_to_snowflake' retrieved from /opt/airflow/dags/minio_to_snowflake.py
[2025-10-13T13:54:10.139+0000] {logging_mixin.py:188} INFO - [2025-10-13T13:54:10.139+0000] {dag.py:3089} INFO - Sync 1 DAGs
[2025-10-13T13:54:10.175+0000] {logging_mixin.py:188} INFO - [2025-10-13T13:54:10.175+0000] {dag.py:3947} INFO - Setting next_dagrun for minio_to_snowflake to 2025-10-13 13:53:00+00:00, run_after=2025-10-13 13:54:00+00:00
[2025-10-13T13:54:10.194+0000] {processor.py:183} INFO - Processing /opt/airflow/dags/minio_to_snowflake.py took 0.998 seconds
[2025-10-13T13:54:40.400+0000] {processor.py:161} INFO - Started process (PID=80822) to work on /opt/airflow/dags/minio_to_snowflake.py
[2025-10-13T13:54:40.401+0000] {processor.py:830} INFO - Processing file /opt/airflow/dags/minio_to_snowflake.py for tasks to queue
[2025-10-13T13:54:40.404+0000] {logging_mixin.py:188} INFO - [2025-10-13T13:54:40.403+0000] {dagbag.py:545} INFO - Filling up the DagBag from /opt/airflow/dags/minio_to_snowflake.py
[2025-10-13T13:54:41.155+0000] {processor.py:840} INFO - DAG(s) 'minio_to_snowflake' retrieved from /opt/airflow/dags/minio_to_snowflake.py
[2025-10-13T13:54:41.180+0000] {logging_mixin.py:188} INFO - [2025-10-13T13:54:41.179+0000] {dag.py:3089} INFO - Sync 1 DAGs
[2025-10-13T13:54:41.201+0000] {logging_mixin.py:188} INFO - [2025-10-13T13:54:41.201+0000] {dag.py:3947} INFO - Setting next_dagrun for minio_to_snowflake to 2025-10-13 13:53:00+00:00, run_after=2025-10-13 13:54:00+00:00
[2025-10-13T13:54:41.220+0000] {processor.py:183} INFO - Processing /opt/airflow/dags/minio_to_snowflake.py took 0.827 seconds
[2025-10-13T13:55:11.446+0000] {processor.py:161} INFO - Started process (PID=80997) to work on /opt/airflow/dags/minio_to_snowflake.py
[2025-10-13T13:55:11.448+0000] {processor.py:830} INFO - Processing file /opt/airflow/dags/minio_to_snowflake.py for tasks to queue
[2025-10-13T13:55:11.450+0000] {logging_mixin.py:188} INFO - [2025-10-13T13:55:11.450+0000] {dagbag.py:545} INFO - Filling up the DagBag from /opt/airflow/dags/minio_to_snowflake.py
[2025-10-13T13:55:12.472+0000] {processor.py:840} INFO - DAG(s) 'minio_to_snowflake' retrieved from /opt/airflow/dags/minio_to_snowflake.py
[2025-10-13T13:55:12.501+0000] {logging_mixin.py:188} INFO - [2025-10-13T13:55:12.499+0000] {dag.py:3089} INFO - Sync 1 DAGs
[2025-10-13T13:55:12.532+0000] {logging_mixin.py:188} INFO - [2025-10-13T13:55:12.531+0000] {dag.py:3947} INFO - Setting next_dagrun for minio_to_snowflake to 2025-10-13 13:54:00+00:00, run_after=2025-10-13 13:55:00+00:00
[2025-10-13T13:55:12.548+0000] {processor.py:183} INFO - Processing /opt/airflow/dags/minio_to_snowflake.py took 1.108 seconds
[2025-10-13T13:55:42.668+0000] {processor.py:161} INFO - Started process (PID=81176) to work on /opt/airflow/dags/minio_to_snowflake.py
[2025-10-13T13:55:42.670+0000] {processor.py:830} INFO - Processing file /opt/airflow/dags/minio_to_snowflake.py for tasks to queue
[2025-10-13T13:55:42.672+0000] {logging_mixin.py:188} INFO - [2025-10-13T13:55:42.671+0000] {dagbag.py:545} INFO - Filling up the DagBag from /opt/airflow/dags/minio_to_snowflake.py
[2025-10-13T13:55:43.419+0000] {processor.py:840} INFO - DAG(s) 'minio_to_snowflake' retrieved from /opt/airflow/dags/minio_to_snowflake.py
[2025-10-13T13:55:43.443+0000] {logging_mixin.py:188} INFO - [2025-10-13T13:55:43.442+0000] {dag.py:3089} INFO - Sync 1 DAGs
[2025-10-13T13:55:43.474+0000] {logging_mixin.py:188} INFO - [2025-10-13T13:55:43.474+0000] {dag.py:3947} INFO - Setting next_dagrun for minio_to_snowflake to 2025-10-13 13:54:00+00:00, run_after=2025-10-13 13:55:00+00:00
[2025-10-13T13:55:43.501+0000] {processor.py:183} INFO - Processing /opt/airflow/dags/minio_to_snowflake.py took 0.840 seconds
[2025-10-13T13:56:13.718+0000] {processor.py:161} INFO - Started process (PID=81349) to work on /opt/airflow/dags/minio_to_snowflake.py
[2025-10-13T13:56:13.719+0000] {processor.py:830} INFO - Processing file /opt/airflow/dags/minio_to_snowflake.py for tasks to queue
[2025-10-13T13:56:13.721+0000] {logging_mixin.py:188} INFO - [2025-10-13T13:56:13.721+0000] {dagbag.py:545} INFO - Filling up the DagBag from /opt/airflow/dags/minio_to_snowflake.py
[2025-10-13T13:56:14.567+0000] {processor.py:840} INFO - DAG(s) 'minio_to_snowflake' retrieved from /opt/airflow/dags/minio_to_snowflake.py
[2025-10-13T13:56:14.591+0000] {logging_mixin.py:188} INFO - [2025-10-13T13:56:14.590+0000] {dag.py:3089} INFO - Sync 1 DAGs
[2025-10-13T13:56:14.613+0000] {logging_mixin.py:188} INFO - [2025-10-13T13:56:14.613+0000] {dag.py:3947} INFO - Setting next_dagrun for minio_to_snowflake to 2025-10-13 13:55:00+00:00, run_after=2025-10-13 13:56:00+00:00
[2025-10-13T13:56:14.634+0000] {processor.py:183} INFO - Processing /opt/airflow/dags/minio_to_snowflake.py took 0.922 seconds
[2025-10-13T13:56:44.931+0000] {processor.py:161} INFO - Started process (PID=81542) to work on /opt/airflow/dags/minio_to_snowflake.py
[2025-10-13T13:56:44.932+0000] {processor.py:830} INFO - Processing file /opt/airflow/dags/minio_to_snowflake.py for tasks to queue
[2025-10-13T13:56:44.934+0000] {logging_mixin.py:188} INFO - [2025-10-13T13:56:44.934+0000] {dagbag.py:545} INFO - Filling up the DagBag from /opt/airflow/dags/minio_to_snowflake.py
[2025-10-13T13:56:45.702+0000] {processor.py:840} INFO - DAG(s) 'minio_to_snowflake' retrieved from /opt/airflow/dags/minio_to_snowflake.py
[2025-10-13T13:56:45.726+0000] {logging_mixin.py:188} INFO - [2025-10-13T13:56:45.724+0000] {dag.py:3089} INFO - Sync 1 DAGs
[2025-10-13T13:56:45.751+0000] {logging_mixin.py:188} INFO - [2025-10-13T13:56:45.751+0000] {dag.py:3947} INFO - Setting next_dagrun for minio_to_snowflake to 2025-10-13 13:55:00+00:00, run_after=2025-10-13 13:56:00+00:00
[2025-10-13T13:56:45.775+0000] {processor.py:183} INFO - Processing /opt/airflow/dags/minio_to_snowflake.py took 0.852 seconds
[2025-10-13T13:57:16.101+0000] {processor.py:161} INFO - Started process (PID=83400) to work on /opt/airflow/dags/minio_to_snowflake.py
[2025-10-13T13:57:16.103+0000] {processor.py:830} INFO - Processing file /opt/airflow/dags/minio_to_snowflake.py for tasks to queue
[2025-10-13T13:57:16.105+0000] {logging_mixin.py:188} INFO - [2025-10-13T13:57:16.105+0000] {dagbag.py:545} INFO - Filling up the DagBag from /opt/airflow/dags/minio_to_snowflake.py
[2025-10-13T13:57:17.161+0000] {processor.py:840} INFO - DAG(s) 'minio_to_snowflake' retrieved from /opt/airflow/dags/minio_to_snowflake.py
[2025-10-13T13:57:17.190+0000] {logging_mixin.py:188} INFO - [2025-10-13T13:57:17.189+0000] {dag.py:3089} INFO - Sync 1 DAGs
[2025-10-13T13:57:17.214+0000] {logging_mixin.py:188} INFO - [2025-10-13T13:57:17.213+0000] {dag.py:3947} INFO - Setting next_dagrun for minio_to_snowflake to 2025-10-13 13:56:00+00:00, run_after=2025-10-13 13:57:00+00:00
[2025-10-13T13:57:17.231+0000] {processor.py:183} INFO - Processing /opt/airflow/dags/minio_to_snowflake.py took 1.139 seconds
[2025-10-13T13:57:47.289+0000] {processor.py:161} INFO - Started process (PID=83824) to work on /opt/airflow/dags/minio_to_snowflake.py
[2025-10-13T13:57:47.290+0000] {processor.py:830} INFO - Processing file /opt/airflow/dags/minio_to_snowflake.py for tasks to queue
[2025-10-13T13:57:47.292+0000] {logging_mixin.py:188} INFO - [2025-10-13T13:57:47.291+0000] {dagbag.py:545} INFO - Filling up the DagBag from /opt/airflow/dags/minio_to_snowflake.py
[2025-10-13T13:57:48.747+0000] {processor.py:840} INFO - DAG(s) 'minio_to_snowflake' retrieved from /opt/airflow/dags/minio_to_snowflake.py
[2025-10-13T13:57:48.771+0000] {logging_mixin.py:188} INFO - [2025-10-13T13:57:48.770+0000] {dag.py:3089} INFO - Sync 1 DAGs
[2025-10-13T13:57:48.794+0000] {logging_mixin.py:188} INFO - [2025-10-13T13:57:48.794+0000] {dag.py:3947} INFO - Setting next_dagrun for minio_to_snowflake to 2025-10-13 13:56:00+00:00, run_after=2025-10-13 13:57:00+00:00
[2025-10-13T13:57:48.812+0000] {processor.py:183} INFO - Processing /opt/airflow/dags/minio_to_snowflake.py took 1.529 seconds
[2025-10-13T13:58:19.126+0000] {processor.py:161} INFO - Started process (PID=84004) to work on /opt/airflow/dags/minio_to_snowflake.py
[2025-10-13T13:58:19.127+0000] {processor.py:830} INFO - Processing file /opt/airflow/dags/minio_to_snowflake.py for tasks to queue
[2025-10-13T13:58:19.130+0000] {logging_mixin.py:188} INFO - [2025-10-13T13:58:19.129+0000] {dagbag.py:545} INFO - Filling up the DagBag from /opt/airflow/dags/minio_to_snowflake.py
[2025-10-13T13:58:19.923+0000] {processor.py:840} INFO - DAG(s) 'minio_to_snowflake' retrieved from /opt/airflow/dags/minio_to_snowflake.py
[2025-10-13T13:58:19.947+0000] {logging_mixin.py:188} INFO - [2025-10-13T13:58:19.947+0000] {dag.py:3089} INFO - Sync 1 DAGs
[2025-10-13T13:58:19.970+0000] {logging_mixin.py:188} INFO - [2025-10-13T13:58:19.970+0000] {dag.py:3947} INFO - Setting next_dagrun for minio_to_snowflake to 2025-10-13 13:57:00+00:00, run_after=2025-10-13 13:58:00+00:00
[2025-10-13T13:58:19.988+0000] {processor.py:183} INFO - Processing /opt/airflow/dags/minio_to_snowflake.py took 0.870 seconds
[2025-10-13T13:58:50.228+0000] {processor.py:161} INFO - Started process (PID=84197) to work on /opt/airflow/dags/minio_to_snowflake.py
[2025-10-13T13:58:50.229+0000] {processor.py:830} INFO - Processing file /opt/airflow/dags/minio_to_snowflake.py for tasks to queue
[2025-10-13T13:58:50.231+0000] {logging_mixin.py:188} INFO - [2025-10-13T13:58:50.231+0000] {dagbag.py:545} INFO - Filling up the DagBag from /opt/airflow/dags/minio_to_snowflake.py
[2025-10-13T13:58:50.966+0000] {processor.py:840} INFO - DAG(s) 'minio_to_snowflake' retrieved from /opt/airflow/dags/minio_to_snowflake.py
[2025-10-13T13:58:50.994+0000] {logging_mixin.py:188} INFO - [2025-10-13T13:58:50.994+0000] {dag.py:3089} INFO - Sync 1 DAGs
[2025-10-13T13:58:51.021+0000] {logging_mixin.py:188} INFO - [2025-10-13T13:58:51.021+0000] {dag.py:3947} INFO - Setting next_dagrun for minio_to_snowflake to 2025-10-13 13:57:00+00:00, run_after=2025-10-13 13:58:00+00:00
[2025-10-13T13:58:51.045+0000] {processor.py:183} INFO - Processing /opt/airflow/dags/minio_to_snowflake.py took 0.825 seconds
[2025-10-13T13:59:21.366+0000] {processor.py:161} INFO - Started process (PID=84377) to work on /opt/airflow/dags/minio_to_snowflake.py
[2025-10-13T13:59:21.367+0000] {processor.py:830} INFO - Processing file /opt/airflow/dags/minio_to_snowflake.py for tasks to queue
[2025-10-13T13:59:21.370+0000] {logging_mixin.py:188} INFO - [2025-10-13T13:59:21.370+0000] {dagbag.py:545} INFO - Filling up the DagBag from /opt/airflow/dags/minio_to_snowflake.py
[2025-10-13T13:59:22.095+0000] {processor.py:840} INFO - DAG(s) 'minio_to_snowflake' retrieved from /opt/airflow/dags/minio_to_snowflake.py
[2025-10-13T13:59:22.120+0000] {logging_mixin.py:188} INFO - [2025-10-13T13:59:22.118+0000] {dag.py:3089} INFO - Sync 1 DAGs
[2025-10-13T13:59:22.141+0000] {logging_mixin.py:188} INFO - [2025-10-13T13:59:22.141+0000] {dag.py:3947} INFO - Setting next_dagrun for minio_to_snowflake to 2025-10-13 13:58:00+00:00, run_after=2025-10-13 13:59:00+00:00
[2025-10-13T13:59:22.161+0000] {processor.py:183} INFO - Processing /opt/airflow/dags/minio_to_snowflake.py took 0.802 seconds
[2025-10-13T13:59:52.418+0000] {processor.py:161} INFO - Started process (PID=84569) to work on /opt/airflow/dags/minio_to_snowflake.py
[2025-10-13T13:59:52.419+0000] {processor.py:830} INFO - Processing file /opt/airflow/dags/minio_to_snowflake.py for tasks to queue
[2025-10-13T13:59:52.422+0000] {logging_mixin.py:188} INFO - [2025-10-13T13:59:52.421+0000] {dagbag.py:545} INFO - Filling up the DagBag from /opt/airflow/dags/minio_to_snowflake.py
[2025-10-13T13:59:53.152+0000] {processor.py:840} INFO - DAG(s) 'minio_to_snowflake' retrieved from /opt/airflow/dags/minio_to_snowflake.py
[2025-10-13T13:59:53.180+0000] {logging_mixin.py:188} INFO - [2025-10-13T13:59:53.179+0000] {dag.py:3089} INFO - Sync 1 DAGs
[2025-10-13T13:59:53.202+0000] {logging_mixin.py:188} INFO - [2025-10-13T13:59:53.202+0000] {dag.py:3947} INFO - Setting next_dagrun for minio_to_snowflake to 2025-10-13 13:58:00+00:00, run_after=2025-10-13 13:59:00+00:00
[2025-10-13T13:59:53.224+0000] {processor.py:183} INFO - Processing /opt/airflow/dags/minio_to_snowflake.py took 0.813 seconds
[2025-10-13T14:00:23.433+0000] {processor.py:161} INFO - Started process (PID=86051) to work on /opt/airflow/dags/minio_to_snowflake.py
[2025-10-13T14:00:23.435+0000] {processor.py:830} INFO - Processing file /opt/airflow/dags/minio_to_snowflake.py for tasks to queue
[2025-10-13T14:00:23.437+0000] {logging_mixin.py:188} INFO - [2025-10-13T14:00:23.437+0000] {dagbag.py:545} INFO - Filling up the DagBag from /opt/airflow/dags/minio_to_snowflake.py
[2025-10-13T14:00:24.352+0000] {processor.py:840} INFO - DAG(s) 'minio_to_snowflake' retrieved from /opt/airflow/dags/minio_to_snowflake.py
[2025-10-13T14:00:24.379+0000] {logging_mixin.py:188} INFO - [2025-10-13T14:00:24.378+0000] {dag.py:3089} INFO - Sync 1 DAGs
[2025-10-13T14:00:24.404+0000] {logging_mixin.py:188} INFO - [2025-10-13T14:00:24.404+0000] {dag.py:3947} INFO - Setting next_dagrun for minio_to_snowflake to 2025-10-13 13:59:00+00:00, run_after=2025-10-13 14:00:00+00:00
[2025-10-13T14:00:24.423+0000] {processor.py:183} INFO - Processing /opt/airflow/dags/minio_to_snowflake.py took 0.997 seconds
[2025-10-13T14:00:54.622+0000] {processor.py:161} INFO - Started process (PID=86835) to work on /opt/airflow/dags/minio_to_snowflake.py
[2025-10-13T14:00:54.623+0000] {processor.py:830} INFO - Processing file /opt/airflow/dags/minio_to_snowflake.py for tasks to queue
[2025-10-13T14:00:54.625+0000] {logging_mixin.py:188} INFO - [2025-10-13T14:00:54.625+0000] {dagbag.py:545} INFO - Filling up the DagBag from /opt/airflow/dags/minio_to_snowflake.py
[2025-10-13T14:00:55.344+0000] {processor.py:840} INFO - DAG(s) 'minio_to_snowflake' retrieved from /opt/airflow/dags/minio_to_snowflake.py
[2025-10-13T14:00:55.369+0000] {logging_mixin.py:188} INFO - [2025-10-13T14:00:55.369+0000] {dag.py:3089} INFO - Sync 1 DAGs
[2025-10-13T14:00:55.393+0000] {logging_mixin.py:188} INFO - [2025-10-13T14:00:55.393+0000] {dag.py:3947} INFO - Setting next_dagrun for minio_to_snowflake to 2025-10-13 13:59:00+00:00, run_after=2025-10-13 14:00:00+00:00
[2025-10-13T14:00:55.414+0000] {processor.py:183} INFO - Processing /opt/airflow/dags/minio_to_snowflake.py took 0.798 seconds
[2025-10-13T14:01:25.782+0000] {processor.py:161} INFO - Started process (PID=86988) to work on /opt/airflow/dags/minio_to_snowflake.py
[2025-10-13T14:01:25.783+0000] {processor.py:830} INFO - Processing file /opt/airflow/dags/minio_to_snowflake.py for tasks to queue
[2025-10-13T14:01:25.786+0000] {logging_mixin.py:188} INFO - [2025-10-13T14:01:25.785+0000] {dagbag.py:545} INFO - Filling up the DagBag from /opt/airflow/dags/minio_to_snowflake.py
[2025-10-13T14:01:27.449+0000] {processor.py:840} INFO - DAG(s) 'minio_to_snowflake' retrieved from /opt/airflow/dags/minio_to_snowflake.py
[2025-10-13T14:01:27.475+0000] {logging_mixin.py:188} INFO - [2025-10-13T14:01:27.474+0000] {dag.py:3089} INFO - Sync 1 DAGs
[2025-10-13T14:01:27.499+0000] {logging_mixin.py:188} INFO - [2025-10-13T14:01:27.499+0000] {dag.py:3947} INFO - Setting next_dagrun for minio_to_snowflake to 2025-10-13 14:00:00+00:00, run_after=2025-10-13 14:01:00+00:00
[2025-10-13T14:01:27.521+0000] {processor.py:183} INFO - Processing /opt/airflow/dags/minio_to_snowflake.py took 1.746 seconds
[2025-10-13T14:01:57.853+0000] {processor.py:161} INFO - Started process (PID=87181) to work on /opt/airflow/dags/minio_to_snowflake.py
[2025-10-13T14:01:57.856+0000] {processor.py:830} INFO - Processing file /opt/airflow/dags/minio_to_snowflake.py for tasks to queue
[2025-10-13T14:01:57.865+0000] {logging_mixin.py:188} INFO - [2025-10-13T14:01:57.864+0000] {dagbag.py:545} INFO - Filling up the DagBag from /opt/airflow/dags/minio_to_snowflake.py
[2025-10-13T14:01:58.971+0000] {processor.py:840} INFO - DAG(s) 'minio_to_snowflake' retrieved from /opt/airflow/dags/minio_to_snowflake.py
[2025-10-13T14:01:58.996+0000] {logging_mixin.py:188} INFO - [2025-10-13T14:01:58.995+0000] {dag.py:3089} INFO - Sync 1 DAGs
[2025-10-13T14:01:59.026+0000] {logging_mixin.py:188} INFO - [2025-10-13T14:01:59.026+0000] {dag.py:3947} INFO - Setting next_dagrun for minio_to_snowflake to 2025-10-13 14:00:00+00:00, run_after=2025-10-13 14:01:00+00:00
[2025-10-13T14:01:59.049+0000] {processor.py:183} INFO - Processing /opt/airflow/dags/minio_to_snowflake.py took 1.205 seconds
[2025-10-13T14:02:29.152+0000] {processor.py:161} INFO - Started process (PID=87351) to work on /opt/airflow/dags/minio_to_snowflake.py
[2025-10-13T14:02:29.154+0000] {processor.py:830} INFO - Processing file /opt/airflow/dags/minio_to_snowflake.py for tasks to queue
[2025-10-13T14:02:29.156+0000] {logging_mixin.py:188} INFO - [2025-10-13T14:02:29.156+0000] {dagbag.py:545} INFO - Filling up the DagBag from /opt/airflow/dags/minio_to_snowflake.py
[2025-10-13T14:02:29.933+0000] {processor.py:840} INFO - DAG(s) 'minio_to_snowflake' retrieved from /opt/airflow/dags/minio_to_snowflake.py
[2025-10-13T14:02:29.965+0000] {logging_mixin.py:188} INFO - [2025-10-13T14:02:29.963+0000] {dag.py:3089} INFO - Sync 1 DAGs
[2025-10-13T14:02:29.998+0000] {logging_mixin.py:188} INFO - [2025-10-13T14:02:29.998+0000] {dag.py:3947} INFO - Setting next_dagrun for minio_to_snowflake to 2025-10-13 14:01:00+00:00, run_after=2025-10-13 14:02:00+00:00
[2025-10-13T14:02:30.015+0000] {processor.py:183} INFO - Processing /opt/airflow/dags/minio_to_snowflake.py took 0.870 seconds
[2025-10-13T14:03:00.419+0000] {processor.py:161} INFO - Started process (PID=87524) to work on /opt/airflow/dags/minio_to_snowflake.py
[2025-10-13T14:03:00.420+0000] {processor.py:830} INFO - Processing file /opt/airflow/dags/minio_to_snowflake.py for tasks to queue
[2025-10-13T14:03:00.423+0000] {logging_mixin.py:188} INFO - [2025-10-13T14:03:00.422+0000] {dagbag.py:545} INFO - Filling up the DagBag from /opt/airflow/dags/minio_to_snowflake.py
[2025-10-13T14:03:01.195+0000] {processor.py:840} INFO - DAG(s) 'minio_to_snowflake' retrieved from /opt/airflow/dags/minio_to_snowflake.py
[2025-10-13T14:03:01.226+0000] {logging_mixin.py:188} INFO - [2025-10-13T14:03:01.224+0000] {dag.py:3089} INFO - Sync 1 DAGs
[2025-10-13T14:03:01.251+0000] {logging_mixin.py:188} INFO - [2025-10-13T14:03:01.251+0000] {dag.py:3947} INFO - Setting next_dagrun for minio_to_snowflake to 2025-10-13 14:02:00+00:00, run_after=2025-10-13 14:03:00+00:00
[2025-10-13T14:03:01.276+0000] {processor.py:183} INFO - Processing /opt/airflow/dags/minio_to_snowflake.py took 0.864 seconds
[2025-10-13T14:03:31.522+0000] {processor.py:161} INFO - Started process (PID=87705) to work on /opt/airflow/dags/minio_to_snowflake.py
[2025-10-13T14:03:31.523+0000] {processor.py:830} INFO - Processing file /opt/airflow/dags/minio_to_snowflake.py for tasks to queue
[2025-10-13T14:03:31.527+0000] {logging_mixin.py:188} INFO - [2025-10-13T14:03:31.525+0000] {dagbag.py:545} INFO - Filling up the DagBag from /opt/airflow/dags/minio_to_snowflake.py
[2025-10-13T14:03:32.424+0000] {processor.py:840} INFO - DAG(s) 'minio_to_snowflake' retrieved from /opt/airflow/dags/minio_to_snowflake.py
[2025-10-13T14:03:32.451+0000] {logging_mixin.py:188} INFO - [2025-10-13T14:03:32.450+0000] {dag.py:3089} INFO - Sync 1 DAGs
[2025-10-13T14:03:32.479+0000] {logging_mixin.py:188} INFO - [2025-10-13T14:03:32.478+0000] {dag.py:3947} INFO - Setting next_dagrun for minio_to_snowflake to 2025-10-13 14:02:00+00:00, run_after=2025-10-13 14:03:00+00:00
[2025-10-13T14:03:32.495+0000] {processor.py:183} INFO - Processing /opt/airflow/dags/minio_to_snowflake.py took 0.981 seconds
[2025-10-13T14:04:02.753+0000] {processor.py:161} INFO - Started process (PID=89777) to work on /opt/airflow/dags/minio_to_snowflake.py
[2025-10-13T14:04:02.755+0000] {processor.py:830} INFO - Processing file /opt/airflow/dags/minio_to_snowflake.py for tasks to queue
[2025-10-13T14:04:02.757+0000] {logging_mixin.py:188} INFO - [2025-10-13T14:04:02.756+0000] {dagbag.py:545} INFO - Filling up the DagBag from /opt/airflow/dags/minio_to_snowflake.py
[2025-10-13T14:04:03.476+0000] {processor.py:840} INFO - DAG(s) 'minio_to_snowflake' retrieved from /opt/airflow/dags/minio_to_snowflake.py
[2025-10-13T14:04:03.504+0000] {logging_mixin.py:188} INFO - [2025-10-13T14:04:03.504+0000] {dag.py:3089} INFO - Sync 1 DAGs
[2025-10-13T14:04:03.527+0000] {logging_mixin.py:188} INFO - [2025-10-13T14:04:03.527+0000] {dag.py:3947} INFO - Setting next_dagrun for minio_to_snowflake to 2025-10-13 14:03:00+00:00, run_after=2025-10-13 14:04:00+00:00
[2025-10-13T14:04:03.548+0000] {processor.py:183} INFO - Processing /opt/airflow/dags/minio_to_snowflake.py took 0.801 seconds
[2025-10-13T14:04:33.769+0000] {processor.py:161} INFO - Started process (PID=89956) to work on /opt/airflow/dags/minio_to_snowflake.py
[2025-10-13T14:04:33.770+0000] {processor.py:830} INFO - Processing file /opt/airflow/dags/minio_to_snowflake.py for tasks to queue
[2025-10-13T14:04:33.773+0000] {logging_mixin.py:188} INFO - [2025-10-13T14:04:33.772+0000] {dagbag.py:545} INFO - Filling up the DagBag from /opt/airflow/dags/minio_to_snowflake.py
[2025-10-13T14:04:34.716+0000] {processor.py:840} INFO - DAG(s) 'minio_to_snowflake' retrieved from /opt/airflow/dags/minio_to_snowflake.py
[2025-10-13T14:04:34.762+0000] {logging_mixin.py:188} INFO - [2025-10-13T14:04:34.762+0000] {dag.py:3089} INFO - Sync 1 DAGs
[2025-10-13T14:04:34.805+0000] {logging_mixin.py:188} INFO - [2025-10-13T14:04:34.805+0000] {dag.py:3947} INFO - Setting next_dagrun for minio_to_snowflake to 2025-10-13 14:03:00+00:00, run_after=2025-10-13 14:04:00+00:00
[2025-10-13T14:04:34.850+0000] {processor.py:183} INFO - Processing /opt/airflow/dags/minio_to_snowflake.py took 1.087 seconds
[2025-10-13T14:05:04.976+0000] {processor.py:161} INFO - Started process (PID=90147) to work on /opt/airflow/dags/minio_to_snowflake.py
[2025-10-13T14:05:04.977+0000] {processor.py:830} INFO - Processing file /opt/airflow/dags/minio_to_snowflake.py for tasks to queue
[2025-10-13T14:05:04.980+0000] {logging_mixin.py:188} INFO - [2025-10-13T14:05:04.979+0000] {dagbag.py:545} INFO - Filling up the DagBag from /opt/airflow/dags/minio_to_snowflake.py
[2025-10-13T14:05:05.760+0000] {processor.py:840} INFO - DAG(s) 'minio_to_snowflake' retrieved from /opt/airflow/dags/minio_to_snowflake.py
[2025-10-13T14:05:05.784+0000] {logging_mixin.py:188} INFO - [2025-10-13T14:05:05.783+0000] {dag.py:3089} INFO - Sync 1 DAGs
[2025-10-13T14:05:05.808+0000] {logging_mixin.py:188} INFO - [2025-10-13T14:05:05.808+0000] {dag.py:3947} INFO - Setting next_dagrun for minio_to_snowflake to 2025-10-13 14:04:00+00:00, run_after=2025-10-13 14:05:00+00:00
[2025-10-13T14:05:05.831+0000] {processor.py:183} INFO - Processing /opt/airflow/dags/minio_to_snowflake.py took 0.864 seconds
[2025-10-13T14:05:36.177+0000] {processor.py:161} INFO - Started process (PID=90308) to work on /opt/airflow/dags/minio_to_snowflake.py
[2025-10-13T14:05:36.178+0000] {processor.py:830} INFO - Processing file /opt/airflow/dags/minio_to_snowflake.py for tasks to queue
[2025-10-13T14:05:36.180+0000] {logging_mixin.py:188} INFO - [2025-10-13T14:05:36.180+0000] {dagbag.py:545} INFO - Filling up the DagBag from /opt/airflow/dags/minio_to_snowflake.py
[2025-10-13T14:05:37.286+0000] {processor.py:840} INFO - DAG(s) 'minio_to_snowflake' retrieved from /opt/airflow/dags/minio_to_snowflake.py
[2025-10-13T14:05:37.314+0000] {logging_mixin.py:188} INFO - [2025-10-13T14:05:37.313+0000] {dag.py:3089} INFO - Sync 1 DAGs
[2025-10-13T14:05:37.340+0000] {logging_mixin.py:188} INFO - [2025-10-13T14:05:37.340+0000] {dag.py:3947} INFO - Setting next_dagrun for minio_to_snowflake to 2025-10-13 14:04:00+00:00, run_after=2025-10-13 14:05:00+00:00
[2025-10-13T14:05:37.366+0000] {processor.py:183} INFO - Processing /opt/airflow/dags/minio_to_snowflake.py took 1.196 seconds
[2025-10-13T14:06:07.597+0000] {processor.py:161} INFO - Started process (PID=90500) to work on /opt/airflow/dags/minio_to_snowflake.py
[2025-10-13T14:06:07.598+0000] {processor.py:830} INFO - Processing file /opt/airflow/dags/minio_to_snowflake.py for tasks to queue
[2025-10-13T14:06:07.600+0000] {logging_mixin.py:188} INFO - [2025-10-13T14:06:07.599+0000] {dagbag.py:545} INFO - Filling up the DagBag from /opt/airflow/dags/minio_to_snowflake.py
[2025-10-13T14:06:08.975+0000] {processor.py:840} INFO - DAG(s) 'minio_to_snowflake' retrieved from /opt/airflow/dags/minio_to_snowflake.py
[2025-10-13T14:06:09.021+0000] {logging_mixin.py:188} INFO - [2025-10-13T14:06:09.019+0000] {dag.py:3089} INFO - Sync 1 DAGs
[2025-10-13T14:06:09.065+0000] {logging_mixin.py:188} INFO - [2025-10-13T14:06:09.064+0000] {dag.py:3947} INFO - Setting next_dagrun for minio_to_snowflake to 2025-10-13 14:05:00+00:00, run_after=2025-10-13 14:06:00+00:00
[2025-10-13T14:06:09.096+0000] {processor.py:183} INFO - Processing /opt/airflow/dags/minio_to_snowflake.py took 1.506 seconds
[2025-10-13T14:06:39.353+0000] {processor.py:161} INFO - Started process (PID=90689) to work on /opt/airflow/dags/minio_to_snowflake.py
[2025-10-13T14:06:39.355+0000] {processor.py:830} INFO - Processing file /opt/airflow/dags/minio_to_snowflake.py for tasks to queue
[2025-10-13T14:06:39.361+0000] {logging_mixin.py:188} INFO - [2025-10-13T14:06:39.360+0000] {dagbag.py:545} INFO - Filling up the DagBag from /opt/airflow/dags/minio_to_snowflake.py
[2025-10-13T14:06:40.148+0000] {processor.py:840} INFO - DAG(s) 'minio_to_snowflake' retrieved from /opt/airflow/dags/minio_to_snowflake.py
[2025-10-13T14:06:40.170+0000] {logging_mixin.py:188} INFO - [2025-10-13T14:06:40.169+0000] {dag.py:3089} INFO - Sync 1 DAGs
[2025-10-13T14:06:40.191+0000] {logging_mixin.py:188} INFO - [2025-10-13T14:06:40.190+0000] {dag.py:3947} INFO - Setting next_dagrun for minio_to_snowflake to 2025-10-13 14:05:00+00:00, run_after=2025-10-13 14:06:00+00:00
[2025-10-13T14:06:40.208+0000] {processor.py:183} INFO - Processing /opt/airflow/dags/minio_to_snowflake.py took 0.862 seconds
[2025-10-13T14:07:10.544+0000] {processor.py:161} INFO - Started process (PID=92786) to work on /opt/airflow/dags/minio_to_snowflake.py
[2025-10-13T14:07:10.545+0000] {processor.py:830} INFO - Processing file /opt/airflow/dags/minio_to_snowflake.py for tasks to queue
[2025-10-13T14:07:10.547+0000] {logging_mixin.py:188} INFO - [2025-10-13T14:07:10.547+0000] {dagbag.py:545} INFO - Filling up the DagBag from /opt/airflow/dags/minio_to_snowflake.py
[2025-10-13T14:07:11.394+0000] {processor.py:840} INFO - DAG(s) 'minio_to_snowflake' retrieved from /opt/airflow/dags/minio_to_snowflake.py
[2025-10-13T14:07:11.417+0000] {logging_mixin.py:188} INFO - [2025-10-13T14:07:11.416+0000] {dag.py:3089} INFO - Sync 1 DAGs
[2025-10-13T14:07:11.447+0000] {logging_mixin.py:188} INFO - [2025-10-13T14:07:11.447+0000] {dag.py:3947} INFO - Setting next_dagrun for minio_to_snowflake to 2025-10-13 14:06:00+00:00, run_after=2025-10-13 14:07:00+00:00
[2025-10-13T14:07:11.468+0000] {processor.py:183} INFO - Processing /opt/airflow/dags/minio_to_snowflake.py took 0.932 seconds
[2025-10-13T14:07:41.868+0000] {processor.py:161} INFO - Started process (PID=92969) to work on /opt/airflow/dags/minio_to_snowflake.py
[2025-10-13T14:07:41.870+0000] {processor.py:830} INFO - Processing file /opt/airflow/dags/minio_to_snowflake.py for tasks to queue
[2025-10-13T14:07:41.872+0000] {logging_mixin.py:188} INFO - [2025-10-13T14:07:41.871+0000] {dagbag.py:545} INFO - Filling up the DagBag from /opt/airflow/dags/minio_to_snowflake.py
[2025-10-13T14:07:42.587+0000] {processor.py:840} INFO - DAG(s) 'minio_to_snowflake' retrieved from /opt/airflow/dags/minio_to_snowflake.py
[2025-10-13T14:07:42.612+0000] {logging_mixin.py:188} INFO - [2025-10-13T14:07:42.611+0000] {dag.py:3089} INFO - Sync 1 DAGs
[2025-10-13T14:07:42.633+0000] {logging_mixin.py:188} INFO - [2025-10-13T14:07:42.633+0000] {dag.py:3947} INFO - Setting next_dagrun for minio_to_snowflake to 2025-10-13 14:06:00+00:00, run_after=2025-10-13 14:07:00+00:00
[2025-10-13T14:07:42.651+0000] {processor.py:183} INFO - Processing /opt/airflow/dags/minio_to_snowflake.py took 0.789 seconds
[2025-10-13T14:08:12.877+0000] {processor.py:161} INFO - Started process (PID=93159) to work on /opt/airflow/dags/minio_to_snowflake.py
[2025-10-13T14:08:12.878+0000] {processor.py:830} INFO - Processing file /opt/airflow/dags/minio_to_snowflake.py for tasks to queue
[2025-10-13T14:08:12.880+0000] {logging_mixin.py:188} INFO - [2025-10-13T14:08:12.880+0000] {dagbag.py:545} INFO - Filling up the DagBag from /opt/airflow/dags/minio_to_snowflake.py
[2025-10-13T14:08:13.637+0000] {processor.py:840} INFO - DAG(s) 'minio_to_snowflake' retrieved from /opt/airflow/dags/minio_to_snowflake.py
[2025-10-13T14:08:13.662+0000] {logging_mixin.py:188} INFO - [2025-10-13T14:08:13.661+0000] {dag.py:3089} INFO - Sync 1 DAGs
[2025-10-13T14:08:13.685+0000] {logging_mixin.py:188} INFO - [2025-10-13T14:08:13.685+0000] {dag.py:3947} INFO - Setting next_dagrun for minio_to_snowflake to 2025-10-13 14:07:00+00:00, run_after=2025-10-13 14:08:00+00:00
[2025-10-13T14:08:13.705+0000] {processor.py:183} INFO - Processing /opt/airflow/dags/minio_to_snowflake.py took 0.834 seconds
[2025-10-13T14:08:44.021+0000] {processor.py:161} INFO - Started process (PID=93339) to work on /opt/airflow/dags/minio_to_snowflake.py
[2025-10-13T14:08:44.022+0000] {processor.py:830} INFO - Processing file /opt/airflow/dags/minio_to_snowflake.py for tasks to queue
[2025-10-13T14:08:44.024+0000] {logging_mixin.py:188} INFO - [2025-10-13T14:08:44.024+0000] {dagbag.py:545} INFO - Filling up the DagBag from /opt/airflow/dags/minio_to_snowflake.py
[2025-10-13T14:08:44.772+0000] {processor.py:840} INFO - DAG(s) 'minio_to_snowflake' retrieved from /opt/airflow/dags/minio_to_snowflake.py
[2025-10-13T14:08:44.797+0000] {logging_mixin.py:188} INFO - [2025-10-13T14:08:44.796+0000] {dag.py:3089} INFO - Sync 1 DAGs
[2025-10-13T14:08:44.819+0000] {logging_mixin.py:188} INFO - [2025-10-13T14:08:44.819+0000] {dag.py:3947} INFO - Setting next_dagrun for minio_to_snowflake to 2025-10-13 14:07:00+00:00, run_after=2025-10-13 14:08:00+00:00
[2025-10-13T14:08:44.839+0000] {processor.py:183} INFO - Processing /opt/airflow/dags/minio_to_snowflake.py took 0.825 seconds
[2025-10-13T14:09:15.024+0000] {processor.py:161} INFO - Started process (PID=93520) to work on /opt/airflow/dags/minio_to_snowflake.py
[2025-10-13T14:09:15.025+0000] {processor.py:830} INFO - Processing file /opt/airflow/dags/minio_to_snowflake.py for tasks to queue
[2025-10-13T14:09:15.027+0000] {logging_mixin.py:188} INFO - [2025-10-13T14:09:15.027+0000] {dagbag.py:545} INFO - Filling up the DagBag from /opt/airflow/dags/minio_to_snowflake.py
[2025-10-13T14:09:15.929+0000] {processor.py:840} INFO - DAG(s) 'minio_to_snowflake' retrieved from /opt/airflow/dags/minio_to_snowflake.py
[2025-10-13T14:09:15.959+0000] {logging_mixin.py:188} INFO - [2025-10-13T14:09:15.958+0000] {dag.py:3089} INFO - Sync 1 DAGs
[2025-10-13T14:09:16.001+0000] {logging_mixin.py:188} INFO - [2025-10-13T14:09:16.001+0000] {dag.py:3947} INFO - Setting next_dagrun for minio_to_snowflake to 2025-10-13 14:08:00+00:00, run_after=2025-10-13 14:09:00+00:00
[2025-10-13T14:09:16.024+0000] {processor.py:183} INFO - Processing /opt/airflow/dags/minio_to_snowflake.py took 1.007 seconds
[2025-10-13T14:09:46.590+0000] {processor.py:161} INFO - Started process (PID=93717) to work on /opt/airflow/dags/minio_to_snowflake.py
[2025-10-13T14:09:46.592+0000] {processor.py:830} INFO - Processing file /opt/airflow/dags/minio_to_snowflake.py for tasks to queue
[2025-10-13T14:09:46.596+0000] {logging_mixin.py:188} INFO - [2025-10-13T14:09:46.594+0000] {dagbag.py:545} INFO - Filling up the DagBag from /opt/airflow/dags/minio_to_snowflake.py
[2025-10-13T14:09:47.458+0000] {processor.py:840} INFO - DAG(s) 'minio_to_snowflake' retrieved from /opt/airflow/dags/minio_to_snowflake.py
[2025-10-13T14:09:47.489+0000] {logging_mixin.py:188} INFO - [2025-10-13T14:09:47.488+0000] {dag.py:3089} INFO - Sync 1 DAGs
[2025-10-13T14:09:47.512+0000] {logging_mixin.py:188} INFO - [2025-10-13T14:09:47.512+0000] {dag.py:3947} INFO - Setting next_dagrun for minio_to_snowflake to 2025-10-13 14:08:00+00:00, run_after=2025-10-13 14:09:00+00:00
[2025-10-13T14:09:47.530+0000] {processor.py:183} INFO - Processing /opt/airflow/dags/minio_to_snowflake.py took 0.960 seconds
[2025-10-13T14:10:17.813+0000] {processor.py:161} INFO - Started process (PID=94978) to work on /opt/airflow/dags/minio_to_snowflake.py
[2025-10-13T14:10:17.817+0000] {processor.py:830} INFO - Processing file /opt/airflow/dags/minio_to_snowflake.py for tasks to queue
[2025-10-13T14:10:17.821+0000] {logging_mixin.py:188} INFO - [2025-10-13T14:10:17.820+0000] {dagbag.py:545} INFO - Filling up the DagBag from /opt/airflow/dags/minio_to_snowflake.py
[2025-10-13T14:10:19.689+0000] {processor.py:840} INFO - DAG(s) 'minio_to_snowflake' retrieved from /opt/airflow/dags/minio_to_snowflake.py
[2025-10-13T14:10:19.734+0000] {logging_mixin.py:188} INFO - [2025-10-13T14:10:19.733+0000] {dag.py:3089} INFO - Sync 1 DAGs
[2025-10-13T14:10:19.777+0000] {logging_mixin.py:188} INFO - [2025-10-13T14:10:19.777+0000] {dag.py:3947} INFO - Setting next_dagrun for minio_to_snowflake to 2025-10-13 14:09:00+00:00, run_after=2025-10-13 14:10:00+00:00
[2025-10-13T14:10:19.808+0000] {processor.py:183} INFO - Processing /opt/airflow/dags/minio_to_snowflake.py took 2.005 seconds
[2025-10-13T14:10:50.459+0000] {processor.py:161} INFO - Started process (PID=95959) to work on /opt/airflow/dags/minio_to_snowflake.py
[2025-10-13T14:10:50.484+0000] {processor.py:830} INFO - Processing file /opt/airflow/dags/minio_to_snowflake.py for tasks to queue
[2025-10-13T14:10:50.489+0000] {logging_mixin.py:188} INFO - [2025-10-13T14:10:50.488+0000] {dagbag.py:545} INFO - Filling up the DagBag from /opt/airflow/dags/minio_to_snowflake.py
[2025-10-13T14:10:51.291+0000] {processor.py:840} INFO - DAG(s) 'minio_to_snowflake' retrieved from /opt/airflow/dags/minio_to_snowflake.py
[2025-10-13T14:10:51.314+0000] {logging_mixin.py:188} INFO - [2025-10-13T14:10:51.314+0000] {dag.py:3089} INFO - Sync 1 DAGs
[2025-10-13T14:10:51.336+0000] {logging_mixin.py:188} INFO - [2025-10-13T14:10:51.336+0000] {dag.py:3947} INFO - Setting next_dagrun for minio_to_snowflake to 2025-10-13 14:09:00+00:00, run_after=2025-10-13 14:10:00+00:00
[2025-10-13T14:10:51.357+0000] {processor.py:183} INFO - Processing /opt/airflow/dags/minio_to_snowflake.py took 0.908 seconds
[2025-10-13T14:11:21.670+0000] {processor.py:161} INFO - Started process (PID=96143) to work on /opt/airflow/dags/minio_to_snowflake.py
[2025-10-13T14:11:21.672+0000] {processor.py:830} INFO - Processing file /opt/airflow/dags/minio_to_snowflake.py for tasks to queue
[2025-10-13T14:11:21.674+0000] {logging_mixin.py:188} INFO - [2025-10-13T14:11:21.674+0000] {dagbag.py:545} INFO - Filling up the DagBag from /opt/airflow/dags/minio_to_snowflake.py
[2025-10-13T14:11:22.413+0000] {processor.py:840} INFO - DAG(s) 'minio_to_snowflake' retrieved from /opt/airflow/dags/minio_to_snowflake.py
[2025-10-13T14:11:22.438+0000] {logging_mixin.py:188} INFO - [2025-10-13T14:11:22.438+0000] {dag.py:3089} INFO - Sync 1 DAGs
[2025-10-13T14:11:22.460+0000] {logging_mixin.py:188} INFO - [2025-10-13T14:11:22.460+0000] {dag.py:3947} INFO - Setting next_dagrun for minio_to_snowflake to 2025-10-13 14:10:00+00:00, run_after=2025-10-13 14:11:00+00:00
[2025-10-13T14:11:22.485+0000] {processor.py:183} INFO - Processing /opt/airflow/dags/minio_to_snowflake.py took 0.822 seconds
[2025-10-13T14:11:52.747+0000] {processor.py:161} INFO - Started process (PID=96325) to work on /opt/airflow/dags/minio_to_snowflake.py
[2025-10-13T14:11:52.749+0000] {processor.py:830} INFO - Processing file /opt/airflow/dags/minio_to_snowflake.py for tasks to queue
[2025-10-13T14:11:52.751+0000] {logging_mixin.py:188} INFO - [2025-10-13T14:11:52.751+0000] {dagbag.py:545} INFO - Filling up the DagBag from /opt/airflow/dags/minio_to_snowflake.py
[2025-10-13T14:11:53.490+0000] {processor.py:840} INFO - DAG(s) 'minio_to_snowflake' retrieved from /opt/airflow/dags/minio_to_snowflake.py
[2025-10-13T14:11:53.525+0000] {logging_mixin.py:188} INFO - [2025-10-13T14:11:53.525+0000] {dag.py:3089} INFO - Sync 1 DAGs
[2025-10-13T14:11:53.554+0000] {logging_mixin.py:188} INFO - [2025-10-13T14:11:53.554+0000] {dag.py:3947} INFO - Setting next_dagrun for minio_to_snowflake to 2025-10-13 14:10:00+00:00, run_after=2025-10-13 14:11:00+00:00
[2025-10-13T14:11:53.576+0000] {processor.py:183} INFO - Processing /opt/airflow/dags/minio_to_snowflake.py took 0.836 seconds
[2025-10-13T14:12:23.814+0000] {processor.py:161} INFO - Started process (PID=96512) to work on /opt/airflow/dags/minio_to_snowflake.py
[2025-10-13T14:12:23.815+0000] {processor.py:830} INFO - Processing file /opt/airflow/dags/minio_to_snowflake.py for tasks to queue
[2025-10-13T14:12:23.817+0000] {logging_mixin.py:188} INFO - [2025-10-13T14:12:23.816+0000] {dagbag.py:545} INFO - Filling up the DagBag from /opt/airflow/dags/minio_to_snowflake.py
[2025-10-13T14:12:24.593+0000] {processor.py:840} INFO - DAG(s) 'minio_to_snowflake' retrieved from /opt/airflow/dags/minio_to_snowflake.py
[2025-10-13T14:12:24.619+0000] {logging_mixin.py:188} INFO - [2025-10-13T14:12:24.618+0000] {dag.py:3089} INFO - Sync 1 DAGs
[2025-10-13T14:12:24.646+0000] {logging_mixin.py:188} INFO - [2025-10-13T14:12:24.646+0000] {dag.py:3947} INFO - Setting next_dagrun for minio_to_snowflake to 2025-10-13 14:11:00+00:00, run_after=2025-10-13 14:12:00+00:00
[2025-10-13T14:12:24.669+0000] {processor.py:183} INFO - Processing /opt/airflow/dags/minio_to_snowflake.py took 0.861 seconds
[2025-10-13T14:12:54.906+0000] {processor.py:161} INFO - Started process (PID=96718) to work on /opt/airflow/dags/minio_to_snowflake.py
[2025-10-13T14:12:54.908+0000] {processor.py:830} INFO - Processing file /opt/airflow/dags/minio_to_snowflake.py for tasks to queue
[2025-10-13T14:12:54.909+0000] {logging_mixin.py:188} INFO - [2025-10-13T14:12:54.909+0000] {dagbag.py:545} INFO - Filling up the DagBag from /opt/airflow/dags/minio_to_snowflake.py
[2025-10-13T14:12:55.723+0000] {processor.py:840} INFO - DAG(s) 'minio_to_snowflake' retrieved from /opt/airflow/dags/minio_to_snowflake.py
[2025-10-13T14:12:55.749+0000] {logging_mixin.py:188} INFO - [2025-10-13T14:12:55.749+0000] {dag.py:3089} INFO - Sync 1 DAGs
[2025-10-13T14:12:55.774+0000] {logging_mixin.py:188} INFO - [2025-10-13T14:12:55.774+0000] {dag.py:3947} INFO - Setting next_dagrun for minio_to_snowflake to 2025-10-13 14:11:00+00:00, run_after=2025-10-13 14:12:00+00:00
[2025-10-13T14:12:55.795+0000] {processor.py:183} INFO - Processing /opt/airflow/dags/minio_to_snowflake.py took 0.900 seconds
[2025-10-13T14:13:25.998+0000] {processor.py:161} INFO - Started process (PID=97128) to work on /opt/airflow/dags/minio_to_snowflake.py
[2025-10-13T14:13:26.000+0000] {processor.py:830} INFO - Processing file /opt/airflow/dags/minio_to_snowflake.py for tasks to queue
[2025-10-13T14:13:26.002+0000] {logging_mixin.py:188} INFO - [2025-10-13T14:13:26.001+0000] {dagbag.py:545} INFO - Filling up the DagBag from /opt/airflow/dags/minio_to_snowflake.py
[2025-10-13T14:13:27.070+0000] {processor.py:840} INFO - DAG(s) 'minio_to_snowflake' retrieved from /opt/airflow/dags/minio_to_snowflake.py
[2025-10-13T14:13:27.114+0000] {logging_mixin.py:188} INFO - [2025-10-13T14:13:27.113+0000] {dag.py:3089} INFO - Sync 1 DAGs
[2025-10-13T14:13:27.147+0000] {logging_mixin.py:188} INFO - [2025-10-13T14:13:27.146+0000] {dag.py:3947} INFO - Setting next_dagrun for minio_to_snowflake to 2025-10-13 14:12:00+00:00, run_after=2025-10-13 14:13:00+00:00
[2025-10-13T14:13:27.171+0000] {processor.py:183} INFO - Processing /opt/airflow/dags/minio_to_snowflake.py took 1.179 seconds
[2025-10-13T14:13:57.225+0000] {processor.py:161} INFO - Started process (PID=98985) to work on /opt/airflow/dags/minio_to_snowflake.py
[2025-10-13T14:13:57.227+0000] {processor.py:830} INFO - Processing file /opt/airflow/dags/minio_to_snowflake.py for tasks to queue
[2025-10-13T14:13:57.229+0000] {logging_mixin.py:188} INFO - [2025-10-13T14:13:57.229+0000] {dagbag.py:545} INFO - Filling up the DagBag from /opt/airflow/dags/minio_to_snowflake.py
[2025-10-13T14:13:58.022+0000] {processor.py:840} INFO - DAG(s) 'minio_to_snowflake' retrieved from /opt/airflow/dags/minio_to_snowflake.py
[2025-10-13T14:13:58.048+0000] {logging_mixin.py:188} INFO - [2025-10-13T14:13:58.047+0000] {dag.py:3089} INFO - Sync 1 DAGs
[2025-10-13T14:13:58.072+0000] {logging_mixin.py:188} INFO - [2025-10-13T14:13:58.071+0000] {dag.py:3947} INFO - Setting next_dagrun for minio_to_snowflake to 2025-10-13 14:12:00+00:00, run_after=2025-10-13 14:13:00+00:00
[2025-10-13T14:13:58.092+0000] {processor.py:183} INFO - Processing /opt/airflow/dags/minio_to_snowflake.py took 0.875 seconds
[2025-10-13T14:14:28.452+0000] {processor.py:161} INFO - Started process (PID=99185) to work on /opt/airflow/dags/minio_to_snowflake.py
[2025-10-13T14:14:28.454+0000] {processor.py:830} INFO - Processing file /opt/airflow/dags/minio_to_snowflake.py for tasks to queue
[2025-10-13T14:14:28.458+0000] {logging_mixin.py:188} INFO - [2025-10-13T14:14:28.457+0000] {dagbag.py:545} INFO - Filling up the DagBag from /opt/airflow/dags/minio_to_snowflake.py
[2025-10-13T14:14:29.561+0000] {processor.py:840} INFO - DAG(s) 'minio_to_snowflake' retrieved from /opt/airflow/dags/minio_to_snowflake.py
[2025-10-13T14:14:29.591+0000] {logging_mixin.py:188} INFO - [2025-10-13T14:14:29.591+0000] {dag.py:3089} INFO - Sync 1 DAGs
[2025-10-13T14:14:29.616+0000] {logging_mixin.py:188} INFO - [2025-10-13T14:14:29.616+0000] {dag.py:3947} INFO - Setting next_dagrun for minio_to_snowflake to 2025-10-13 14:13:00+00:00, run_after=2025-10-13 14:14:00+00:00
[2025-10-13T14:14:29.637+0000] {processor.py:183} INFO - Processing /opt/airflow/dags/minio_to_snowflake.py took 1.205 seconds
[2025-10-13T14:14:59.820+0000] {processor.py:161} INFO - Started process (PID=99381) to work on /opt/airflow/dags/minio_to_snowflake.py
[2025-10-13T14:14:59.821+0000] {processor.py:830} INFO - Processing file /opt/airflow/dags/minio_to_snowflake.py for tasks to queue
[2025-10-13T14:14:59.824+0000] {logging_mixin.py:188} INFO - [2025-10-13T14:14:59.824+0000] {dagbag.py:545} INFO - Filling up the DagBag from /opt/airflow/dags/minio_to_snowflake.py
[2025-10-13T14:15:00.641+0000] {processor.py:840} INFO - DAG(s) 'minio_to_snowflake' retrieved from /opt/airflow/dags/minio_to_snowflake.py
[2025-10-13T14:15:00.668+0000] {logging_mixin.py:188} INFO - [2025-10-13T14:15:00.667+0000] {dag.py:3089} INFO - Sync 1 DAGs
[2025-10-13T14:15:00.689+0000] {logging_mixin.py:188} INFO - [2025-10-13T14:15:00.688+0000] {dag.py:3947} INFO - Setting next_dagrun for minio_to_snowflake to 2025-10-13 14:14:00+00:00, run_after=2025-10-13 14:15:00+00:00
[2025-10-13T14:15:00.709+0000] {processor.py:183} INFO - Processing /opt/airflow/dags/minio_to_snowflake.py took 0.898 seconds
[2025-10-13T14:15:30.942+0000] {processor.py:161} INFO - Started process (PID=99565) to work on /opt/airflow/dags/minio_to_snowflake.py
[2025-10-13T14:15:30.943+0000] {processor.py:830} INFO - Processing file /opt/airflow/dags/minio_to_snowflake.py for tasks to queue
[2025-10-13T14:15:30.945+0000] {logging_mixin.py:188} INFO - [2025-10-13T14:15:30.945+0000] {dagbag.py:545} INFO - Filling up the DagBag from /opt/airflow/dags/minio_to_snowflake.py
[2025-10-13T14:15:31.687+0000] {processor.py:840} INFO - DAG(s) 'minio_to_snowflake' retrieved from /opt/airflow/dags/minio_to_snowflake.py
[2025-10-13T14:15:31.713+0000] {logging_mixin.py:188} INFO - [2025-10-13T14:15:31.712+0000] {dag.py:3089} INFO - Sync 1 DAGs
[2025-10-13T14:15:31.735+0000] {logging_mixin.py:188} INFO - [2025-10-13T14:15:31.735+0000] {dag.py:3947} INFO - Setting next_dagrun for minio_to_snowflake to 2025-10-13 14:14:00+00:00, run_after=2025-10-13 14:15:00+00:00
[2025-10-13T14:15:31.754+0000] {processor.py:183} INFO - Processing /opt/airflow/dags/minio_to_snowflake.py took 0.818 seconds
[2025-10-13T14:16:02.022+0000] {processor.py:161} INFO - Started process (PID=99757) to work on /opt/airflow/dags/minio_to_snowflake.py
[2025-10-13T14:16:02.024+0000] {processor.py:830} INFO - Processing file /opt/airflow/dags/minio_to_snowflake.py for tasks to queue
[2025-10-13T14:16:02.027+0000] {logging_mixin.py:188} INFO - [2025-10-13T14:16:02.026+0000] {dagbag.py:545} INFO - Filling up the DagBag from /opt/airflow/dags/minio_to_snowflake.py
[2025-10-13T14:16:02.885+0000] {processor.py:840} INFO - DAG(s) 'minio_to_snowflake' retrieved from /opt/airflow/dags/minio_to_snowflake.py
[2025-10-13T14:16:02.913+0000] {logging_mixin.py:188} INFO - [2025-10-13T14:16:02.913+0000] {dag.py:3089} INFO - Sync 1 DAGs
[2025-10-13T14:16:02.940+0000] {logging_mixin.py:188} INFO - [2025-10-13T14:16:02.940+0000] {dag.py:3947} INFO - Setting next_dagrun for minio_to_snowflake to 2025-10-13 14:15:00+00:00, run_after=2025-10-13 14:16:00+00:00
[2025-10-13T14:16:02.964+0000] {processor.py:183} INFO - Processing /opt/airflow/dags/minio_to_snowflake.py took 0.952 seconds
[2025-10-13T14:16:33.349+0000] {processor.py:161} INFO - Started process (PID=99905) to work on /opt/airflow/dags/minio_to_snowflake.py
[2025-10-13T14:16:33.355+0000] {processor.py:830} INFO - Processing file /opt/airflow/dags/minio_to_snowflake.py for tasks to queue
[2025-10-13T14:16:33.358+0000] {logging_mixin.py:188} INFO - [2025-10-13T14:16:33.357+0000] {dagbag.py:545} INFO - Filling up the DagBag from /opt/airflow/dags/minio_to_snowflake.py
[2025-10-13T14:16:34.185+0000] {processor.py:840} INFO - DAG(s) 'minio_to_snowflake' retrieved from /opt/airflow/dags/minio_to_snowflake.py
[2025-10-13T14:16:34.209+0000] {logging_mixin.py:188} INFO - [2025-10-13T14:16:34.209+0000] {dag.py:3089} INFO - Sync 1 DAGs
[2025-10-13T14:16:34.235+0000] {logging_mixin.py:188} INFO - [2025-10-13T14:16:34.235+0000] {dag.py:3947} INFO - Setting next_dagrun for minio_to_snowflake to 2025-10-13 14:16:00+00:00, run_after=2025-10-13 14:17:00+00:00
[2025-10-13T14:16:34.254+0000] {processor.py:183} INFO - Processing /opt/airflow/dags/minio_to_snowflake.py took 0.916 seconds
[2025-10-13T14:17:04.540+0000] {processor.py:161} INFO - Started process (PID=2314) to work on /opt/airflow/dags/minio_to_snowflake.py
[2025-10-13T14:17:04.542+0000] {processor.py:830} INFO - Processing file /opt/airflow/dags/minio_to_snowflake.py for tasks to queue
[2025-10-13T14:17:04.544+0000] {logging_mixin.py:188} INFO - [2025-10-13T14:17:04.544+0000] {dagbag.py:545} INFO - Filling up the DagBag from /opt/airflow/dags/minio_to_snowflake.py
[2025-10-13T14:17:05.286+0000] {processor.py:840} INFO - DAG(s) 'minio_to_snowflake' retrieved from /opt/airflow/dags/minio_to_snowflake.py
[2025-10-13T14:17:05.309+0000] {logging_mixin.py:188} INFO - [2025-10-13T14:17:05.308+0000] {dag.py:3089} INFO - Sync 1 DAGs
[2025-10-13T14:17:05.331+0000] {logging_mixin.py:188} INFO - [2025-10-13T14:17:05.331+0000] {dag.py:3947} INFO - Setting next_dagrun for minio_to_snowflake to 2025-10-13 14:16:00+00:00, run_after=2025-10-13 14:17:00+00:00
[2025-10-13T14:17:05.352+0000] {processor.py:183} INFO - Processing /opt/airflow/dags/minio_to_snowflake.py took 0.818 seconds
[2025-10-13T14:17:35.614+0000] {processor.py:161} INFO - Started process (PID=2490) to work on /opt/airflow/dags/minio_to_snowflake.py
[2025-10-13T14:17:35.615+0000] {processor.py:830} INFO - Processing file /opt/airflow/dags/minio_to_snowflake.py for tasks to queue
[2025-10-13T14:17:35.618+0000] {logging_mixin.py:188} INFO - [2025-10-13T14:17:35.617+0000] {dagbag.py:545} INFO - Filling up the DagBag from /opt/airflow/dags/minio_to_snowflake.py
[2025-10-13T14:17:36.361+0000] {processor.py:840} INFO - DAG(s) 'minio_to_snowflake' retrieved from /opt/airflow/dags/minio_to_snowflake.py
[2025-10-13T14:17:36.388+0000] {logging_mixin.py:188} INFO - [2025-10-13T14:17:36.387+0000] {dag.py:3089} INFO - Sync 1 DAGs
[2025-10-13T14:17:36.410+0000] {logging_mixin.py:188} INFO - [2025-10-13T14:17:36.410+0000] {dag.py:3947} INFO - Setting next_dagrun for minio_to_snowflake to 2025-10-13 14:16:00+00:00, run_after=2025-10-13 14:17:00+00:00
[2025-10-13T14:17:36.432+0000] {processor.py:183} INFO - Processing /opt/airflow/dags/minio_to_snowflake.py took 0.824 seconds
[2025-10-13T14:18:06.683+0000] {processor.py:161} INFO - Started process (PID=2675) to work on /opt/airflow/dags/minio_to_snowflake.py
[2025-10-13T14:18:06.685+0000] {processor.py:830} INFO - Processing file /opt/airflow/dags/minio_to_snowflake.py for tasks to queue
[2025-10-13T14:18:06.687+0000] {logging_mixin.py:188} INFO - [2025-10-13T14:18:06.686+0000] {dagbag.py:545} INFO - Filling up the DagBag from /opt/airflow/dags/minio_to_snowflake.py
[2025-10-13T14:18:07.637+0000] {processor.py:840} INFO - DAG(s) 'minio_to_snowflake' retrieved from /opt/airflow/dags/minio_to_snowflake.py
[2025-10-13T14:18:07.660+0000] {logging_mixin.py:188} INFO - [2025-10-13T14:18:07.659+0000] {dag.py:3089} INFO - Sync 1 DAGs
[2025-10-13T14:18:07.681+0000] {logging_mixin.py:188} INFO - [2025-10-13T14:18:07.681+0000] {dag.py:3947} INFO - Setting next_dagrun for minio_to_snowflake to 2025-10-13 14:17:00+00:00, run_after=2025-10-13 14:18:00+00:00
[2025-10-13T14:18:07.702+0000] {processor.py:183} INFO - Processing /opt/airflow/dags/minio_to_snowflake.py took 1.025 seconds
[2025-10-13T14:18:38.129+0000] {processor.py:161} INFO - Started process (PID=2847) to work on /opt/airflow/dags/minio_to_snowflake.py
[2025-10-13T14:18:38.130+0000] {processor.py:830} INFO - Processing file /opt/airflow/dags/minio_to_snowflake.py for tasks to queue
[2025-10-13T14:18:38.132+0000] {logging_mixin.py:188} INFO - [2025-10-13T14:18:38.132+0000] {dagbag.py:545} INFO - Filling up the DagBag from /opt/airflow/dags/minio_to_snowflake.py
[2025-10-13T14:18:39.454+0000] {processor.py:840} INFO - DAG(s) 'minio_to_snowflake' retrieved from /opt/airflow/dags/minio_to_snowflake.py
[2025-10-13T14:18:39.478+0000] {logging_mixin.py:188} INFO - [2025-10-13T14:18:39.478+0000] {dag.py:3089} INFO - Sync 1 DAGs
[2025-10-13T14:18:39.501+0000] {logging_mixin.py:188} INFO - [2025-10-13T14:18:39.500+0000] {dag.py:3947} INFO - Setting next_dagrun for minio_to_snowflake to 2025-10-13 14:17:00+00:00, run_after=2025-10-13 14:18:00+00:00
[2025-10-13T14:18:39.517+0000] {processor.py:183} INFO - Processing /opt/airflow/dags/minio_to_snowflake.py took 1.393 seconds
[2025-10-13T14:19:09.740+0000] {processor.py:161} INFO - Started process (PID=3008) to work on /opt/airflow/dags/minio_to_snowflake.py
[2025-10-13T14:19:09.742+0000] {processor.py:830} INFO - Processing file /opt/airflow/dags/minio_to_snowflake.py for tasks to queue
[2025-10-13T14:19:09.744+0000] {logging_mixin.py:188} INFO - [2025-10-13T14:19:09.744+0000] {dagbag.py:545} INFO - Filling up the DagBag from /opt/airflow/dags/minio_to_snowflake.py
[2025-10-13T14:19:10.509+0000] {processor.py:840} INFO - DAG(s) 'minio_to_snowflake' retrieved from /opt/airflow/dags/minio_to_snowflake.py
[2025-10-13T14:19:10.532+0000] {logging_mixin.py:188} INFO - [2025-10-13T14:19:10.531+0000] {dag.py:3089} INFO - Sync 1 DAGs
[2025-10-13T14:19:10.556+0000] {logging_mixin.py:188} INFO - [2025-10-13T14:19:10.556+0000] {dag.py:3947} INFO - Setting next_dagrun for minio_to_snowflake to 2025-10-13 14:18:00+00:00, run_after=2025-10-13 14:19:00+00:00
[2025-10-13T14:19:10.573+0000] {processor.py:183} INFO - Processing /opt/airflow/dags/minio_to_snowflake.py took 0.840 seconds
[2025-10-13T14:19:40.778+0000] {processor.py:161} INFO - Started process (PID=3194) to work on /opt/airflow/dags/minio_to_snowflake.py
[2025-10-13T14:19:40.780+0000] {processor.py:830} INFO - Processing file /opt/airflow/dags/minio_to_snowflake.py for tasks to queue
[2025-10-13T14:19:40.784+0000] {logging_mixin.py:188} INFO - [2025-10-13T14:19:40.783+0000] {dagbag.py:545} INFO - Filling up the DagBag from /opt/airflow/dags/minio_to_snowflake.py
[2025-10-13T14:19:41.517+0000] {processor.py:840} INFO - DAG(s) 'minio_to_snowflake' retrieved from /opt/airflow/dags/minio_to_snowflake.py
[2025-10-13T14:19:41.541+0000] {logging_mixin.py:188} INFO - [2025-10-13T14:19:41.540+0000] {dag.py:3089} INFO - Sync 1 DAGs
[2025-10-13T14:19:41.563+0000] {logging_mixin.py:188} INFO - [2025-10-13T14:19:41.563+0000] {dag.py:3947} INFO - Setting next_dagrun for minio_to_snowflake to 2025-10-13 14:18:00+00:00, run_after=2025-10-13 14:19:00+00:00
[2025-10-13T14:19:41.582+0000] {processor.py:183} INFO - Processing /opt/airflow/dags/minio_to_snowflake.py took 0.811 seconds
[2025-10-13T14:20:11.764+0000] {processor.py:161} INFO - Started process (PID=5276) to work on /opt/airflow/dags/minio_to_snowflake.py
[2025-10-13T14:20:11.765+0000] {processor.py:830} INFO - Processing file /opt/airflow/dags/minio_to_snowflake.py for tasks to queue
[2025-10-13T14:20:11.768+0000] {logging_mixin.py:188} INFO - [2025-10-13T14:20:11.767+0000] {dagbag.py:545} INFO - Filling up the DagBag from /opt/airflow/dags/minio_to_snowflake.py
[2025-10-13T14:20:12.645+0000] {processor.py:840} INFO - DAG(s) 'minio_to_snowflake' retrieved from /opt/airflow/dags/minio_to_snowflake.py
[2025-10-13T14:20:12.672+0000] {logging_mixin.py:188} INFO - [2025-10-13T14:20:12.670+0000] {dag.py:3089} INFO - Sync 1 DAGs
[2025-10-13T14:20:12.694+0000] {logging_mixin.py:188} INFO - [2025-10-13T14:20:12.694+0000] {dag.py:3947} INFO - Setting next_dagrun for minio_to_snowflake to 2025-10-13 14:19:00+00:00, run_after=2025-10-13 14:20:00+00:00
[2025-10-13T14:20:12.710+0000] {processor.py:183} INFO - Processing /opt/airflow/dags/minio_to_snowflake.py took 0.954 seconds
[2025-10-13T14:20:42.969+0000] {processor.py:161} INFO - Started process (PID=5476) to work on /opt/airflow/dags/minio_to_snowflake.py
[2025-10-13T14:20:42.971+0000] {processor.py:830} INFO - Processing file /opt/airflow/dags/minio_to_snowflake.py for tasks to queue
[2025-10-13T14:20:42.974+0000] {logging_mixin.py:188} INFO - [2025-10-13T14:20:42.973+0000] {dagbag.py:545} INFO - Filling up the DagBag from /opt/airflow/dags/minio_to_snowflake.py
[2025-10-13T14:20:43.689+0000] {processor.py:840} INFO - DAG(s) 'minio_to_snowflake' retrieved from /opt/airflow/dags/minio_to_snowflake.py
[2025-10-13T14:20:43.713+0000] {logging_mixin.py:188} INFO - [2025-10-13T14:20:43.713+0000] {dag.py:3089} INFO - Sync 1 DAGs
[2025-10-13T14:20:43.735+0000] {logging_mixin.py:188} INFO - [2025-10-13T14:20:43.735+0000] {dag.py:3947} INFO - Setting next_dagrun for minio_to_snowflake to 2025-10-13 14:19:00+00:00, run_after=2025-10-13 14:20:00+00:00
[2025-10-13T14:20:43.755+0000] {processor.py:183} INFO - Processing /opt/airflow/dags/minio_to_snowflake.py took 0.793 seconds
[2025-10-13T14:21:13.976+0000] {processor.py:161} INFO - Started process (PID=5664) to work on /opt/airflow/dags/minio_to_snowflake.py
[2025-10-13T14:21:13.978+0000] {processor.py:830} INFO - Processing file /opt/airflow/dags/minio_to_snowflake.py for tasks to queue
[2025-10-13T14:21:13.979+0000] {logging_mixin.py:188} INFO - [2025-10-13T14:21:13.979+0000] {dagbag.py:545} INFO - Filling up the DagBag from /opt/airflow/dags/minio_to_snowflake.py
[2025-10-13T14:21:14.701+0000] {processor.py:840} INFO - DAG(s) 'minio_to_snowflake' retrieved from /opt/airflow/dags/minio_to_snowflake.py
[2025-10-13T14:21:14.728+0000] {logging_mixin.py:188} INFO - [2025-10-13T14:21:14.727+0000] {dag.py:3089} INFO - Sync 1 DAGs
[2025-10-13T14:21:14.752+0000] {logging_mixin.py:188} INFO - [2025-10-13T14:21:14.752+0000] {dag.py:3947} INFO - Setting next_dagrun for minio_to_snowflake to 2025-10-13 14:20:00+00:00, run_after=2025-10-13 14:21:00+00:00
[2025-10-13T14:21:14.774+0000] {processor.py:183} INFO - Processing /opt/airflow/dags/minio_to_snowflake.py took 0.806 seconds
[2025-10-13T14:21:44.996+0000] {processor.py:161} INFO - Started process (PID=5847) to work on /opt/airflow/dags/minio_to_snowflake.py
[2025-10-13T14:21:44.997+0000] {processor.py:830} INFO - Processing file /opt/airflow/dags/minio_to_snowflake.py for tasks to queue
[2025-10-13T14:21:44.999+0000] {logging_mixin.py:188} INFO - [2025-10-13T14:21:44.998+0000] {dagbag.py:545} INFO - Filling up the DagBag from /opt/airflow/dags/minio_to_snowflake.py
[2025-10-13T14:21:45.751+0000] {processor.py:840} INFO - DAG(s) 'minio_to_snowflake' retrieved from /opt/airflow/dags/minio_to_snowflake.py
[2025-10-13T14:21:45.776+0000] {logging_mixin.py:188} INFO - [2025-10-13T14:21:45.775+0000] {dag.py:3089} INFO - Sync 1 DAGs
[2025-10-13T14:21:45.801+0000] {logging_mixin.py:188} INFO - [2025-10-13T14:21:45.801+0000] {dag.py:3947} INFO - Setting next_dagrun for minio_to_snowflake to 2025-10-13 14:20:00+00:00, run_after=2025-10-13 14:21:00+00:00
[2025-10-13T14:21:45.827+0000] {processor.py:183} INFO - Processing /opt/airflow/dags/minio_to_snowflake.py took 0.837 seconds
[2025-10-13T14:22:16.107+0000] {processor.py:161} INFO - Started process (PID=6036) to work on /opt/airflow/dags/minio_to_snowflake.py
[2025-10-13T14:22:16.109+0000] {processor.py:830} INFO - Processing file /opt/airflow/dags/minio_to_snowflake.py for tasks to queue
[2025-10-13T14:22:16.111+0000] {logging_mixin.py:188} INFO - [2025-10-13T14:22:16.111+0000] {dagbag.py:545} INFO - Filling up the DagBag from /opt/airflow/dags/minio_to_snowflake.py
[2025-10-13T14:22:16.855+0000] {processor.py:840} INFO - DAG(s) 'minio_to_snowflake' retrieved from /opt/airflow/dags/minio_to_snowflake.py
[2025-10-13T14:22:16.879+0000] {logging_mixin.py:188} INFO - [2025-10-13T14:22:16.878+0000] {dag.py:3089} INFO - Sync 1 DAGs
[2025-10-13T14:22:16.899+0000] {logging_mixin.py:188} INFO - [2025-10-13T14:22:16.899+0000] {dag.py:3947} INFO - Setting next_dagrun for minio_to_snowflake to 2025-10-13 14:21:00+00:00, run_after=2025-10-13 14:22:00+00:00
[2025-10-13T14:22:16.919+0000] {processor.py:183} INFO - Processing /opt/airflow/dags/minio_to_snowflake.py took 0.818 seconds
[2025-10-13T14:22:47.240+0000] {processor.py:161} INFO - Started process (PID=6229) to work on /opt/airflow/dags/minio_to_snowflake.py
[2025-10-13T14:22:47.241+0000] {processor.py:830} INFO - Processing file /opt/airflow/dags/minio_to_snowflake.py for tasks to queue
[2025-10-13T14:22:47.244+0000] {logging_mixin.py:188} INFO - [2025-10-13T14:22:47.243+0000] {dagbag.py:545} INFO - Filling up the DagBag from /opt/airflow/dags/minio_to_snowflake.py
[2025-10-13T14:22:48.030+0000] {processor.py:840} INFO - DAG(s) 'minio_to_snowflake' retrieved from /opt/airflow/dags/minio_to_snowflake.py
[2025-10-13T14:22:48.056+0000] {logging_mixin.py:188} INFO - [2025-10-13T14:22:48.054+0000] {dag.py:3089} INFO - Sync 1 DAGs
[2025-10-13T14:22:48.083+0000] {logging_mixin.py:188} INFO - [2025-10-13T14:22:48.083+0000] {dag.py:3947} INFO - Setting next_dagrun for minio_to_snowflake to 2025-10-13 14:21:00+00:00, run_after=2025-10-13 14:22:00+00:00
[2025-10-13T14:22:48.106+0000] {processor.py:183} INFO - Processing /opt/airflow/dags/minio_to_snowflake.py took 0.874 seconds
[2025-10-13T14:23:18.552+0000] {processor.py:161} INFO - Started process (PID=8299) to work on /opt/airflow/dags/minio_to_snowflake.py
[2025-10-13T14:23:18.553+0000] {processor.py:830} INFO - Processing file /opt/airflow/dags/minio_to_snowflake.py for tasks to queue
[2025-10-13T14:23:18.557+0000] {logging_mixin.py:188} INFO - [2025-10-13T14:23:18.556+0000] {dagbag.py:545} INFO - Filling up the DagBag from /opt/airflow/dags/minio_to_snowflake.py
[2025-10-13T14:23:20.420+0000] {processor.py:840} INFO - DAG(s) 'minio_to_snowflake' retrieved from /opt/airflow/dags/minio_to_snowflake.py
[2025-10-13T14:23:20.444+0000] {logging_mixin.py:188} INFO - [2025-10-13T14:23:20.444+0000] {dag.py:3089} INFO - Sync 1 DAGs
[2025-10-13T14:23:20.465+0000] {logging_mixin.py:188} INFO - [2025-10-13T14:23:20.465+0000] {dag.py:3947} INFO - Setting next_dagrun for minio_to_snowflake to 2025-10-13 14:22:00+00:00, run_after=2025-10-13 14:23:00+00:00
[2025-10-13T14:23:20.481+0000] {processor.py:183} INFO - Processing /opt/airflow/dags/minio_to_snowflake.py took 1.938 seconds
[2025-10-13T14:23:50.586+0000] {processor.py:161} INFO - Started process (PID=8480) to work on /opt/airflow/dags/minio_to_snowflake.py
[2025-10-13T14:23:50.588+0000] {processor.py:830} INFO - Processing file /opt/airflow/dags/minio_to_snowflake.py for tasks to queue
[2025-10-13T14:23:50.590+0000] {logging_mixin.py:188} INFO - [2025-10-13T14:23:50.589+0000] {dagbag.py:545} INFO - Filling up the DagBag from /opt/airflow/dags/minio_to_snowflake.py
[2025-10-13T14:23:51.395+0000] {processor.py:840} INFO - DAG(s) 'minio_to_snowflake' retrieved from /opt/airflow/dags/minio_to_snowflake.py
[2025-10-13T14:23:51.418+0000] {logging_mixin.py:188} INFO - [2025-10-13T14:23:51.418+0000] {dag.py:3089} INFO - Sync 1 DAGs
[2025-10-13T14:23:51.441+0000] {logging_mixin.py:188} INFO - [2025-10-13T14:23:51.441+0000] {dag.py:3947} INFO - Setting next_dagrun for minio_to_snowflake to 2025-10-13 14:22:00+00:00, run_after=2025-10-13 14:23:00+00:00
[2025-10-13T14:23:51.464+0000] {processor.py:183} INFO - Processing /opt/airflow/dags/minio_to_snowflake.py took 0.884 seconds
[2025-10-13T14:24:21.741+0000] {processor.py:161} INFO - Started process (PID=8678) to work on /opt/airflow/dags/minio_to_snowflake.py
[2025-10-13T14:24:21.743+0000] {processor.py:830} INFO - Processing file /opt/airflow/dags/minio_to_snowflake.py for tasks to queue
[2025-10-13T14:24:21.745+0000] {logging_mixin.py:188} INFO - [2025-10-13T14:24:21.745+0000] {dagbag.py:545} INFO - Filling up the DagBag from /opt/airflow/dags/minio_to_snowflake.py
[2025-10-13T14:24:22.471+0000] {processor.py:840} INFO - DAG(s) 'minio_to_snowflake' retrieved from /opt/airflow/dags/minio_to_snowflake.py
[2025-10-13T14:24:22.498+0000] {logging_mixin.py:188} INFO - [2025-10-13T14:24:22.498+0000] {dag.py:3089} INFO - Sync 1 DAGs
[2025-10-13T14:24:22.525+0000] {logging_mixin.py:188} INFO - [2025-10-13T14:24:22.525+0000] {dag.py:3947} INFO - Setting next_dagrun for minio_to_snowflake to 2025-10-13 14:23:00+00:00, run_after=2025-10-13 14:24:00+00:00
[2025-10-13T14:24:22.547+0000] {processor.py:183} INFO - Processing /opt/airflow/dags/minio_to_snowflake.py took 0.811 seconds
[2025-10-13T14:24:52.854+0000] {processor.py:161} INFO - Started process (PID=8875) to work on /opt/airflow/dags/minio_to_snowflake.py
[2025-10-13T14:24:52.930+0000] {processor.py:830} INFO - Processing file /opt/airflow/dags/minio_to_snowflake.py for tasks to queue
[2025-10-13T14:24:52.963+0000] {logging_mixin.py:188} INFO - [2025-10-13T14:24:52.962+0000] {dagbag.py:545} INFO - Filling up the DagBag from /opt/airflow/dags/minio_to_snowflake.py
[2025-10-13T14:24:54.033+0000] {processor.py:840} INFO - DAG(s) 'minio_to_snowflake' retrieved from /opt/airflow/dags/minio_to_snowflake.py
[2025-10-13T14:24:54.061+0000] {logging_mixin.py:188} INFO - [2025-10-13T14:24:54.061+0000] {dag.py:3089} INFO - Sync 1 DAGs
[2025-10-13T14:24:54.092+0000] {logging_mixin.py:188} INFO - [2025-10-13T14:24:54.092+0000] {dag.py:3947} INFO - Setting next_dagrun for minio_to_snowflake to 2025-10-13 14:23:00+00:00, run_after=2025-10-13 14:24:00+00:00
[2025-10-13T14:24:54.116+0000] {processor.py:183} INFO - Processing /opt/airflow/dags/minio_to_snowflake.py took 1.269 seconds
[2025-10-13T14:25:24.384+0000] {processor.py:161} INFO - Started process (PID=9055) to work on /opt/airflow/dags/minio_to_snowflake.py
[2025-10-13T14:25:24.385+0000] {processor.py:830} INFO - Processing file /opt/airflow/dags/minio_to_snowflake.py for tasks to queue
[2025-10-13T14:25:24.387+0000] {logging_mixin.py:188} INFO - [2025-10-13T14:25:24.387+0000] {dagbag.py:545} INFO - Filling up the DagBag from /opt/airflow/dags/minio_to_snowflake.py
[2025-10-13T14:25:25.193+0000] {processor.py:840} INFO - DAG(s) 'minio_to_snowflake' retrieved from /opt/airflow/dags/minio_to_snowflake.py
[2025-10-13T14:25:25.219+0000] {logging_mixin.py:188} INFO - [2025-10-13T14:25:25.218+0000] {dag.py:3089} INFO - Sync 1 DAGs
[2025-10-13T14:25:25.242+0000] {logging_mixin.py:188} INFO - [2025-10-13T14:25:25.242+0000] {dag.py:3947} INFO - Setting next_dagrun for minio_to_snowflake to 2025-10-13 14:24:00+00:00, run_after=2025-10-13 14:25:00+00:00
[2025-10-13T14:25:25.261+0000] {processor.py:183} INFO - Processing /opt/airflow/dags/minio_to_snowflake.py took 0.884 seconds
[2025-10-13T14:25:55.601+0000] {processor.py:161} INFO - Started process (PID=9247) to work on /opt/airflow/dags/minio_to_snowflake.py
[2025-10-13T14:25:55.602+0000] {processor.py:830} INFO - Processing file /opt/airflow/dags/minio_to_snowflake.py for tasks to queue
[2025-10-13T14:25:55.605+0000] {logging_mixin.py:188} INFO - [2025-10-13T14:25:55.604+0000] {dagbag.py:545} INFO - Filling up the DagBag from /opt/airflow/dags/minio_to_snowflake.py
[2025-10-13T14:25:56.366+0000] {processor.py:840} INFO - DAG(s) 'minio_to_snowflake' retrieved from /opt/airflow/dags/minio_to_snowflake.py
[2025-10-13T14:25:56.391+0000] {logging_mixin.py:188} INFO - [2025-10-13T14:25:56.390+0000] {dag.py:3089} INFO - Sync 1 DAGs
[2025-10-13T14:25:56.417+0000] {logging_mixin.py:188} INFO - [2025-10-13T14:25:56.417+0000] {dag.py:3947} INFO - Setting next_dagrun for minio_to_snowflake to 2025-10-13 14:24:00+00:00, run_after=2025-10-13 14:25:00+00:00
[2025-10-13T14:25:56.437+0000] {processor.py:183} INFO - Processing /opt/airflow/dags/minio_to_snowflake.py took 0.842 seconds
[2025-10-13T14:26:26.596+0000] {processor.py:161} INFO - Started process (PID=11330) to work on /opt/airflow/dags/minio_to_snowflake.py
[2025-10-13T14:26:26.597+0000] {processor.py:830} INFO - Processing file /opt/airflow/dags/minio_to_snowflake.py for tasks to queue
[2025-10-13T14:26:26.599+0000] {logging_mixin.py:188} INFO - [2025-10-13T14:26:26.599+0000] {dagbag.py:545} INFO - Filling up the DagBag from /opt/airflow/dags/minio_to_snowflake.py
[2025-10-13T14:26:27.693+0000] {processor.py:840} INFO - DAG(s) 'minio_to_snowflake' retrieved from /opt/airflow/dags/minio_to_snowflake.py
[2025-10-13T14:26:27.721+0000] {logging_mixin.py:188} INFO - [2025-10-13T14:26:27.720+0000] {dag.py:3089} INFO - Sync 1 DAGs
[2025-10-13T14:26:27.746+0000] {logging_mixin.py:188} INFO - [2025-10-13T14:26:27.746+0000] {dag.py:3947} INFO - Setting next_dagrun for minio_to_snowflake to 2025-10-13 14:25:00+00:00, run_after=2025-10-13 14:26:00+00:00
[2025-10-13T14:26:27.767+0000] {processor.py:183} INFO - Processing /opt/airflow/dags/minio_to_snowflake.py took 1.178 seconds
[2025-10-13T14:26:57.995+0000] {processor.py:161} INFO - Started process (PID=11515) to work on /opt/airflow/dags/minio_to_snowflake.py
[2025-10-13T14:26:57.996+0000] {processor.py:830} INFO - Processing file /opt/airflow/dags/minio_to_snowflake.py for tasks to queue
[2025-10-13T14:26:57.998+0000] {logging_mixin.py:188} INFO - [2025-10-13T14:26:57.997+0000] {dagbag.py:545} INFO - Filling up the DagBag from /opt/airflow/dags/minio_to_snowflake.py
[2025-10-13T14:26:58.753+0000] {processor.py:840} INFO - DAG(s) 'minio_to_snowflake' retrieved from /opt/airflow/dags/minio_to_snowflake.py
[2025-10-13T14:26:58.774+0000] {logging_mixin.py:188} INFO - [2025-10-13T14:26:58.774+0000] {dag.py:3089} INFO - Sync 1 DAGs
[2025-10-13T14:26:58.795+0000] {logging_mixin.py:188} INFO - [2025-10-13T14:26:58.794+0000] {dag.py:3947} INFO - Setting next_dagrun for minio_to_snowflake to 2025-10-13 14:25:00+00:00, run_after=2025-10-13 14:26:00+00:00
[2025-10-13T14:26:58.815+0000] {processor.py:183} INFO - Processing /opt/airflow/dags/minio_to_snowflake.py took 0.827 seconds
[2025-10-13T14:27:29.536+0000] {processor.py:161} INFO - Started process (PID=11709) to work on /opt/airflow/dags/minio_to_snowflake.py
[2025-10-13T14:27:29.551+0000] {processor.py:830} INFO - Processing file /opt/airflow/dags/minio_to_snowflake.py for tasks to queue
[2025-10-13T14:27:29.570+0000] {logging_mixin.py:188} INFO - [2025-10-13T14:27:29.569+0000] {dagbag.py:545} INFO - Filling up the DagBag from /opt/airflow/dags/minio_to_snowflake.py
[2025-10-13T14:27:30.921+0000] {processor.py:840} INFO - DAG(s) 'minio_to_snowflake' retrieved from /opt/airflow/dags/minio_to_snowflake.py
[2025-10-13T14:27:30.946+0000] {logging_mixin.py:188} INFO - [2025-10-13T14:27:30.946+0000] {dag.py:3089} INFO - Sync 1 DAGs
[2025-10-13T14:27:30.974+0000] {logging_mixin.py:188} INFO - [2025-10-13T14:27:30.974+0000] {dag.py:3947} INFO - Setting next_dagrun for minio_to_snowflake to 2025-10-13 14:26:00+00:00, run_after=2025-10-13 14:27:00+00:00
[2025-10-13T14:27:30.997+0000] {processor.py:183} INFO - Processing /opt/airflow/dags/minio_to_snowflake.py took 1.469 seconds
[2025-10-13T14:28:01.359+0000] {processor.py:161} INFO - Started process (PID=11909) to work on /opt/airflow/dags/minio_to_snowflake.py
[2025-10-13T14:28:01.360+0000] {processor.py:830} INFO - Processing file /opt/airflow/dags/minio_to_snowflake.py for tasks to queue
[2025-10-13T14:28:01.363+0000] {logging_mixin.py:188} INFO - [2025-10-13T14:28:01.362+0000] {dagbag.py:545} INFO - Filling up the DagBag from /opt/airflow/dags/minio_to_snowflake.py
[2025-10-13T14:28:02.088+0000] {processor.py:840} INFO - DAG(s) 'minio_to_snowflake' retrieved from /opt/airflow/dags/minio_to_snowflake.py
[2025-10-13T14:28:02.112+0000] {logging_mixin.py:188} INFO - [2025-10-13T14:28:02.111+0000] {dag.py:3089} INFO - Sync 1 DAGs
[2025-10-13T14:28:02.136+0000] {logging_mixin.py:188} INFO - [2025-10-13T14:28:02.136+0000] {dag.py:3947} INFO - Setting next_dagrun for minio_to_snowflake to 2025-10-13 14:27:00+00:00, run_after=2025-10-13 14:28:00+00:00
[2025-10-13T14:28:02.156+0000] {processor.py:183} INFO - Processing /opt/airflow/dags/minio_to_snowflake.py took 0.803 seconds
[2025-10-13T14:28:32.766+0000] {processor.py:161} INFO - Started process (PID=12119) to work on /opt/airflow/dags/minio_to_snowflake.py
[2025-10-13T14:28:32.767+0000] {processor.py:830} INFO - Processing file /opt/airflow/dags/minio_to_snowflake.py for tasks to queue
[2025-10-13T14:28:32.769+0000] {logging_mixin.py:188} INFO - [2025-10-13T14:28:32.769+0000] {dagbag.py:545} INFO - Filling up the DagBag from /opt/airflow/dags/minio_to_snowflake.py
[2025-10-13T14:28:33.521+0000] {processor.py:840} INFO - DAG(s) 'minio_to_snowflake' retrieved from /opt/airflow/dags/minio_to_snowflake.py
[2025-10-13T14:28:33.546+0000] {logging_mixin.py:188} INFO - [2025-10-13T14:28:33.545+0000] {dag.py:3089} INFO - Sync 1 DAGs
[2025-10-13T14:28:33.571+0000] {logging_mixin.py:188} INFO - [2025-10-13T14:28:33.571+0000] {dag.py:3947} INFO - Setting next_dagrun for minio_to_snowflake to 2025-10-13 14:27:00+00:00, run_after=2025-10-13 14:28:00+00:00
[2025-10-13T14:28:33.590+0000] {processor.py:183} INFO - Processing /opt/airflow/dags/minio_to_snowflake.py took 0.830 seconds
[2025-10-13T14:29:03.812+0000] {processor.py:161} INFO - Started process (PID=12307) to work on /opt/airflow/dags/minio_to_snowflake.py
[2025-10-13T14:29:03.813+0000] {processor.py:830} INFO - Processing file /opt/airflow/dags/minio_to_snowflake.py for tasks to queue
[2025-10-13T14:29:03.817+0000] {logging_mixin.py:188} INFO - [2025-10-13T14:29:03.817+0000] {dagbag.py:545} INFO - Filling up the DagBag from /opt/airflow/dags/minio_to_snowflake.py
[2025-10-13T14:29:04.571+0000] {processor.py:840} INFO - DAG(s) 'minio_to_snowflake' retrieved from /opt/airflow/dags/minio_to_snowflake.py
[2025-10-13T14:29:04.597+0000] {logging_mixin.py:188} INFO - [2025-10-13T14:29:04.597+0000] {dag.py:3089} INFO - Sync 1 DAGs
[2025-10-13T14:29:04.620+0000] {logging_mixin.py:188} INFO - [2025-10-13T14:29:04.619+0000] {dag.py:3947} INFO - Setting next_dagrun for minio_to_snowflake to 2025-10-13 14:28:00+00:00, run_after=2025-10-13 14:29:00+00:00
[2025-10-13T14:29:04.639+0000] {processor.py:183} INFO - Processing /opt/airflow/dags/minio_to_snowflake.py took 0.833 seconds
[2025-10-13T14:29:34.865+0000] {processor.py:161} INFO - Started process (PID=14393) to work on /opt/airflow/dags/minio_to_snowflake.py
[2025-10-13T14:29:34.866+0000] {processor.py:830} INFO - Processing file /opt/airflow/dags/minio_to_snowflake.py for tasks to queue
[2025-10-13T14:29:34.870+0000] {logging_mixin.py:188} INFO - [2025-10-13T14:29:34.870+0000] {dagbag.py:545} INFO - Filling up the DagBag from /opt/airflow/dags/minio_to_snowflake.py
[2025-10-13T14:29:35.759+0000] {processor.py:840} INFO - DAG(s) 'minio_to_snowflake' retrieved from /opt/airflow/dags/minio_to_snowflake.py
[2025-10-13T14:29:35.781+0000] {logging_mixin.py:188} INFO - [2025-10-13T14:29:35.781+0000] {dag.py:3089} INFO - Sync 1 DAGs
[2025-10-13T14:29:35.803+0000] {logging_mixin.py:188} INFO - [2025-10-13T14:29:35.803+0000] {dag.py:3947} INFO - Setting next_dagrun for minio_to_snowflake to 2025-10-13 14:29:00+00:00, run_after=2025-10-13 14:30:00+00:00
[2025-10-13T14:29:35.821+0000] {processor.py:183} INFO - Processing /opt/airflow/dags/minio_to_snowflake.py took 0.962 seconds
[2025-10-13T14:30:06.032+0000] {processor.py:161} INFO - Started process (PID=14590) to work on /opt/airflow/dags/minio_to_snowflake.py
[2025-10-13T14:30:06.034+0000] {processor.py:830} INFO - Processing file /opt/airflow/dags/minio_to_snowflake.py for tasks to queue
[2025-10-13T14:30:06.036+0000] {logging_mixin.py:188} INFO - [2025-10-13T14:30:06.035+0000] {dagbag.py:545} INFO - Filling up the DagBag from /opt/airflow/dags/minio_to_snowflake.py
[2025-10-13T14:30:06.791+0000] {processor.py:840} INFO - DAG(s) 'minio_to_snowflake' retrieved from /opt/airflow/dags/minio_to_snowflake.py
[2025-10-13T14:30:06.816+0000] {logging_mixin.py:188} INFO - [2025-10-13T14:30:06.815+0000] {dag.py:3089} INFO - Sync 1 DAGs
[2025-10-13T14:30:06.839+0000] {logging_mixin.py:188} INFO - [2025-10-13T14:30:06.839+0000] {dag.py:3947} INFO - Setting next_dagrun for minio_to_snowflake to 2025-10-13 14:29:00+00:00, run_after=2025-10-13 14:30:00+00:00
[2025-10-13T14:30:06.858+0000] {processor.py:183} INFO - Processing /opt/airflow/dags/minio_to_snowflake.py took 0.832 seconds
[2025-10-13T14:30:37.292+0000] {processor.py:161} INFO - Started process (PID=14761) to work on /opt/airflow/dags/minio_to_snowflake.py
[2025-10-13T14:30:37.294+0000] {processor.py:830} INFO - Processing file /opt/airflow/dags/minio_to_snowflake.py for tasks to queue
[2025-10-13T14:30:37.296+0000] {logging_mixin.py:188} INFO - [2025-10-13T14:30:37.296+0000] {dagbag.py:545} INFO - Filling up the DagBag from /opt/airflow/dags/minio_to_snowflake.py
[2025-10-13T14:30:38.282+0000] {processor.py:840} INFO - DAG(s) 'minio_to_snowflake' retrieved from /opt/airflow/dags/minio_to_snowflake.py
[2025-10-13T14:30:38.307+0000] {logging_mixin.py:188} INFO - [2025-10-13T14:30:38.306+0000] {dag.py:3089} INFO - Sync 1 DAGs
[2025-10-13T14:30:38.331+0000] {logging_mixin.py:188} INFO - [2025-10-13T14:30:38.330+0000] {dag.py:3947} INFO - Setting next_dagrun for minio_to_snowflake to 2025-10-13 14:29:00+00:00, run_after=2025-10-13 14:30:00+00:00
[2025-10-13T14:30:38.350+0000] {processor.py:183} INFO - Processing /opt/airflow/dags/minio_to_snowflake.py took 1.064 seconds
[2025-10-13T14:31:08.552+0000] {processor.py:161} INFO - Started process (PID=14937) to work on /opt/airflow/dags/minio_to_snowflake.py
[2025-10-13T14:31:08.553+0000] {processor.py:830} INFO - Processing file /opt/airflow/dags/minio_to_snowflake.py for tasks to queue
[2025-10-13T14:31:08.557+0000] {logging_mixin.py:188} INFO - [2025-10-13T14:31:08.556+0000] {dagbag.py:545} INFO - Filling up the DagBag from /opt/airflow/dags/minio_to_snowflake.py
[2025-10-13T14:31:09.861+0000] {processor.py:840} INFO - DAG(s) 'minio_to_snowflake' retrieved from /opt/airflow/dags/minio_to_snowflake.py
[2025-10-13T14:31:09.897+0000] {logging_mixin.py:188} INFO - [2025-10-13T14:31:09.895+0000] {dag.py:3089} INFO - Sync 1 DAGs
[2025-10-13T14:31:09.939+0000] {logging_mixin.py:188} INFO - [2025-10-13T14:31:09.939+0000] {dag.py:3947} INFO - Setting next_dagrun for minio_to_snowflake to 2025-10-13 14:30:00+00:00, run_after=2025-10-13 14:31:00+00:00
[2025-10-13T14:31:09.969+0000] {processor.py:183} INFO - Processing /opt/airflow/dags/minio_to_snowflake.py took 1.426 seconds
[2025-10-13T14:31:40.185+0000] {processor.py:161} INFO - Started process (PID=15131) to work on /opt/airflow/dags/minio_to_snowflake.py
[2025-10-13T14:31:40.186+0000] {processor.py:830} INFO - Processing file /opt/airflow/dags/minio_to_snowflake.py for tasks to queue
[2025-10-13T14:31:40.188+0000] {logging_mixin.py:188} INFO - [2025-10-13T14:31:40.188+0000] {dagbag.py:545} INFO - Filling up the DagBag from /opt/airflow/dags/minio_to_snowflake.py
[2025-10-13T14:31:40.895+0000] {processor.py:840} INFO - DAG(s) 'minio_to_snowflake' retrieved from /opt/airflow/dags/minio_to_snowflake.py
[2025-10-13T14:31:40.917+0000] {logging_mixin.py:188} INFO - [2025-10-13T14:31:40.916+0000] {dag.py:3089} INFO - Sync 1 DAGs
[2025-10-13T14:31:40.936+0000] {logging_mixin.py:188} INFO - [2025-10-13T14:31:40.936+0000] {dag.py:3947} INFO - Setting next_dagrun for minio_to_snowflake to 2025-10-13 14:30:00+00:00, run_after=2025-10-13 14:31:00+00:00
[2025-10-13T14:31:40.953+0000] {processor.py:183} INFO - Processing /opt/airflow/dags/minio_to_snowflake.py took 0.774 seconds
[2025-10-13T14:32:11.147+0000] {processor.py:161} INFO - Started process (PID=15298) to work on /opt/airflow/dags/minio_to_snowflake.py
[2025-10-13T14:32:11.148+0000] {processor.py:830} INFO - Processing file /opt/airflow/dags/minio_to_snowflake.py for tasks to queue
[2025-10-13T14:32:11.151+0000] {logging_mixin.py:188} INFO - [2025-10-13T14:32:11.150+0000] {dagbag.py:545} INFO - Filling up the DagBag from /opt/airflow/dags/minio_to_snowflake.py
[2025-10-13T14:32:11.932+0000] {processor.py:840} INFO - DAG(s) 'minio_to_snowflake' retrieved from /opt/airflow/dags/minio_to_snowflake.py
[2025-10-13T14:32:11.955+0000] {logging_mixin.py:188} INFO - [2025-10-13T14:32:11.954+0000] {dag.py:3089} INFO - Sync 1 DAGs
[2025-10-13T14:32:11.980+0000] {logging_mixin.py:188} INFO - [2025-10-13T14:32:11.979+0000] {dag.py:3947} INFO - Setting next_dagrun for minio_to_snowflake to 2025-10-13 14:31:00+00:00, run_after=2025-10-13 14:32:00+00:00
[2025-10-13T14:32:12.006+0000] {processor.py:183} INFO - Processing /opt/airflow/dags/minio_to_snowflake.py took 0.866 seconds
[2025-10-13T14:32:42.144+0000] {processor.py:161} INFO - Started process (PID=17341) to work on /opt/airflow/dags/minio_to_snowflake.py
[2025-10-13T14:32:42.145+0000] {processor.py:830} INFO - Processing file /opt/airflow/dags/minio_to_snowflake.py for tasks to queue
[2025-10-13T14:32:42.146+0000] {logging_mixin.py:188} INFO - [2025-10-13T14:32:42.146+0000] {dagbag.py:545} INFO - Filling up the DagBag from /opt/airflow/dags/minio_to_snowflake.py
[2025-10-13T14:32:43.001+0000] {processor.py:840} INFO - DAG(s) 'minio_to_snowflake' retrieved from /opt/airflow/dags/minio_to_snowflake.py
[2025-10-13T14:32:43.023+0000] {logging_mixin.py:188} INFO - [2025-10-13T14:32:43.022+0000] {dag.py:3089} INFO - Sync 1 DAGs
[2025-10-13T14:32:43.044+0000] {logging_mixin.py:188} INFO - [2025-10-13T14:32:43.044+0000] {dag.py:3947} INFO - Setting next_dagrun for minio_to_snowflake to 2025-10-13 14:32:00+00:00, run_after=2025-10-13 14:33:00+00:00
[2025-10-13T14:32:43.062+0000] {processor.py:183} INFO - Processing /opt/airflow/dags/minio_to_snowflake.py took 0.924 seconds
[2025-10-13T14:33:13.390+0000] {processor.py:161} INFO - Started process (PID=17575) to work on /opt/airflow/dags/minio_to_snowflake.py
[2025-10-13T14:33:13.395+0000] {processor.py:830} INFO - Processing file /opt/airflow/dags/minio_to_snowflake.py for tasks to queue
[2025-10-13T14:33:13.406+0000] {logging_mixin.py:188} INFO - [2025-10-13T14:33:13.405+0000] {dagbag.py:545} INFO - Filling up the DagBag from /opt/airflow/dags/minio_to_snowflake.py
[2025-10-13T14:33:14.303+0000] {processor.py:840} INFO - DAG(s) 'minio_to_snowflake' retrieved from /opt/airflow/dags/minio_to_snowflake.py
[2025-10-13T14:33:14.335+0000] {logging_mixin.py:188} INFO - [2025-10-13T14:33:14.334+0000] {dag.py:3089} INFO - Sync 1 DAGs
[2025-10-13T14:33:14.368+0000] {logging_mixin.py:188} INFO - [2025-10-13T14:33:14.368+0000] {dag.py:3947} INFO - Setting next_dagrun for minio_to_snowflake to 2025-10-13 14:32:00+00:00, run_after=2025-10-13 14:33:00+00:00
[2025-10-13T14:33:14.388+0000] {processor.py:183} INFO - Processing /opt/airflow/dags/minio_to_snowflake.py took 1.005 seconds
[2025-10-13T14:33:44.577+0000] {processor.py:161} INFO - Started process (PID=17776) to work on /opt/airflow/dags/minio_to_snowflake.py
[2025-10-13T14:33:44.578+0000] {processor.py:830} INFO - Processing file /opt/airflow/dags/minio_to_snowflake.py for tasks to queue
[2025-10-13T14:33:44.581+0000] {logging_mixin.py:188} INFO - [2025-10-13T14:33:44.580+0000] {dagbag.py:545} INFO - Filling up the DagBag from /opt/airflow/dags/minio_to_snowflake.py
[2025-10-13T14:33:45.315+0000] {processor.py:840} INFO - DAG(s) 'minio_to_snowflake' retrieved from /opt/airflow/dags/minio_to_snowflake.py
[2025-10-13T14:33:45.342+0000] {logging_mixin.py:188} INFO - [2025-10-13T14:33:45.342+0000] {dag.py:3089} INFO - Sync 1 DAGs
[2025-10-13T14:33:45.367+0000] {logging_mixin.py:188} INFO - [2025-10-13T14:33:45.366+0000] {dag.py:3947} INFO - Setting next_dagrun for minio_to_snowflake to 2025-10-13 14:32:00+00:00, run_after=2025-10-13 14:33:00+00:00
[2025-10-13T14:33:45.386+0000] {processor.py:183} INFO - Processing /opt/airflow/dags/minio_to_snowflake.py took 0.816 seconds
[2025-10-13T14:34:15.619+0000] {processor.py:161} INFO - Started process (PID=17967) to work on /opt/airflow/dags/minio_to_snowflake.py
[2025-10-13T14:34:15.620+0000] {processor.py:830} INFO - Processing file /opt/airflow/dags/minio_to_snowflake.py for tasks to queue
[2025-10-13T14:34:15.622+0000] {logging_mixin.py:188} INFO - [2025-10-13T14:34:15.622+0000] {dagbag.py:545} INFO - Filling up the DagBag from /opt/airflow/dags/minio_to_snowflake.py
[2025-10-13T14:34:16.648+0000] {processor.py:840} INFO - DAG(s) 'minio_to_snowflake' retrieved from /opt/airflow/dags/minio_to_snowflake.py
[2025-10-13T14:34:16.679+0000] {logging_mixin.py:188} INFO - [2025-10-13T14:34:16.678+0000] {dag.py:3089} INFO - Sync 1 DAGs
[2025-10-13T14:34:16.709+0000] {logging_mixin.py:188} INFO - [2025-10-13T14:34:16.708+0000] {dag.py:3947} INFO - Setting next_dagrun for minio_to_snowflake to 2025-10-13 14:33:00+00:00, run_after=2025-10-13 14:34:00+00:00
[2025-10-13T14:34:16.740+0000] {processor.py:183} INFO - Processing /opt/airflow/dags/minio_to_snowflake.py took 1.127 seconds
[2025-10-13T14:34:46.843+0000] {processor.py:161} INFO - Started process (PID=18171) to work on /opt/airflow/dags/minio_to_snowflake.py
[2025-10-13T14:34:46.844+0000] {processor.py:830} INFO - Processing file /opt/airflow/dags/minio_to_snowflake.py for tasks to queue
[2025-10-13T14:34:46.847+0000] {logging_mixin.py:188} INFO - [2025-10-13T14:34:46.846+0000] {dagbag.py:545} INFO - Filling up the DagBag from /opt/airflow/dags/minio_to_snowflake.py
[2025-10-13T14:34:47.847+0000] {processor.py:840} INFO - DAG(s) 'minio_to_snowflake' retrieved from /opt/airflow/dags/minio_to_snowflake.py
[2025-10-13T14:34:47.877+0000] {logging_mixin.py:188} INFO - [2025-10-13T14:34:47.876+0000] {dag.py:3089} INFO - Sync 1 DAGs
[2025-10-13T14:34:47.904+0000] {logging_mixin.py:188} INFO - [2025-10-13T14:34:47.904+0000] {dag.py:3947} INFO - Setting next_dagrun for minio_to_snowflake to 2025-10-13 14:33:00+00:00, run_after=2025-10-13 14:34:00+00:00
[2025-10-13T14:34:47.925+0000] {processor.py:183} INFO - Processing /opt/airflow/dags/minio_to_snowflake.py took 1.090 seconds
[2025-10-13T14:35:18.126+0000] {processor.py:161} INFO - Started process (PID=18354) to work on /opt/airflow/dags/minio_to_snowflake.py
[2025-10-13T14:35:18.127+0000] {processor.py:830} INFO - Processing file /opt/airflow/dags/minio_to_snowflake.py for tasks to queue
[2025-10-13T14:35:18.129+0000] {logging_mixin.py:188} INFO - [2025-10-13T14:35:18.129+0000] {dagbag.py:545} INFO - Filling up the DagBag from /opt/airflow/dags/minio_to_snowflake.py
[2025-10-13T14:35:18.849+0000] {processor.py:840} INFO - DAG(s) 'minio_to_snowflake' retrieved from /opt/airflow/dags/minio_to_snowflake.py
[2025-10-13T14:35:18.871+0000] {logging_mixin.py:188} INFO - [2025-10-13T14:35:18.870+0000] {dag.py:3089} INFO - Sync 1 DAGs
[2025-10-13T14:35:18.893+0000] {logging_mixin.py:188} INFO - [2025-10-13T14:35:18.892+0000] {dag.py:3947} INFO - Setting next_dagrun for minio_to_snowflake to 2025-10-13 14:34:00+00:00, run_after=2025-10-13 14:35:00+00:00
[2025-10-13T14:35:18.915+0000] {processor.py:183} INFO - Processing /opt/airflow/dags/minio_to_snowflake.py took 0.796 seconds
[2025-10-13T14:35:49.271+0000] {processor.py:161} INFO - Started process (PID=20459) to work on /opt/airflow/dags/minio_to_snowflake.py
[2025-10-13T14:35:49.274+0000] {processor.py:830} INFO - Processing file /opt/airflow/dags/minio_to_snowflake.py for tasks to queue
[2025-10-13T14:35:49.280+0000] {logging_mixin.py:188} INFO - [2025-10-13T14:35:49.280+0000] {dagbag.py:545} INFO - Filling up the DagBag from /opt/airflow/dags/minio_to_snowflake.py
[2025-10-13T14:35:50.659+0000] {processor.py:840} INFO - DAG(s) 'minio_to_snowflake' retrieved from /opt/airflow/dags/minio_to_snowflake.py
[2025-10-13T14:35:50.690+0000] {logging_mixin.py:188} INFO - [2025-10-13T14:35:50.690+0000] {dag.py:3089} INFO - Sync 1 DAGs
[2025-10-13T14:35:50.747+0000] {logging_mixin.py:188} INFO - [2025-10-13T14:35:50.747+0000] {dag.py:3947} INFO - Setting next_dagrun for minio_to_snowflake to 2025-10-13 14:35:00+00:00, run_after=2025-10-13 14:36:00+00:00
[2025-10-13T14:35:50.791+0000] {processor.py:183} INFO - Processing /opt/airflow/dags/minio_to_snowflake.py took 1.540 seconds
[2025-10-13T14:36:21.039+0000] {processor.py:161} INFO - Started process (PID=20626) to work on /opt/airflow/dags/minio_to_snowflake.py
[2025-10-13T14:36:21.041+0000] {processor.py:830} INFO - Processing file /opt/airflow/dags/minio_to_snowflake.py for tasks to queue
[2025-10-13T14:36:21.043+0000] {logging_mixin.py:188} INFO - [2025-10-13T14:36:21.042+0000] {dagbag.py:545} INFO - Filling up the DagBag from /opt/airflow/dags/minio_to_snowflake.py
[2025-10-13T14:36:21.742+0000] {processor.py:840} INFO - DAG(s) 'minio_to_snowflake' retrieved from /opt/airflow/dags/minio_to_snowflake.py
[2025-10-13T14:36:21.771+0000] {logging_mixin.py:188} INFO - [2025-10-13T14:36:21.770+0000] {dag.py:3089} INFO - Sync 1 DAGs
[2025-10-13T14:36:21.794+0000] {logging_mixin.py:188} INFO - [2025-10-13T14:36:21.794+0000] {dag.py:3947} INFO - Setting next_dagrun for minio_to_snowflake to 2025-10-13 14:35:00+00:00, run_after=2025-10-13 14:36:00+00:00
[2025-10-13T14:36:21.813+0000] {processor.py:183} INFO - Processing /opt/airflow/dags/minio_to_snowflake.py took 0.780 seconds
[2025-10-13T14:36:52.031+0000] {processor.py:161} INFO - Started process (PID=20811) to work on /opt/airflow/dags/minio_to_snowflake.py
[2025-10-13T14:36:52.033+0000] {processor.py:830} INFO - Processing file /opt/airflow/dags/minio_to_snowflake.py for tasks to queue
[2025-10-13T14:36:52.035+0000] {logging_mixin.py:188} INFO - [2025-10-13T14:36:52.034+0000] {dagbag.py:545} INFO - Filling up the DagBag from /opt/airflow/dags/minio_to_snowflake.py
[2025-10-13T14:36:52.721+0000] {processor.py:840} INFO - DAG(s) 'minio_to_snowflake' retrieved from /opt/airflow/dags/minio_to_snowflake.py
[2025-10-13T14:36:52.743+0000] {logging_mixin.py:188} INFO - [2025-10-13T14:36:52.743+0000] {dag.py:3089} INFO - Sync 1 DAGs
[2025-10-13T14:36:52.766+0000] {logging_mixin.py:188} INFO - [2025-10-13T14:36:52.765+0000] {dag.py:3947} INFO - Setting next_dagrun for minio_to_snowflake to 2025-10-13 14:35:00+00:00, run_after=2025-10-13 14:36:00+00:00
[2025-10-13T14:36:52.784+0000] {processor.py:183} INFO - Processing /opt/airflow/dags/minio_to_snowflake.py took 0.759 seconds
[2025-10-13T14:37:22.911+0000] {processor.py:161} INFO - Started process (PID=20981) to work on /opt/airflow/dags/minio_to_snowflake.py
[2025-10-13T14:37:22.913+0000] {processor.py:830} INFO - Processing file /opt/airflow/dags/minio_to_snowflake.py for tasks to queue
[2025-10-13T14:37:22.915+0000] {logging_mixin.py:188} INFO - [2025-10-13T14:37:22.915+0000] {dagbag.py:545} INFO - Filling up the DagBag from /opt/airflow/dags/minio_to_snowflake.py
[2025-10-13T14:37:23.599+0000] {processor.py:840} INFO - DAG(s) 'minio_to_snowflake' retrieved from /opt/airflow/dags/minio_to_snowflake.py
[2025-10-13T14:37:23.620+0000] {logging_mixin.py:188} INFO - [2025-10-13T14:37:23.619+0000] {dag.py:3089} INFO - Sync 1 DAGs
[2025-10-13T14:37:23.641+0000] {logging_mixin.py:188} INFO - [2025-10-13T14:37:23.640+0000] {dag.py:3947} INFO - Setting next_dagrun for minio_to_snowflake to 2025-10-13 14:36:00+00:00, run_after=2025-10-13 14:37:00+00:00
[2025-10-13T14:37:23.658+0000] {processor.py:183} INFO - Processing /opt/airflow/dags/minio_to_snowflake.py took 0.752 seconds
[2025-10-13T14:37:53.905+0000] {processor.py:161} INFO - Started process (PID=21173) to work on /opt/airflow/dags/minio_to_snowflake.py
[2025-10-13T14:37:53.906+0000] {processor.py:830} INFO - Processing file /opt/airflow/dags/minio_to_snowflake.py for tasks to queue
[2025-10-13T14:37:53.907+0000] {logging_mixin.py:188} INFO - [2025-10-13T14:37:53.907+0000] {dagbag.py:545} INFO - Filling up the DagBag from /opt/airflow/dags/minio_to_snowflake.py
[2025-10-13T14:37:54.630+0000] {processor.py:840} INFO - DAG(s) 'minio_to_snowflake' retrieved from /opt/airflow/dags/minio_to_snowflake.py
[2025-10-13T14:37:54.655+0000] {logging_mixin.py:188} INFO - [2025-10-13T14:37:54.654+0000] {dag.py:3089} INFO - Sync 1 DAGs
[2025-10-13T14:37:54.677+0000] {logging_mixin.py:188} INFO - [2025-10-13T14:37:54.677+0000] {dag.py:3947} INFO - Setting next_dagrun for minio_to_snowflake to 2025-10-13 14:36:00+00:00, run_after=2025-10-13 14:37:00+00:00
[2025-10-13T14:37:54.696+0000] {processor.py:183} INFO - Processing /opt/airflow/dags/minio_to_snowflake.py took 0.797 seconds
[2025-10-13T14:38:24.935+0000] {processor.py:161} INFO - Started process (PID=21358) to work on /opt/airflow/dags/minio_to_snowflake.py
[2025-10-13T14:38:24.937+0000] {processor.py:830} INFO - Processing file /opt/airflow/dags/minio_to_snowflake.py for tasks to queue
[2025-10-13T14:38:24.939+0000] {logging_mixin.py:188} INFO - [2025-10-13T14:38:24.938+0000] {dagbag.py:545} INFO - Filling up the DagBag from /opt/airflow/dags/minio_to_snowflake.py
[2025-10-13T14:38:25.663+0000] {processor.py:840} INFO - DAG(s) 'minio_to_snowflake' retrieved from /opt/airflow/dags/minio_to_snowflake.py
[2025-10-13T14:38:25.688+0000] {logging_mixin.py:188} INFO - [2025-10-13T14:38:25.688+0000] {dag.py:3089} INFO - Sync 1 DAGs
[2025-10-13T14:38:25.711+0000] {logging_mixin.py:188} INFO - [2025-10-13T14:38:25.710+0000] {dag.py:3947} INFO - Setting next_dagrun for minio_to_snowflake to 2025-10-13 14:37:00+00:00, run_after=2025-10-13 14:38:00+00:00
[2025-10-13T14:38:25.730+0000] {processor.py:183} INFO - Processing /opt/airflow/dags/minio_to_snowflake.py took 0.801 seconds
[2025-10-13T14:38:56.079+0000] {processor.py:161} INFO - Started process (PID=22827) to work on /opt/airflow/dags/minio_to_snowflake.py
[2025-10-13T14:38:56.081+0000] {processor.py:830} INFO - Processing file /opt/airflow/dags/minio_to_snowflake.py for tasks to queue
[2025-10-13T14:38:56.091+0000] {logging_mixin.py:188} INFO - [2025-10-13T14:38:56.090+0000] {dagbag.py:545} INFO - Filling up the DagBag from /opt/airflow/dags/minio_to_snowflake.py
[2025-10-13T14:38:57.098+0000] {processor.py:840} INFO - DAG(s) 'minio_to_snowflake' retrieved from /opt/airflow/dags/minio_to_snowflake.py
[2025-10-13T14:38:57.128+0000] {logging_mixin.py:188} INFO - [2025-10-13T14:38:57.127+0000] {dag.py:3089} INFO - Sync 1 DAGs
[2025-10-13T14:38:57.153+0000] {logging_mixin.py:188} INFO - [2025-10-13T14:38:57.153+0000] {dag.py:3947} INFO - Setting next_dagrun for minio_to_snowflake to 2025-10-13 14:38:00+00:00, run_after=2025-10-13 14:39:00+00:00
[2025-10-13T14:38:57.173+0000] {processor.py:183} INFO - Processing /opt/airflow/dags/minio_to_snowflake.py took 1.104 seconds
[2025-10-13T14:39:27.312+0000] {processor.py:161} INFO - Started process (PID=23616) to work on /opt/airflow/dags/minio_to_snowflake.py
[2025-10-13T14:39:27.313+0000] {processor.py:830} INFO - Processing file /opt/airflow/dags/minio_to_snowflake.py for tasks to queue
[2025-10-13T14:39:27.315+0000] {logging_mixin.py:188} INFO - [2025-10-13T14:39:27.315+0000] {dagbag.py:545} INFO - Filling up the DagBag from /opt/airflow/dags/minio_to_snowflake.py
[2025-10-13T14:39:28.277+0000] {processor.py:840} INFO - DAG(s) 'minio_to_snowflake' retrieved from /opt/airflow/dags/minio_to_snowflake.py
[2025-10-13T14:39:28.301+0000] {logging_mixin.py:188} INFO - [2025-10-13T14:39:28.301+0000] {dag.py:3089} INFO - Sync 1 DAGs
[2025-10-13T14:39:28.324+0000] {logging_mixin.py:188} INFO - [2025-10-13T14:39:28.323+0000] {dag.py:3947} INFO - Setting next_dagrun for minio_to_snowflake to 2025-10-13 14:38:00+00:00, run_after=2025-10-13 14:39:00+00:00
[2025-10-13T14:39:28.342+0000] {processor.py:183} INFO - Processing /opt/airflow/dags/minio_to_snowflake.py took 1.037 seconds
[2025-10-13T14:39:58.590+0000] {processor.py:161} INFO - Started process (PID=23820) to work on /opt/airflow/dags/minio_to_snowflake.py
[2025-10-13T14:39:58.591+0000] {processor.py:830} INFO - Processing file /opt/airflow/dags/minio_to_snowflake.py for tasks to queue
[2025-10-13T14:39:58.594+0000] {logging_mixin.py:188} INFO - [2025-10-13T14:39:58.593+0000] {dagbag.py:545} INFO - Filling up the DagBag from /opt/airflow/dags/minio_to_snowflake.py
[2025-10-13T14:39:59.305+0000] {processor.py:840} INFO - DAG(s) 'minio_to_snowflake' retrieved from /opt/airflow/dags/minio_to_snowflake.py
[2025-10-13T14:39:59.329+0000] {logging_mixin.py:188} INFO - [2025-10-13T14:39:59.327+0000] {dag.py:3089} INFO - Sync 1 DAGs
[2025-10-13T14:39:59.353+0000] {logging_mixin.py:188} INFO - [2025-10-13T14:39:59.353+0000] {dag.py:3947} INFO - Setting next_dagrun for minio_to_snowflake to 2025-10-13 14:38:00+00:00, run_after=2025-10-13 14:39:00+00:00
[2025-10-13T14:39:59.371+0000] {processor.py:183} INFO - Processing /opt/airflow/dags/minio_to_snowflake.py took 0.788 seconds
[2025-10-13T14:40:29.681+0000] {processor.py:161} INFO - Started process (PID=24009) to work on /opt/airflow/dags/minio_to_snowflake.py
[2025-10-13T14:40:29.683+0000] {processor.py:830} INFO - Processing file /opt/airflow/dags/minio_to_snowflake.py for tasks to queue
[2025-10-13T14:40:29.686+0000] {logging_mixin.py:188} INFO - [2025-10-13T14:40:29.686+0000] {dagbag.py:545} INFO - Filling up the DagBag from /opt/airflow/dags/minio_to_snowflake.py
[2025-10-13T14:40:30.741+0000] {processor.py:840} INFO - DAG(s) 'minio_to_snowflake' retrieved from /opt/airflow/dags/minio_to_snowflake.py
[2025-10-13T14:40:30.765+0000] {logging_mixin.py:188} INFO - [2025-10-13T14:40:30.764+0000] {dag.py:3089} INFO - Sync 1 DAGs
[2025-10-13T14:40:30.788+0000] {logging_mixin.py:188} INFO - [2025-10-13T14:40:30.787+0000] {dag.py:3947} INFO - Setting next_dagrun for minio_to_snowflake to 2025-10-13 14:39:00+00:00, run_after=2025-10-13 14:40:00+00:00
[2025-10-13T14:40:30.811+0000] {processor.py:183} INFO - Processing /opt/airflow/dags/minio_to_snowflake.py took 1.140 seconds
[2025-10-13T14:41:01.002+0000] {processor.py:161} INFO - Started process (PID=24213) to work on /opt/airflow/dags/minio_to_snowflake.py
[2025-10-13T14:41:01.003+0000] {processor.py:830} INFO - Processing file /opt/airflow/dags/minio_to_snowflake.py for tasks to queue
[2025-10-13T14:41:01.006+0000] {logging_mixin.py:188} INFO - [2025-10-13T14:41:01.005+0000] {dagbag.py:545} INFO - Filling up the DagBag from /opt/airflow/dags/minio_to_snowflake.py
[2025-10-13T14:41:01.759+0000] {processor.py:840} INFO - DAG(s) 'minio_to_snowflake' retrieved from /opt/airflow/dags/minio_to_snowflake.py
[2025-10-13T14:41:01.786+0000] {logging_mixin.py:188} INFO - [2025-10-13T14:41:01.786+0000] {dag.py:3089} INFO - Sync 1 DAGs
[2025-10-13T14:41:01.807+0000] {logging_mixin.py:188} INFO - [2025-10-13T14:41:01.807+0000] {dag.py:3947} INFO - Setting next_dagrun for minio_to_snowflake to 2025-10-13 14:40:00+00:00, run_after=2025-10-13 14:41:00+00:00
[2025-10-13T14:41:01.825+0000] {processor.py:183} INFO - Processing /opt/airflow/dags/minio_to_snowflake.py took 0.829 seconds
[2025-10-13T14:41:32.072+0000] {processor.py:161} INFO - Started process (PID=24409) to work on /opt/airflow/dags/minio_to_snowflake.py
[2025-10-13T14:41:32.073+0000] {processor.py:830} INFO - Processing file /opt/airflow/dags/minio_to_snowflake.py for tasks to queue
[2025-10-13T14:41:32.075+0000] {logging_mixin.py:188} INFO - [2025-10-13T14:41:32.074+0000] {dagbag.py:545} INFO - Filling up the DagBag from /opt/airflow/dags/minio_to_snowflake.py
[2025-10-13T14:41:32.751+0000] {processor.py:840} INFO - DAG(s) 'minio_to_snowflake' retrieved from /opt/airflow/dags/minio_to_snowflake.py
[2025-10-13T14:41:32.775+0000] {logging_mixin.py:188} INFO - [2025-10-13T14:41:32.775+0000] {dag.py:3089} INFO - Sync 1 DAGs
[2025-10-13T14:41:32.795+0000] {logging_mixin.py:188} INFO - [2025-10-13T14:41:32.795+0000] {dag.py:3947} INFO - Setting next_dagrun for minio_to_snowflake to 2025-10-13 14:40:00+00:00, run_after=2025-10-13 14:41:00+00:00
[2025-10-13T14:41:32.815+0000] {processor.py:183} INFO - Processing /opt/airflow/dags/minio_to_snowflake.py took 0.748 seconds
[2025-10-13T14:42:03.036+0000] {processor.py:161} INFO - Started process (PID=26384) to work on /opt/airflow/dags/minio_to_snowflake.py
[2025-10-13T14:42:03.037+0000] {processor.py:830} INFO - Processing file /opt/airflow/dags/minio_to_snowflake.py for tasks to queue
[2025-10-13T14:42:03.039+0000] {logging_mixin.py:188} INFO - [2025-10-13T14:42:03.038+0000] {dagbag.py:545} INFO - Filling up the DagBag from /opt/airflow/dags/minio_to_snowflake.py
[2025-10-13T14:42:03.857+0000] {processor.py:840} INFO - DAG(s) 'minio_to_snowflake' retrieved from /opt/airflow/dags/minio_to_snowflake.py
[2025-10-13T14:42:03.885+0000] {logging_mixin.py:188} INFO - [2025-10-13T14:42:03.884+0000] {dag.py:3089} INFO - Sync 1 DAGs
[2025-10-13T14:42:03.908+0000] {logging_mixin.py:188} INFO - [2025-10-13T14:42:03.907+0000] {dag.py:3947} INFO - Setting next_dagrun for minio_to_snowflake to 2025-10-13 14:41:00+00:00, run_after=2025-10-13 14:42:00+00:00
[2025-10-13T14:42:03.924+0000] {processor.py:183} INFO - Processing /opt/airflow/dags/minio_to_snowflake.py took 0.894 seconds
[2025-10-13T14:42:34.194+0000] {processor.py:161} INFO - Started process (PID=26693) to work on /opt/airflow/dags/minio_to_snowflake.py
[2025-10-13T14:42:34.195+0000] {processor.py:830} INFO - Processing file /opt/airflow/dags/minio_to_snowflake.py for tasks to queue
[2025-10-13T14:42:34.197+0000] {logging_mixin.py:188} INFO - [2025-10-13T14:42:34.197+0000] {dagbag.py:545} INFO - Filling up the DagBag from /opt/airflow/dags/minio_to_snowflake.py
[2025-10-13T14:42:34.949+0000] {processor.py:840} INFO - DAG(s) 'minio_to_snowflake' retrieved from /opt/airflow/dags/minio_to_snowflake.py
[2025-10-13T14:42:34.994+0000] {logging_mixin.py:188} INFO - [2025-10-13T14:42:34.983+0000] {dag.py:3089} INFO - Sync 1 DAGs
[2025-10-13T14:42:35.067+0000] {logging_mixin.py:188} INFO - [2025-10-13T14:42:35.066+0000] {dag.py:3947} INFO - Setting next_dagrun for minio_to_snowflake to 2025-10-13 14:41:00+00:00, run_after=2025-10-13 14:42:00+00:00
[2025-10-13T14:42:35.107+0000] {processor.py:183} INFO - Processing /opt/airflow/dags/minio_to_snowflake.py took 0.919 seconds
[2025-10-13T14:43:05.361+0000] {processor.py:161} INFO - Started process (PID=26899) to work on /opt/airflow/dags/minio_to_snowflake.py
[2025-10-13T14:43:05.363+0000] {processor.py:830} INFO - Processing file /opt/airflow/dags/minio_to_snowflake.py for tasks to queue
[2025-10-13T14:43:05.365+0000] {logging_mixin.py:188} INFO - [2025-10-13T14:43:05.365+0000] {dagbag.py:545} INFO - Filling up the DagBag from /opt/airflow/dags/minio_to_snowflake.py
[2025-10-13T14:43:06.208+0000] {processor.py:840} INFO - DAG(s) 'minio_to_snowflake' retrieved from /opt/airflow/dags/minio_to_snowflake.py
[2025-10-13T14:43:06.234+0000] {logging_mixin.py:188} INFO - [2025-10-13T14:43:06.233+0000] {dag.py:3089} INFO - Sync 1 DAGs
[2025-10-13T14:43:06.256+0000] {logging_mixin.py:188} INFO - [2025-10-13T14:43:06.256+0000] {dag.py:3947} INFO - Setting next_dagrun for minio_to_snowflake to 2025-10-13 14:42:00+00:00, run_after=2025-10-13 14:43:00+00:00
[2025-10-13T14:43:06.277+0000] {processor.py:183} INFO - Processing /opt/airflow/dags/minio_to_snowflake.py took 0.922 seconds
[2025-10-13T14:43:36.497+0000] {processor.py:161} INFO - Started process (PID=27089) to work on /opt/airflow/dags/minio_to_snowflake.py
[2025-10-13T14:43:36.498+0000] {processor.py:830} INFO - Processing file /opt/airflow/dags/minio_to_snowflake.py for tasks to queue
[2025-10-13T14:43:36.501+0000] {logging_mixin.py:188} INFO - [2025-10-13T14:43:36.500+0000] {dagbag.py:545} INFO - Filling up the DagBag from /opt/airflow/dags/minio_to_snowflake.py
[2025-10-13T14:43:37.245+0000] {processor.py:840} INFO - DAG(s) 'minio_to_snowflake' retrieved from /opt/airflow/dags/minio_to_snowflake.py
[2025-10-13T14:43:37.271+0000] {logging_mixin.py:188} INFO - [2025-10-13T14:43:37.270+0000] {dag.py:3089} INFO - Sync 1 DAGs
[2025-10-13T14:43:37.300+0000] {logging_mixin.py:188} INFO - [2025-10-13T14:43:37.300+0000] {dag.py:3947} INFO - Setting next_dagrun for minio_to_snowflake to 2025-10-13 14:42:00+00:00, run_after=2025-10-13 14:43:00+00:00
[2025-10-13T14:43:37.327+0000] {processor.py:183} INFO - Processing /opt/airflow/dags/minio_to_snowflake.py took 0.836 seconds
[2025-10-13T14:44:07.552+0000] {processor.py:161} INFO - Started process (PID=27282) to work on /opt/airflow/dags/minio_to_snowflake.py
[2025-10-13T14:44:07.554+0000] {processor.py:830} INFO - Processing file /opt/airflow/dags/minio_to_snowflake.py for tasks to queue
[2025-10-13T14:44:07.556+0000] {logging_mixin.py:188} INFO - [2025-10-13T14:44:07.555+0000] {dagbag.py:545} INFO - Filling up the DagBag from /opt/airflow/dags/minio_to_snowflake.py
[2025-10-13T14:44:08.580+0000] {processor.py:840} INFO - DAG(s) 'minio_to_snowflake' retrieved from /opt/airflow/dags/minio_to_snowflake.py
[2025-10-13T14:44:08.603+0000] {logging_mixin.py:188} INFO - [2025-10-13T14:44:08.602+0000] {dag.py:3089} INFO - Sync 1 DAGs
[2025-10-13T14:44:08.623+0000] {logging_mixin.py:188} INFO - [2025-10-13T14:44:08.623+0000] {dag.py:3947} INFO - Setting next_dagrun for minio_to_snowflake to 2025-10-13 14:43:00+00:00, run_after=2025-10-13 14:44:00+00:00
[2025-10-13T14:44:08.640+0000] {processor.py:183} INFO - Processing /opt/airflow/dags/minio_to_snowflake.py took 1.094 seconds
[2025-10-13T14:44:38.755+0000] {processor.py:161} INFO - Started process (PID=27468) to work on /opt/airflow/dags/minio_to_snowflake.py
[2025-10-13T14:44:38.756+0000] {processor.py:830} INFO - Processing file /opt/airflow/dags/minio_to_snowflake.py for tasks to queue
[2025-10-13T14:44:38.758+0000] {logging_mixin.py:188} INFO - [2025-10-13T14:44:38.758+0000] {dagbag.py:545} INFO - Filling up the DagBag from /opt/airflow/dags/minio_to_snowflake.py
[2025-10-13T14:44:39.514+0000] {processor.py:840} INFO - DAG(s) 'minio_to_snowflake' retrieved from /opt/airflow/dags/minio_to_snowflake.py
[2025-10-13T14:44:39.545+0000] {logging_mixin.py:188} INFO - [2025-10-13T14:44:39.544+0000] {dag.py:3089} INFO - Sync 1 DAGs
[2025-10-13T14:44:39.571+0000] {logging_mixin.py:188} INFO - [2025-10-13T14:44:39.571+0000] {dag.py:3947} INFO - Setting next_dagrun for minio_to_snowflake to 2025-10-13 14:43:00+00:00, run_after=2025-10-13 14:44:00+00:00
[2025-10-13T14:44:39.590+0000] {processor.py:183} INFO - Processing /opt/airflow/dags/minio_to_snowflake.py took 0.842 seconds
[2025-10-13T14:45:09.868+0000] {processor.py:161} INFO - Started process (PID=29569) to work on /opt/airflow/dags/minio_to_snowflake.py
[2025-10-13T14:45:09.870+0000] {processor.py:830} INFO - Processing file /opt/airflow/dags/minio_to_snowflake.py for tasks to queue
[2025-10-13T14:45:09.874+0000] {logging_mixin.py:188} INFO - [2025-10-13T14:45:09.873+0000] {dagbag.py:545} INFO - Filling up the DagBag from /opt/airflow/dags/minio_to_snowflake.py
[2025-10-13T14:45:11.752+0000] {processor.py:840} INFO - DAG(s) 'minio_to_snowflake' retrieved from /opt/airflow/dags/minio_to_snowflake.py
[2025-10-13T14:45:11.785+0000] {logging_mixin.py:188} INFO - [2025-10-13T14:45:11.784+0000] {dag.py:3089} INFO - Sync 1 DAGs
[2025-10-13T14:45:11.816+0000] {logging_mixin.py:188} INFO - [2025-10-13T14:45:11.816+0000] {dag.py:3947} INFO - Setting next_dagrun for minio_to_snowflake to 2025-10-13 14:44:00+00:00, run_after=2025-10-13 14:45:00+00:00
[2025-10-13T14:45:11.861+0000] {processor.py:183} INFO - Processing /opt/airflow/dags/minio_to_snowflake.py took 2.018 seconds
[2025-10-13T14:45:42.066+0000] {processor.py:161} INFO - Started process (PID=29720) to work on /opt/airflow/dags/minio_to_snowflake.py
[2025-10-13T14:45:42.068+0000] {processor.py:830} INFO - Processing file /opt/airflow/dags/minio_to_snowflake.py for tasks to queue
[2025-10-13T14:45:42.071+0000] {logging_mixin.py:188} INFO - [2025-10-13T14:45:42.070+0000] {dagbag.py:545} INFO - Filling up the DagBag from /opt/airflow/dags/minio_to_snowflake.py
[2025-10-13T14:45:43.021+0000] {processor.py:840} INFO - DAG(s) 'minio_to_snowflake' retrieved from /opt/airflow/dags/minio_to_snowflake.py
[2025-10-13T14:45:43.061+0000] {logging_mixin.py:188} INFO - [2025-10-13T14:45:43.058+0000] {dag.py:3089} INFO - Sync 1 DAGs
[2025-10-13T14:45:43.094+0000] {logging_mixin.py:188} INFO - [2025-10-13T14:45:43.094+0000] {dag.py:3947} INFO - Setting next_dagrun for minio_to_snowflake to 2025-10-13 14:44:00+00:00, run_after=2025-10-13 14:45:00+00:00
[2025-10-13T14:45:43.117+0000] {processor.py:183} INFO - Processing /opt/airflow/dags/minio_to_snowflake.py took 1.060 seconds
[2025-10-13T14:46:13.333+0000] {processor.py:161} INFO - Started process (PID=29905) to work on /opt/airflow/dags/minio_to_snowflake.py
[2025-10-13T14:46:13.334+0000] {processor.py:830} INFO - Processing file /opt/airflow/dags/minio_to_snowflake.py for tasks to queue
[2025-10-13T14:46:13.336+0000] {logging_mixin.py:188} INFO - [2025-10-13T14:46:13.336+0000] {dagbag.py:545} INFO - Filling up the DagBag from /opt/airflow/dags/minio_to_snowflake.py
[2025-10-13T14:46:14.010+0000] {processor.py:840} INFO - DAG(s) 'minio_to_snowflake' retrieved from /opt/airflow/dags/minio_to_snowflake.py
[2025-10-13T14:46:14.037+0000] {logging_mixin.py:188} INFO - [2025-10-13T14:46:14.036+0000] {dag.py:3089} INFO - Sync 1 DAGs
[2025-10-13T14:46:14.061+0000] {logging_mixin.py:188} INFO - [2025-10-13T14:46:14.061+0000] {dag.py:3947} INFO - Setting next_dagrun for minio_to_snowflake to 2025-10-13 14:45:00+00:00, run_after=2025-10-13 14:46:00+00:00
[2025-10-13T14:46:14.082+0000] {processor.py:183} INFO - Processing /opt/airflow/dags/minio_to_snowflake.py took 0.754 seconds
[2025-10-13T14:46:44.328+0000] {processor.py:161} INFO - Started process (PID=30106) to work on /opt/airflow/dags/minio_to_snowflake.py
[2025-10-13T14:46:44.329+0000] {processor.py:830} INFO - Processing file /opt/airflow/dags/minio_to_snowflake.py for tasks to queue
[2025-10-13T14:46:44.332+0000] {logging_mixin.py:188} INFO - [2025-10-13T14:46:44.332+0000] {dagbag.py:545} INFO - Filling up the DagBag from /opt/airflow/dags/minio_to_snowflake.py
[2025-10-13T14:46:45.104+0000] {processor.py:840} INFO - DAG(s) 'minio_to_snowflake' retrieved from /opt/airflow/dags/minio_to_snowflake.py
[2025-10-13T14:46:45.130+0000] {logging_mixin.py:188} INFO - [2025-10-13T14:46:45.129+0000] {dag.py:3089} INFO - Sync 1 DAGs
[2025-10-13T14:46:45.153+0000] {logging_mixin.py:188} INFO - [2025-10-13T14:46:45.153+0000] {dag.py:3947} INFO - Setting next_dagrun for minio_to_snowflake to 2025-10-13 14:45:00+00:00, run_after=2025-10-13 14:46:00+00:00
[2025-10-13T14:46:45.173+0000] {processor.py:183} INFO - Processing /opt/airflow/dags/minio_to_snowflake.py took 0.853 seconds
[2025-10-13T14:47:15.424+0000] {processor.py:161} INFO - Started process (PID=30298) to work on /opt/airflow/dags/minio_to_snowflake.py
[2025-10-13T14:47:15.425+0000] {processor.py:830} INFO - Processing file /opt/airflow/dags/minio_to_snowflake.py for tasks to queue
[2025-10-13T14:47:15.427+0000] {logging_mixin.py:188} INFO - [2025-10-13T14:47:15.427+0000] {dagbag.py:545} INFO - Filling up the DagBag from /opt/airflow/dags/minio_to_snowflake.py
[2025-10-13T14:47:16.111+0000] {processor.py:840} INFO - DAG(s) 'minio_to_snowflake' retrieved from /opt/airflow/dags/minio_to_snowflake.py
[2025-10-13T14:47:16.134+0000] {logging_mixin.py:188} INFO - [2025-10-13T14:47:16.133+0000] {dag.py:3089} INFO - Sync 1 DAGs
[2025-10-13T14:47:16.154+0000] {logging_mixin.py:188} INFO - [2025-10-13T14:47:16.154+0000] {dag.py:3947} INFO - Setting next_dagrun for minio_to_snowflake to 2025-10-13 14:46:00+00:00, run_after=2025-10-13 14:47:00+00:00
[2025-10-13T14:47:16.177+0000] {processor.py:183} INFO - Processing /opt/airflow/dags/minio_to_snowflake.py took 0.759 seconds
[2025-10-13T14:47:46.468+0000] {processor.py:161} INFO - Started process (PID=30493) to work on /opt/airflow/dags/minio_to_snowflake.py
[2025-10-13T14:47:46.469+0000] {processor.py:830} INFO - Processing file /opt/airflow/dags/minio_to_snowflake.py for tasks to queue
[2025-10-13T14:47:46.471+0000] {logging_mixin.py:188} INFO - [2025-10-13T14:47:46.471+0000] {dagbag.py:545} INFO - Filling up the DagBag from /opt/airflow/dags/minio_to_snowflake.py
[2025-10-13T14:47:47.160+0000] {processor.py:840} INFO - DAG(s) 'minio_to_snowflake' retrieved from /opt/airflow/dags/minio_to_snowflake.py
[2025-10-13T14:47:47.186+0000] {logging_mixin.py:188} INFO - [2025-10-13T14:47:47.186+0000] {dag.py:3089} INFO - Sync 1 DAGs
[2025-10-13T14:47:47.208+0000] {logging_mixin.py:188} INFO - [2025-10-13T14:47:47.208+0000] {dag.py:3947} INFO - Setting next_dagrun for minio_to_snowflake to 2025-10-13 14:46:00+00:00, run_after=2025-10-13 14:47:00+00:00
[2025-10-13T14:47:47.229+0000] {processor.py:183} INFO - Processing /opt/airflow/dags/minio_to_snowflake.py took 0.769 seconds
[2025-10-13T14:48:17.497+0000] {processor.py:161} INFO - Started process (PID=32609) to work on /opt/airflow/dags/minio_to_snowflake.py
[2025-10-13T14:48:17.498+0000] {processor.py:830} INFO - Processing file /opt/airflow/dags/minio_to_snowflake.py for tasks to queue
[2025-10-13T14:48:17.500+0000] {logging_mixin.py:188} INFO - [2025-10-13T14:48:17.500+0000] {dagbag.py:545} INFO - Filling up the DagBag from /opt/airflow/dags/minio_to_snowflake.py
[2025-10-13T14:48:18.395+0000] {processor.py:840} INFO - DAG(s) 'minio_to_snowflake' retrieved from /opt/airflow/dags/minio_to_snowflake.py
[2025-10-13T14:48:18.425+0000] {logging_mixin.py:188} INFO - [2025-10-13T14:48:18.425+0000] {dag.py:3089} INFO - Sync 1 DAGs
[2025-10-13T14:48:18.456+0000] {logging_mixin.py:188} INFO - [2025-10-13T14:48:18.456+0000] {dag.py:3947} INFO - Setting next_dagrun for minio_to_snowflake to 2025-10-13 14:47:00+00:00, run_after=2025-10-13 14:48:00+00:00
[2025-10-13T14:48:18.479+0000] {processor.py:183} INFO - Processing /opt/airflow/dags/minio_to_snowflake.py took 0.988 seconds
[2025-10-13T14:48:48.735+0000] {processor.py:161} INFO - Started process (PID=32784) to work on /opt/airflow/dags/minio_to_snowflake.py
[2025-10-13T14:48:48.737+0000] {processor.py:830} INFO - Processing file /opt/airflow/dags/minio_to_snowflake.py for tasks to queue
[2025-10-13T14:48:48.739+0000] {logging_mixin.py:188} INFO - [2025-10-13T14:48:48.738+0000] {dagbag.py:545} INFO - Filling up the DagBag from /opt/airflow/dags/minio_to_snowflake.py
[2025-10-13T14:48:49.399+0000] {processor.py:840} INFO - DAG(s) 'minio_to_snowflake' retrieved from /opt/airflow/dags/minio_to_snowflake.py
[2025-10-13T14:48:49.422+0000] {logging_mixin.py:188} INFO - [2025-10-13T14:48:49.422+0000] {dag.py:3089} INFO - Sync 1 DAGs
[2025-10-13T14:48:49.445+0000] {logging_mixin.py:188} INFO - [2025-10-13T14:48:49.444+0000] {dag.py:3947} INFO - Setting next_dagrun for minio_to_snowflake to 2025-10-13 14:47:00+00:00, run_after=2025-10-13 14:48:00+00:00
[2025-10-13T14:48:49.464+0000] {processor.py:183} INFO - Processing /opt/airflow/dags/minio_to_snowflake.py took 0.734 seconds
[2025-10-13T14:49:19.679+0000] {processor.py:161} INFO - Started process (PID=32984) to work on /opt/airflow/dags/minio_to_snowflake.py
[2025-10-13T14:49:19.680+0000] {processor.py:830} INFO - Processing file /opt/airflow/dags/minio_to_snowflake.py for tasks to queue
[2025-10-13T14:49:19.683+0000] {logging_mixin.py:188} INFO - [2025-10-13T14:49:19.683+0000] {dagbag.py:545} INFO - Filling up the DagBag from /opt/airflow/dags/minio_to_snowflake.py
[2025-10-13T14:49:21.088+0000] {processor.py:840} INFO - DAG(s) 'minio_to_snowflake' retrieved from /opt/airflow/dags/minio_to_snowflake.py
[2025-10-13T14:49:21.115+0000] {logging_mixin.py:188} INFO - [2025-10-13T14:49:21.114+0000] {dag.py:3089} INFO - Sync 1 DAGs
[2025-10-13T14:49:21.140+0000] {logging_mixin.py:188} INFO - [2025-10-13T14:49:21.140+0000] {dag.py:3947} INFO - Setting next_dagrun for minio_to_snowflake to 2025-10-13 14:48:00+00:00, run_after=2025-10-13 14:49:00+00:00
[2025-10-13T14:49:21.158+0000] {processor.py:183} INFO - Processing /opt/airflow/dags/minio_to_snowflake.py took 1.487 seconds
[2025-10-13T14:49:51.386+0000] {processor.py:161} INFO - Started process (PID=33186) to work on /opt/airflow/dags/minio_to_snowflake.py
[2025-10-13T14:49:51.388+0000] {processor.py:830} INFO - Processing file /opt/airflow/dags/minio_to_snowflake.py for tasks to queue
[2025-10-13T14:49:51.391+0000] {logging_mixin.py:188} INFO - [2025-10-13T14:49:51.390+0000] {dagbag.py:545} INFO - Filling up the DagBag from /opt/airflow/dags/minio_to_snowflake.py
[2025-10-13T14:49:52.123+0000] {processor.py:840} INFO - DAG(s) 'minio_to_snowflake' retrieved from /opt/airflow/dags/minio_to_snowflake.py
[2025-10-13T14:49:52.148+0000] {logging_mixin.py:188} INFO - [2025-10-13T14:49:52.147+0000] {dag.py:3089} INFO - Sync 1 DAGs
[2025-10-13T14:49:52.169+0000] {logging_mixin.py:188} INFO - [2025-10-13T14:49:52.169+0000] {dag.py:3947} INFO - Setting next_dagrun for minio_to_snowflake to 2025-10-13 14:48:00+00:00, run_after=2025-10-13 14:49:00+00:00
[2025-10-13T14:49:52.189+0000] {processor.py:183} INFO - Processing /opt/airflow/dags/minio_to_snowflake.py took 0.809 seconds
[2025-10-13T14:50:22.291+0000] {processor.py:161} INFO - Started process (PID=33402) to work on /opt/airflow/dags/minio_to_snowflake.py
[2025-10-13T14:50:22.293+0000] {processor.py:830} INFO - Processing file /opt/airflow/dags/minio_to_snowflake.py for tasks to queue
[2025-10-13T14:50:22.296+0000] {logging_mixin.py:188} INFO - [2025-10-13T14:50:22.295+0000] {dagbag.py:545} INFO - Filling up the DagBag from /opt/airflow/dags/minio_to_snowflake.py
[2025-10-13T14:50:23.103+0000] {processor.py:840} INFO - DAG(s) 'minio_to_snowflake' retrieved from /opt/airflow/dags/minio_to_snowflake.py
[2025-10-13T14:50:23.123+0000] {logging_mixin.py:188} INFO - [2025-10-13T14:50:23.122+0000] {dag.py:3089} INFO - Sync 1 DAGs
[2025-10-13T14:50:23.148+0000] {logging_mixin.py:188} INFO - [2025-10-13T14:50:23.147+0000] {dag.py:3947} INFO - Setting next_dagrun for minio_to_snowflake to 2025-10-13 14:49:00+00:00, run_after=2025-10-13 14:50:00+00:00
[2025-10-13T14:50:23.165+0000] {processor.py:183} INFO - Processing /opt/airflow/dags/minio_to_snowflake.py took 0.880 seconds
[2025-10-13T14:50:53.400+0000] {processor.py:161} INFO - Started process (PID=33604) to work on /opt/airflow/dags/minio_to_snowflake.py
[2025-10-13T14:50:53.401+0000] {processor.py:830} INFO - Processing file /opt/airflow/dags/minio_to_snowflake.py for tasks to queue
[2025-10-13T14:50:53.403+0000] {logging_mixin.py:188} INFO - [2025-10-13T14:50:53.403+0000] {dagbag.py:545} INFO - Filling up the DagBag from /opt/airflow/dags/minio_to_snowflake.py
[2025-10-13T14:50:54.138+0000] {processor.py:840} INFO - DAG(s) 'minio_to_snowflake' retrieved from /opt/airflow/dags/minio_to_snowflake.py
[2025-10-13T14:50:54.161+0000] {logging_mixin.py:188} INFO - [2025-10-13T14:50:54.160+0000] {dag.py:3089} INFO - Sync 1 DAGs
[2025-10-13T14:50:54.186+0000] {logging_mixin.py:188} INFO - [2025-10-13T14:50:54.185+0000] {dag.py:3947} INFO - Setting next_dagrun for minio_to_snowflake to 2025-10-13 14:49:00+00:00, run_after=2025-10-13 14:50:00+00:00
[2025-10-13T14:50:54.204+0000] {processor.py:183} INFO - Processing /opt/airflow/dags/minio_to_snowflake.py took 0.810 seconds
[2025-10-13T14:51:24.462+0000] {processor.py:161} INFO - Started process (PID=35706) to work on /opt/airflow/dags/minio_to_snowflake.py
[2025-10-13T14:51:24.463+0000] {processor.py:830} INFO - Processing file /opt/airflow/dags/minio_to_snowflake.py for tasks to queue
[2025-10-13T14:51:24.466+0000] {logging_mixin.py:188} INFO - [2025-10-13T14:51:24.465+0000] {dagbag.py:545} INFO - Filling up the DagBag from /opt/airflow/dags/minio_to_snowflake.py
[2025-10-13T14:51:25.181+0000] {processor.py:840} INFO - DAG(s) 'minio_to_snowflake' retrieved from /opt/airflow/dags/minio_to_snowflake.py
[2025-10-13T14:51:25.208+0000] {logging_mixin.py:188} INFO - [2025-10-13T14:51:25.207+0000] {dag.py:3089} INFO - Sync 1 DAGs
[2025-10-13T14:51:25.233+0000] {logging_mixin.py:188} INFO - [2025-10-13T14:51:25.233+0000] {dag.py:3947} INFO - Setting next_dagrun for minio_to_snowflake to 2025-10-13 14:50:00+00:00, run_after=2025-10-13 14:51:00+00:00
[2025-10-13T14:51:25.254+0000] {processor.py:183} INFO - Processing /opt/airflow/dags/minio_to_snowflake.py took 0.800 seconds
[2025-10-13T14:51:55.496+0000] {processor.py:161} INFO - Started process (PID=35890) to work on /opt/airflow/dags/minio_to_snowflake.py
[2025-10-13T14:51:55.497+0000] {processor.py:830} INFO - Processing file /opt/airflow/dags/minio_to_snowflake.py for tasks to queue
[2025-10-13T14:51:55.499+0000] {logging_mixin.py:188} INFO - [2025-10-13T14:51:55.499+0000] {dagbag.py:545} INFO - Filling up the DagBag from /opt/airflow/dags/minio_to_snowflake.py
[2025-10-13T14:51:56.378+0000] {processor.py:840} INFO - DAG(s) 'minio_to_snowflake' retrieved from /opt/airflow/dags/minio_to_snowflake.py
[2025-10-13T14:51:56.401+0000] {logging_mixin.py:188} INFO - [2025-10-13T14:51:56.401+0000] {dag.py:3089} INFO - Sync 1 DAGs
[2025-10-13T14:51:56.423+0000] {logging_mixin.py:188} INFO - [2025-10-13T14:51:56.423+0000] {dag.py:3947} INFO - Setting next_dagrun for minio_to_snowflake to 2025-10-13 14:50:00+00:00, run_after=2025-10-13 14:51:00+00:00
[2025-10-13T14:51:56.444+0000] {processor.py:183} INFO - Processing /opt/airflow/dags/minio_to_snowflake.py took 0.954 seconds
[2025-10-13T14:52:26.674+0000] {processor.py:161} INFO - Started process (PID=36077) to work on /opt/airflow/dags/minio_to_snowflake.py
[2025-10-13T14:52:26.676+0000] {processor.py:830} INFO - Processing file /opt/airflow/dags/minio_to_snowflake.py for tasks to queue
[2025-10-13T14:52:26.678+0000] {logging_mixin.py:188} INFO - [2025-10-13T14:52:26.678+0000] {dagbag.py:545} INFO - Filling up the DagBag from /opt/airflow/dags/minio_to_snowflake.py
[2025-10-13T14:52:27.395+0000] {processor.py:840} INFO - DAG(s) 'minio_to_snowflake' retrieved from /opt/airflow/dags/minio_to_snowflake.py
[2025-10-13T14:52:27.418+0000] {logging_mixin.py:188} INFO - [2025-10-13T14:52:27.417+0000] {dag.py:3089} INFO - Sync 1 DAGs
[2025-10-13T14:52:27.439+0000] {logging_mixin.py:188} INFO - [2025-10-13T14:52:27.439+0000] {dag.py:3947} INFO - Setting next_dagrun for minio_to_snowflake to 2025-10-13 14:51:00+00:00, run_after=2025-10-13 14:52:00+00:00
[2025-10-13T14:52:27.459+0000] {processor.py:183} INFO - Processing /opt/airflow/dags/minio_to_snowflake.py took 0.792 seconds
[2025-10-13T14:52:57.684+0000] {processor.py:161} INFO - Started process (PID=36264) to work on /opt/airflow/dags/minio_to_snowflake.py
[2025-10-13T14:52:57.685+0000] {processor.py:830} INFO - Processing file /opt/airflow/dags/minio_to_snowflake.py for tasks to queue
[2025-10-13T14:52:57.687+0000] {logging_mixin.py:188} INFO - [2025-10-13T14:52:57.687+0000] {dagbag.py:545} INFO - Filling up the DagBag from /opt/airflow/dags/minio_to_snowflake.py
[2025-10-13T14:52:58.508+0000] {processor.py:840} INFO - DAG(s) 'minio_to_snowflake' retrieved from /opt/airflow/dags/minio_to_snowflake.py
[2025-10-13T14:52:58.559+0000] {logging_mixin.py:188} INFO - [2025-10-13T14:52:58.558+0000] {dag.py:3089} INFO - Sync 1 DAGs
[2025-10-13T14:52:58.590+0000] {logging_mixin.py:188} INFO - [2025-10-13T14:52:58.590+0000] {dag.py:3947} INFO - Setting next_dagrun for minio_to_snowflake to 2025-10-13 14:51:00+00:00, run_after=2025-10-13 14:52:00+00:00
[2025-10-13T14:52:58.608+0000] {processor.py:183} INFO - Processing /opt/airflow/dags/minio_to_snowflake.py took 0.931 seconds
[2025-10-13T14:53:28.843+0000] {processor.py:161} INFO - Started process (PID=36447) to work on /opt/airflow/dags/minio_to_snowflake.py
[2025-10-13T14:53:28.844+0000] {processor.py:830} INFO - Processing file /opt/airflow/dags/minio_to_snowflake.py for tasks to queue
[2025-10-13T14:53:28.846+0000] {logging_mixin.py:188} INFO - [2025-10-13T14:53:28.845+0000] {dagbag.py:545} INFO - Filling up the DagBag from /opt/airflow/dags/minio_to_snowflake.py
[2025-10-13T14:53:29.617+0000] {processor.py:840} INFO - DAG(s) 'minio_to_snowflake' retrieved from /opt/airflow/dags/minio_to_snowflake.py
[2025-10-13T14:53:29.641+0000] {logging_mixin.py:188} INFO - [2025-10-13T14:53:29.640+0000] {dag.py:3089} INFO - Sync 1 DAGs
[2025-10-13T14:53:29.662+0000] {logging_mixin.py:188} INFO - [2025-10-13T14:53:29.662+0000] {dag.py:3947} INFO - Setting next_dagrun for minio_to_snowflake to 2025-10-13 14:52:00+00:00, run_after=2025-10-13 14:53:00+00:00
[2025-10-13T14:53:29.683+0000] {processor.py:183} INFO - Processing /opt/airflow/dags/minio_to_snowflake.py took 0.847 seconds
[2025-10-13T14:54:00.050+0000] {processor.py:161} INFO - Started process (PID=36621) to work on /opt/airflow/dags/minio_to_snowflake.py
[2025-10-13T14:54:00.051+0000] {processor.py:830} INFO - Processing file /opt/airflow/dags/minio_to_snowflake.py for tasks to queue
[2025-10-13T14:54:00.053+0000] {logging_mixin.py:188} INFO - [2025-10-13T14:54:00.053+0000] {dagbag.py:545} INFO - Filling up the DagBag from /opt/airflow/dags/minio_to_snowflake.py
[2025-10-13T14:54:01.111+0000] {processor.py:840} INFO - DAG(s) 'minio_to_snowflake' retrieved from /opt/airflow/dags/minio_to_snowflake.py
[2025-10-13T14:54:01.133+0000] {logging_mixin.py:188} INFO - [2025-10-13T14:54:01.132+0000] {dag.py:3089} INFO - Sync 1 DAGs
[2025-10-13T14:54:01.153+0000] {logging_mixin.py:188} INFO - [2025-10-13T14:54:01.153+0000] {dag.py:3947} INFO - Setting next_dagrun for minio_to_snowflake to 2025-10-13 14:53:00+00:00, run_after=2025-10-13 14:54:00+00:00
[2025-10-13T14:54:01.171+0000] {processor.py:183} INFO - Processing /opt/airflow/dags/minio_to_snowflake.py took 1.128 seconds
[2025-10-13T14:54:31.233+0000] {processor.py:161} INFO - Started process (PID=38713) to work on /opt/airflow/dags/minio_to_snowflake.py
[2025-10-13T14:54:31.235+0000] {processor.py:830} INFO - Processing file /opt/airflow/dags/minio_to_snowflake.py for tasks to queue
[2025-10-13T14:54:31.237+0000] {logging_mixin.py:188} INFO - [2025-10-13T14:54:31.236+0000] {dagbag.py:545} INFO - Filling up the DagBag from /opt/airflow/dags/minio_to_snowflake.py
[2025-10-13T14:54:31.949+0000] {processor.py:840} INFO - DAG(s) 'minio_to_snowflake' retrieved from /opt/airflow/dags/minio_to_snowflake.py
[2025-10-13T14:54:31.974+0000] {logging_mixin.py:188} INFO - [2025-10-13T14:54:31.973+0000] {dag.py:3089} INFO - Sync 1 DAGs
[2025-10-13T14:54:31.994+0000] {logging_mixin.py:188} INFO - [2025-10-13T14:54:31.994+0000] {dag.py:3947} INFO - Setting next_dagrun for minio_to_snowflake to 2025-10-13 14:54:00+00:00, run_after=2025-10-13 14:55:00+00:00
[2025-10-13T14:54:32.010+0000] {processor.py:183} INFO - Processing /opt/airflow/dags/minio_to_snowflake.py took 0.782 seconds
[2025-10-13T14:55:02.233+0000] {processor.py:161} INFO - Started process (PID=38891) to work on /opt/airflow/dags/minio_to_snowflake.py
[2025-10-13T14:55:02.234+0000] {processor.py:830} INFO - Processing file /opt/airflow/dags/minio_to_snowflake.py for tasks to queue
[2025-10-13T14:55:02.236+0000] {logging_mixin.py:188} INFO - [2025-10-13T14:55:02.236+0000] {dagbag.py:545} INFO - Filling up the DagBag from /opt/airflow/dags/minio_to_snowflake.py
[2025-10-13T14:55:02.919+0000] {processor.py:840} INFO - DAG(s) 'minio_to_snowflake' retrieved from /opt/airflow/dags/minio_to_snowflake.py
[2025-10-13T14:55:02.942+0000] {logging_mixin.py:188} INFO - [2025-10-13T14:55:02.942+0000] {dag.py:3089} INFO - Sync 1 DAGs
[2025-10-13T14:55:02.965+0000] {logging_mixin.py:188} INFO - [2025-10-13T14:55:02.964+0000] {dag.py:3947} INFO - Setting next_dagrun for minio_to_snowflake to 2025-10-13 14:54:00+00:00, run_after=2025-10-13 14:55:00+00:00
[2025-10-13T14:55:02.985+0000] {processor.py:183} INFO - Processing /opt/airflow/dags/minio_to_snowflake.py took 0.759 seconds
[2025-10-13T14:55:33.191+0000] {processor.py:161} INFO - Started process (PID=39072) to work on /opt/airflow/dags/minio_to_snowflake.py
[2025-10-13T14:55:33.193+0000] {processor.py:830} INFO - Processing file /opt/airflow/dags/minio_to_snowflake.py for tasks to queue
[2025-10-13T14:55:33.195+0000] {logging_mixin.py:188} INFO - [2025-10-13T14:55:33.195+0000] {dagbag.py:545} INFO - Filling up the DagBag from /opt/airflow/dags/minio_to_snowflake.py
[2025-10-13T14:55:33.942+0000] {processor.py:840} INFO - DAG(s) 'minio_to_snowflake' retrieved from /opt/airflow/dags/minio_to_snowflake.py
[2025-10-13T14:55:33.968+0000] {logging_mixin.py:188} INFO - [2025-10-13T14:55:33.967+0000] {dag.py:3089} INFO - Sync 1 DAGs
[2025-10-13T14:55:33.992+0000] {logging_mixin.py:188} INFO - [2025-10-13T14:55:33.992+0000] {dag.py:3947} INFO - Setting next_dagrun for minio_to_snowflake to 2025-10-13 14:54:00+00:00, run_after=2025-10-13 14:55:00+00:00
[2025-10-13T14:55:34.011+0000] {processor.py:183} INFO - Processing /opt/airflow/dags/minio_to_snowflake.py took 0.827 seconds
[2025-10-13T14:56:04.239+0000] {processor.py:161} INFO - Started process (PID=39269) to work on /opt/airflow/dags/minio_to_snowflake.py
[2025-10-13T14:56:04.241+0000] {processor.py:830} INFO - Processing file /opt/airflow/dags/minio_to_snowflake.py for tasks to queue
[2025-10-13T14:56:04.243+0000] {logging_mixin.py:188} INFO - [2025-10-13T14:56:04.243+0000] {dagbag.py:545} INFO - Filling up the DagBag from /opt/airflow/dags/minio_to_snowflake.py
[2025-10-13T14:56:04.982+0000] {processor.py:840} INFO - DAG(s) 'minio_to_snowflake' retrieved from /opt/airflow/dags/minio_to_snowflake.py
[2025-10-13T14:56:05.015+0000] {logging_mixin.py:188} INFO - [2025-10-13T14:56:05.014+0000] {dag.py:3089} INFO - Sync 1 DAGs
[2025-10-13T14:56:05.051+0000] {logging_mixin.py:188} INFO - [2025-10-13T14:56:05.051+0000] {dag.py:3947} INFO - Setting next_dagrun for minio_to_snowflake to 2025-10-13 14:55:00+00:00, run_after=2025-10-13 14:56:00+00:00
[2025-10-13T14:56:05.079+0000] {processor.py:183} INFO - Processing /opt/airflow/dags/minio_to_snowflake.py took 0.848 seconds
[2025-10-13T14:56:35.254+0000] {processor.py:161} INFO - Started process (PID=39452) to work on /opt/airflow/dags/minio_to_snowflake.py
[2025-10-13T14:56:35.256+0000] {processor.py:830} INFO - Processing file /opt/airflow/dags/minio_to_snowflake.py for tasks to queue
[2025-10-13T14:56:35.266+0000] {logging_mixin.py:188} INFO - [2025-10-13T14:56:35.266+0000] {dagbag.py:545} INFO - Filling up the DagBag from /opt/airflow/dags/minio_to_snowflake.py
[2025-10-13T14:56:37.816+0000] {processor.py:840} INFO - DAG(s) 'minio_to_snowflake' retrieved from /opt/airflow/dags/minio_to_snowflake.py
[2025-10-13T14:56:37.865+0000] {logging_mixin.py:188} INFO - [2025-10-13T14:56:37.864+0000] {dag.py:3089} INFO - Sync 1 DAGs
[2025-10-13T14:56:37.927+0000] {logging_mixin.py:188} INFO - [2025-10-13T14:56:37.925+0000] {dag.py:3947} INFO - Setting next_dagrun for minio_to_snowflake to 2025-10-13 14:55:00+00:00, run_after=2025-10-13 14:56:00+00:00
[2025-10-13T14:56:37.993+0000] {processor.py:183} INFO - Processing /opt/airflow/dags/minio_to_snowflake.py took 2.750 seconds
[2025-10-13T14:57:08.358+0000] {processor.py:161} INFO - Started process (PID=39632) to work on /opt/airflow/dags/minio_to_snowflake.py
[2025-10-13T14:57:08.360+0000] {processor.py:830} INFO - Processing file /opt/airflow/dags/minio_to_snowflake.py for tasks to queue
[2025-10-13T14:57:08.362+0000] {logging_mixin.py:188} INFO - [2025-10-13T14:57:08.362+0000] {dagbag.py:545} INFO - Filling up the DagBag from /opt/airflow/dags/minio_to_snowflake.py
[2025-10-13T14:57:09.381+0000] {processor.py:840} INFO - DAG(s) 'minio_to_snowflake' retrieved from /opt/airflow/dags/minio_to_snowflake.py
[2025-10-13T14:57:09.407+0000] {logging_mixin.py:188} INFO - [2025-10-13T14:57:09.405+0000] {dag.py:3089} INFO - Sync 1 DAGs
[2025-10-13T14:57:09.427+0000] {logging_mixin.py:188} INFO - [2025-10-13T14:57:09.426+0000] {dag.py:3947} INFO - Setting next_dagrun for minio_to_snowflake to 2025-10-13 14:56:00+00:00, run_after=2025-10-13 14:57:00+00:00
[2025-10-13T14:57:09.449+0000] {processor.py:183} INFO - Processing /opt/airflow/dags/minio_to_snowflake.py took 1.096 seconds
[2025-10-13T14:57:39.713+0000] {processor.py:161} INFO - Started process (PID=41730) to work on /opt/airflow/dags/minio_to_snowflake.py
[2025-10-13T14:57:39.714+0000] {processor.py:830} INFO - Processing file /opt/airflow/dags/minio_to_snowflake.py for tasks to queue
[2025-10-13T14:57:39.716+0000] {logging_mixin.py:188} INFO - [2025-10-13T14:57:39.716+0000] {dagbag.py:545} INFO - Filling up the DagBag from /opt/airflow/dags/minio_to_snowflake.py
[2025-10-13T14:57:40.724+0000] {processor.py:840} INFO - DAG(s) 'minio_to_snowflake' retrieved from /opt/airflow/dags/minio_to_snowflake.py
[2025-10-13T14:57:40.808+0000] {logging_mixin.py:188} INFO - [2025-10-13T14:57:40.808+0000] {dag.py:3089} INFO - Sync 1 DAGs
[2025-10-13T14:57:40.887+0000] {logging_mixin.py:188} INFO - [2025-10-13T14:57:40.886+0000] {dag.py:3947} INFO - Setting next_dagrun for minio_to_snowflake to 2025-10-13 14:57:00+00:00, run_after=2025-10-13 14:58:00+00:00
[2025-10-13T14:57:40.960+0000] {processor.py:183} INFO - Processing /opt/airflow/dags/minio_to_snowflake.py took 1.254 seconds
[2025-10-13T14:58:11.561+0000] {processor.py:161} INFO - Started process (PID=41900) to work on /opt/airflow/dags/minio_to_snowflake.py
[2025-10-13T14:58:11.568+0000] {processor.py:830} INFO - Processing file /opt/airflow/dags/minio_to_snowflake.py for tasks to queue
[2025-10-13T14:58:11.575+0000] {logging_mixin.py:188} INFO - [2025-10-13T14:58:11.572+0000] {dagbag.py:545} INFO - Filling up the DagBag from /opt/airflow/dags/minio_to_snowflake.py
[2025-10-13T14:58:13.056+0000] {processor.py:840} INFO - DAG(s) 'minio_to_snowflake' retrieved from /opt/airflow/dags/minio_to_snowflake.py
[2025-10-13T14:58:13.078+0000] {logging_mixin.py:188} INFO - [2025-10-13T14:58:13.077+0000] {dag.py:3089} INFO - Sync 1 DAGs
[2025-10-13T14:58:13.100+0000] {logging_mixin.py:188} INFO - [2025-10-13T14:58:13.100+0000] {dag.py:3947} INFO - Setting next_dagrun for minio_to_snowflake to 2025-10-13 14:57:00+00:00, run_after=2025-10-13 14:58:00+00:00
[2025-10-13T14:58:13.118+0000] {processor.py:183} INFO - Processing /opt/airflow/dags/minio_to_snowflake.py took 1.578 seconds
[2025-10-13T14:58:43.568+0000] {processor.py:161} INFO - Started process (PID=42095) to work on /opt/airflow/dags/minio_to_snowflake.py
[2025-10-13T14:58:43.569+0000] {processor.py:830} INFO - Processing file /opt/airflow/dags/minio_to_snowflake.py for tasks to queue
[2025-10-13T14:58:43.572+0000] {logging_mixin.py:188} INFO - [2025-10-13T14:58:43.571+0000] {dagbag.py:545} INFO - Filling up the DagBag from /opt/airflow/dags/minio_to_snowflake.py
[2025-10-13T14:58:54.833+0000] {processor.py:840} INFO - DAG(s) 'minio_to_snowflake' retrieved from /opt/airflow/dags/minio_to_snowflake.py
[2025-10-13T14:58:55.065+0000] {logging_mixin.py:188} INFO - [2025-10-13T14:58:55.063+0000] {dag.py:3089} INFO - Sync 1 DAGs
[2025-10-13T14:58:55.664+0000] {logging_mixin.py:188} INFO - [2025-10-13T14:58:55.663+0000] {dag.py:3947} INFO - Setting next_dagrun for minio_to_snowflake to 2025-10-13 14:57:00+00:00, run_after=2025-10-13 14:58:00+00:00
[2025-10-13T14:58:57.722+0000] {processor.py:183} INFO - Processing /opt/airflow/dags/minio_to_snowflake.py took 8.265 seconds
[2025-10-13T17:58:54.232+0000] {processor.py:161} INFO - Started process (PID=42111) to work on /opt/airflow/dags/minio_to_snowflake.py
[2025-10-13T17:58:54.234+0000] {processor.py:830} INFO - Processing file /opt/airflow/dags/minio_to_snowflake.py for tasks to queue
[2025-10-13T17:58:54.246+0000] {logging_mixin.py:188} INFO - [2025-10-13T17:58:54.245+0000] {dagbag.py:545} INFO - Filling up the DagBag from /opt/airflow/dags/minio_to_snowflake.py
[2025-10-13T17:59:00.534+0000] {processor.py:840} INFO - DAG(s) 'minio_to_snowflake' retrieved from /opt/airflow/dags/minio_to_snowflake.py
[2025-10-13T17:59:00.611+0000] {logging_mixin.py:188} INFO - [2025-10-13T17:59:00.610+0000] {dag.py:3089} INFO - Sync 1 DAGs
[2025-10-13T17:59:00.681+0000] {logging_mixin.py:188} INFO - [2025-10-13T17:59:00.681+0000] {dag.py:3947} INFO - Setting next_dagrun for minio_to_snowflake to 2025-10-13 17:58:00+00:00, run_after=2025-10-13 17:59:00+00:00
[2025-10-13T17:59:00.740+0000] {processor.py:183} INFO - Processing /opt/airflow/dags/minio_to_snowflake.py took 6.529 seconds
