[2025-10-14T08:44:52.143+0000] {local_task_job_runner.py:120} INFO - ::group::Pre task execution logs
[2025-10-14T08:44:52.175+0000] {taskinstance.py:2076} INFO - Dependencies all met for dep_context=non-requeueable deps ti=<TaskInstance: minio_to_snowflake.load_snowflake scheduled__2025-10-14T08:40:00+00:00 [queued]>
[2025-10-14T08:44:52.189+0000] {taskinstance.py:2076} INFO - Dependencies all met for dep_context=requeueable deps ti=<TaskInstance: minio_to_snowflake.load_snowflake scheduled__2025-10-14T08:40:00+00:00 [queued]>
[2025-10-14T08:44:52.190+0000] {taskinstance.py:2306} INFO - Starting attempt 1 of 2
[2025-10-14T08:44:52.205+0000] {taskinstance.py:2330} INFO - Executing <Task(PythonOperator): load_snowflake> on 2025-10-14 08:40:00+00:00
[2025-10-14T08:44:52.217+0000] {standard_task_runner.py:90} INFO - Running: ['***', 'tasks', 'run', 'minio_to_snowflake', 'load_snowflake', 'scheduled__2025-10-14T08:40:00+00:00', '--job-id', '1601', '--raw', '--subdir', 'DAGS_FOLDER/minio_to_snowflake.py', '--cfg-path', '/tmp/tmprsvx7wxo']
[2025-10-14T08:44:52.221+0000] {standard_task_runner.py:91} INFO - Job 1601: Subtask load_snowflake
[2025-10-14T08:44:52.221+0000] {logging_mixin.py:188} WARNING - /home/***/.local/lib/python3.12/site-packages/***/task/task_runner/standard_task_runner.py:62 DeprecationWarning: This process (pid=73381) is multi-threaded, use of fork() may lead to deadlocks in the child.
[2025-10-14T08:44:52.222+0000] {standard_task_runner.py:64} INFO - Started process 73391 to run task
[2025-10-14T08:44:52.276+0000] {task_command.py:426} INFO - Running <TaskInstance: minio_to_snowflake.load_snowflake scheduled__2025-10-14T08:40:00+00:00 [running]> on host e78fd7c8819f
[2025-10-14T08:44:52.365+0000] {taskinstance.py:2648} INFO - Exporting env vars: AIRFLOW_CTX_DAG_OWNER='***' AIRFLOW_CTX_DAG_ID='minio_to_snowflake' AIRFLOW_CTX_TASK_ID='load_snowflake' AIRFLOW_CTX_EXECUTION_DATE='2025-10-14T08:40:00+00:00' AIRFLOW_CTX_TRY_NUMBER='1' AIRFLOW_CTX_DAG_RUN_ID='scheduled__2025-10-14T08:40:00+00:00'
[2025-10-14T08:44:52.366+0000] {taskinstance.py:430} INFO - ::endgroup::
[2025-10-14T08:44:52.390+0000] {connection.py:408} INFO - Snowflake Connector for Python Version: 3.11.0, Python Version: 3.12.4, Platform: Linux-5.15.167.4-microsoft-standard-WSL2-x86_64-with-glibc2.36
[2025-10-14T08:44:52.391+0000] {connection.py:1258} INFO - This connection is in OCSP Fail Open Mode. TLS Certificates would be checked for validity and revocation status. Any other Certificate Revocation related exceptions or OCSP Responder failures would be disregarded in favor of connectivity.
[2025-10-14T08:44:54.218+0000] {logging_mixin.py:188} INFO - Uploaded /tmp/minio_downloads/1760097974.json to Snowflake stage
[2025-10-14T08:44:54.339+0000] {logging_mixin.py:188} INFO - Uploaded /tmp/minio_downloads/1760097983.json to Snowflake stage
[2025-10-14T08:44:54.471+0000] {logging_mixin.py:188} INFO - Uploaded /tmp/minio_downloads/1760097992.json to Snowflake stage
[2025-10-14T08:44:54.620+0000] {logging_mixin.py:188} INFO - Uploaded /tmp/minio_downloads/1760098000.json to Snowflake stage
[2025-10-14T08:44:54.732+0000] {logging_mixin.py:188} INFO - Uploaded /tmp/minio_downloads/1760098010.json to Snowflake stage
[2025-10-14T08:44:54.861+0000] {logging_mixin.py:188} INFO - Uploaded /tmp/minio_downloads/1760098020.json to Snowflake stage
[2025-10-14T08:44:55.085+0000] {logging_mixin.py:188} INFO - Uploaded /tmp/minio_downloads/1760098029.json to Snowflake stage
[2025-10-14T08:44:55.208+0000] {logging_mixin.py:188} INFO - Uploaded /tmp/minio_downloads/1760098038.json to Snowflake stage
[2025-10-14T08:44:55.340+0000] {logging_mixin.py:188} INFO - Uploaded /tmp/minio_downloads/1760098047.json to Snowflake stage
[2025-10-14T08:44:55.468+0000] {logging_mixin.py:188} INFO - Uploaded /tmp/minio_downloads/1760098056.json to Snowflake stage
[2025-10-14T08:44:55.585+0000] {logging_mixin.py:188} INFO - Uploaded /tmp/minio_downloads/1760098064.json to Snowflake stage
[2025-10-14T08:44:55.715+0000] {logging_mixin.py:188} INFO - Uploaded /tmp/minio_downloads/1760098073.json to Snowflake stage
[2025-10-14T08:44:55.920+0000] {logging_mixin.py:188} INFO - Uploaded /tmp/minio_downloads/1760098082.json to Snowflake stage
[2025-10-14T08:44:56.076+0000] {logging_mixin.py:188} INFO - Uploaded /tmp/minio_downloads/1760098091.json to Snowflake stage
[2025-10-14T08:44:56.293+0000] {logging_mixin.py:188} INFO - Uploaded /tmp/minio_downloads/1760098101.json to Snowflake stage
[2025-10-14T08:44:57.339+0000] {logging_mixin.py:188} INFO - Uploaded /tmp/minio_downloads/1760098110.json to Snowflake stage
[2025-10-14T08:44:57.451+0000] {logging_mixin.py:188} INFO - Uploaded /tmp/minio_downloads/1760098119.json to Snowflake stage
[2025-10-14T08:44:57.622+0000] {logging_mixin.py:188} INFO - Uploaded /tmp/minio_downloads/1760098127.json to Snowflake stage
[2025-10-14T08:44:57.740+0000] {logging_mixin.py:188} INFO - Uploaded /tmp/minio_downloads/1760098137.json to Snowflake stage
[2025-10-14T08:44:57.892+0000] {logging_mixin.py:188} INFO - Uploaded /tmp/minio_downloads/1760098145.json to Snowflake stage
[2025-10-14T08:44:58.059+0000] {logging_mixin.py:188} INFO - Uploaded /tmp/minio_downloads/1760098154.json to Snowflake stage
[2025-10-14T08:44:58.206+0000] {logging_mixin.py:188} INFO - Uploaded /tmp/minio_downloads/1760098163.json to Snowflake stage
[2025-10-14T08:44:58.322+0000] {logging_mixin.py:188} INFO - Uploaded /tmp/minio_downloads/1760098403.json to Snowflake stage
[2025-10-14T08:44:58.465+0000] {logging_mixin.py:188} INFO - Uploaded /tmp/minio_downloads/1760098412.json to Snowflake stage
[2025-10-14T08:44:58.627+0000] {logging_mixin.py:188} INFO - Uploaded /tmp/minio_downloads/1760098422.json to Snowflake stage
[2025-10-14T08:44:58.748+0000] {logging_mixin.py:188} INFO - Uploaded /tmp/minio_downloads/1760098432.json to Snowflake stage
[2025-10-14T08:44:58.865+0000] {logging_mixin.py:188} INFO - Uploaded /tmp/minio_downloads/1760098441.json to Snowflake stage
[2025-10-14T08:44:58.989+0000] {logging_mixin.py:188} INFO - Uploaded /tmp/minio_downloads/1760098451.json to Snowflake stage
[2025-10-14T08:44:59.137+0000] {logging_mixin.py:188} INFO - Uploaded /tmp/minio_downloads/1760098461.json to Snowflake stage
[2025-10-14T08:44:59.283+0000] {logging_mixin.py:188} INFO - Uploaded /tmp/minio_downloads/1760098470.json to Snowflake stage
[2025-10-14T08:44:59.413+0000] {logging_mixin.py:188} INFO - Uploaded /tmp/minio_downloads/1760098480.json to Snowflake stage
[2025-10-14T08:44:59.540+0000] {logging_mixin.py:188} INFO - Uploaded /tmp/minio_downloads/1760098489.json to Snowflake stage
[2025-10-14T08:44:59.694+0000] {logging_mixin.py:188} INFO - Uploaded /tmp/minio_downloads/1760098499.json to Snowflake stage
[2025-10-14T08:44:59.863+0000] {logging_mixin.py:188} INFO - Uploaded /tmp/minio_downloads/1760098508.json to Snowflake stage
[2025-10-14T08:44:59.979+0000] {logging_mixin.py:188} INFO - Uploaded /tmp/minio_downloads/1760098517.json to Snowflake stage
[2025-10-14T08:45:00.116+0000] {logging_mixin.py:188} INFO - Uploaded /tmp/minio_downloads/1760098527.json to Snowflake stage
[2025-10-14T08:45:00.251+0000] {logging_mixin.py:188} INFO - Uploaded /tmp/minio_downloads/1760098536.json to Snowflake stage
[2025-10-14T08:45:00.399+0000] {logging_mixin.py:188} INFO - Uploaded /tmp/minio_downloads/1760098546.json to Snowflake stage
[2025-10-14T08:45:00.548+0000] {logging_mixin.py:188} INFO - Uploaded /tmp/minio_downloads/1760098556.json to Snowflake stage
[2025-10-14T08:45:00.772+0000] {logging_mixin.py:188} INFO - Uploaded /tmp/minio_downloads/1760098566.json to Snowflake stage
[2025-10-14T08:45:00.888+0000] {logging_mixin.py:188} INFO - Uploaded /tmp/minio_downloads/1760098575.json to Snowflake stage
[2025-10-14T08:45:01.004+0000] {logging_mixin.py:188} INFO - Uploaded /tmp/minio_downloads/1760098584.json to Snowflake stage
[2025-10-14T08:45:01.214+0000] {logging_mixin.py:188} INFO - Uploaded /tmp/minio_downloads/1760098594.json to Snowflake stage
[2025-10-14T08:45:01.431+0000] {logging_mixin.py:188} INFO - Uploaded /tmp/minio_downloads/1760098604.json to Snowflake stage
[2025-10-14T08:45:02.210+0000] {logging_mixin.py:188} INFO - Uploaded /tmp/minio_downloads/1760098614.json to Snowflake stage
[2025-10-14T08:45:02.366+0000] {logging_mixin.py:188} INFO - Uploaded /tmp/minio_downloads/1760098624.json to Snowflake stage
[2025-10-14T08:45:03.140+0000] {logging_mixin.py:188} INFO - Uploaded /tmp/minio_downloads/1760098634.json to Snowflake stage
[2025-10-14T08:45:03.280+0000] {logging_mixin.py:188} INFO - Uploaded /tmp/minio_downloads/1760098643.json to Snowflake stage
[2025-10-14T08:45:03.439+0000] {logging_mixin.py:188} INFO - Uploaded /tmp/minio_downloads/1760098653.json to Snowflake stage
[2025-10-14T08:45:03.561+0000] {logging_mixin.py:188} INFO - Uploaded /tmp/minio_downloads/1760098662.json to Snowflake stage
[2025-10-14T08:45:03.696+0000] {logging_mixin.py:188} INFO - Uploaded /tmp/minio_downloads/1760098672.json to Snowflake stage
[2025-10-14T08:45:03.879+0000] {logging_mixin.py:188} INFO - Uploaded /tmp/minio_downloads/1760098681.json to Snowflake stage
[2025-10-14T08:45:04.018+0000] {logging_mixin.py:188} INFO - Uploaded /tmp/minio_downloads/1760098691.json to Snowflake stage
[2025-10-14T08:45:04.176+0000] {logging_mixin.py:188} INFO - Uploaded /tmp/minio_downloads/1760098701.json to Snowflake stage
[2025-10-14T08:45:04.299+0000] {logging_mixin.py:188} INFO - Uploaded /tmp/minio_downloads/1760098710.json to Snowflake stage
[2025-10-14T08:45:04.676+0000] {logging_mixin.py:188} INFO - Uploaded /tmp/minio_downloads/1760098719.json to Snowflake stage
[2025-10-14T08:45:05.284+0000] {logging_mixin.py:188} INFO - Uploaded /tmp/minio_downloads/1760098728.json to Snowflake stage
[2025-10-14T08:45:05.413+0000] {logging_mixin.py:188} INFO - Uploaded /tmp/minio_downloads/1760098738.json to Snowflake stage
[2025-10-14T08:45:05.589+0000] {logging_mixin.py:188} INFO - Uploaded /tmp/minio_downloads/1760098747.json to Snowflake stage
[2025-10-14T08:45:05.714+0000] {logging_mixin.py:188} INFO - Uploaded /tmp/minio_downloads/1760098757.json to Snowflake stage
[2025-10-14T08:45:05.858+0000] {logging_mixin.py:188} INFO - Uploaded /tmp/minio_downloads/1760098767.json to Snowflake stage
[2025-10-14T08:45:06.116+0000] {logging_mixin.py:188} INFO - Uploaded /tmp/minio_downloads/1760098776.json to Snowflake stage
[2025-10-14T08:45:06.250+0000] {logging_mixin.py:188} INFO - Uploaded /tmp/minio_downloads/1760098785.json to Snowflake stage
[2025-10-14T08:45:06.400+0000] {logging_mixin.py:188} INFO - Uploaded /tmp/minio_downloads/1760098794.json to Snowflake stage
[2025-10-14T08:45:06.666+0000] {logging_mixin.py:188} INFO - Uploaded /tmp/minio_downloads/1760098804.json to Snowflake stage
[2025-10-14T08:45:06.862+0000] {logging_mixin.py:188} INFO - Uploaded /tmp/minio_downloads/1760098814.json to Snowflake stage
[2025-10-14T08:45:06.975+0000] {logging_mixin.py:188} INFO - Uploaded /tmp/minio_downloads/1760098823.json to Snowflake stage
[2025-10-14T08:45:07.100+0000] {logging_mixin.py:188} INFO - Uploaded /tmp/minio_downloads/1760098833.json to Snowflake stage
[2025-10-14T08:45:07.266+0000] {logging_mixin.py:188} INFO - Uploaded /tmp/minio_downloads/1760098842.json to Snowflake stage
[2025-10-14T08:45:07.375+0000] {logging_mixin.py:188} INFO - Uploaded /tmp/minio_downloads/1760098851.json to Snowflake stage
[2025-10-14T08:45:07.966+0000] {logging_mixin.py:188} INFO - Uploaded /tmp/minio_downloads/1760098860.json to Snowflake stage
[2025-10-14T08:45:08.137+0000] {logging_mixin.py:188} INFO - Uploaded /tmp/minio_downloads/1760098869.json to Snowflake stage
[2025-10-14T08:45:08.284+0000] {logging_mixin.py:188} INFO - Uploaded /tmp/minio_downloads/1760098878.json to Snowflake stage
[2025-10-14T08:45:08.695+0000] {logging_mixin.py:188} INFO - Uploaded /tmp/minio_downloads/1760098888.json to Snowflake stage
[2025-10-14T08:45:08.830+0000] {logging_mixin.py:188} INFO - Uploaded /tmp/minio_downloads/1760098897.json to Snowflake stage
[2025-10-14T08:45:08.973+0000] {logging_mixin.py:188} INFO - Uploaded /tmp/minio_downloads/1760098906.json to Snowflake stage
[2025-10-14T08:45:09.198+0000] {logging_mixin.py:188} INFO - Uploaded /tmp/minio_downloads/1760098915.json to Snowflake stage
[2025-10-14T08:45:09.996+0000] {logging_mixin.py:188} INFO - Uploaded /tmp/minio_downloads/1760098925.json to Snowflake stage
[2025-10-14T08:45:10.160+0000] {logging_mixin.py:188} INFO - Uploaded /tmp/minio_downloads/1760098934.json to Snowflake stage
[2025-10-14T08:45:10.292+0000] {logging_mixin.py:188} INFO - Uploaded /tmp/minio_downloads/1760098944.json to Snowflake stage
[2025-10-14T08:45:10.420+0000] {logging_mixin.py:188} INFO - Uploaded /tmp/minio_downloads/1760098954.json to Snowflake stage
[2025-10-14T08:45:10.915+0000] {logging_mixin.py:188} INFO - Uploaded /tmp/minio_downloads/1760098964.json to Snowflake stage
[2025-10-14T08:45:11.053+0000] {logging_mixin.py:188} INFO - Uploaded /tmp/minio_downloads/1760098973.json to Snowflake stage
[2025-10-14T08:45:11.172+0000] {logging_mixin.py:188} INFO - Uploaded /tmp/minio_downloads/1760098983.json to Snowflake stage
[2025-10-14T08:45:11.301+0000] {logging_mixin.py:188} INFO - Uploaded /tmp/minio_downloads/1760098992.json to Snowflake stage
[2025-10-14T08:45:11.430+0000] {logging_mixin.py:188} INFO - Uploaded /tmp/minio_downloads/1760099002.json to Snowflake stage
[2025-10-14T08:45:11.637+0000] {logging_mixin.py:188} INFO - Uploaded /tmp/minio_downloads/1760099012.json to Snowflake stage
[2025-10-14T08:45:11.761+0000] {logging_mixin.py:188} INFO - Uploaded /tmp/minio_downloads/1760099021.json to Snowflake stage
[2025-10-14T08:45:11.924+0000] {logging_mixin.py:188} INFO - Uploaded /tmp/minio_downloads/1760099030.json to Snowflake stage
[2025-10-14T08:45:12.084+0000] {logging_mixin.py:188} INFO - Uploaded /tmp/minio_downloads/1760099039.json to Snowflake stage
[2025-10-14T08:45:12.244+0000] {logging_mixin.py:188} INFO - Uploaded /tmp/minio_downloads/1760099049.json to Snowflake stage
[2025-10-14T08:45:12.372+0000] {logging_mixin.py:188} INFO - Uploaded /tmp/minio_downloads/1760099058.json to Snowflake stage
[2025-10-14T08:45:12.505+0000] {logging_mixin.py:188} INFO - Uploaded /tmp/minio_downloads/1760099068.json to Snowflake stage
[2025-10-14T08:45:12.752+0000] {logging_mixin.py:188} INFO - Uploaded /tmp/minio_downloads/1760099077.json to Snowflake stage
[2025-10-14T08:45:12.887+0000] {logging_mixin.py:188} INFO - Uploaded /tmp/minio_downloads/1760099086.json to Snowflake stage
[2025-10-14T08:45:13.484+0000] {logging_mixin.py:188} INFO - Uploaded /tmp/minio_downloads/1760099096.json to Snowflake stage
[2025-10-14T08:45:13.642+0000] {logging_mixin.py:188} INFO - Uploaded /tmp/minio_downloads/1760099105.json to Snowflake stage
[2025-10-14T08:45:13.759+0000] {logging_mixin.py:188} INFO - Uploaded /tmp/minio_downloads/1760099115.json to Snowflake stage
[2025-10-14T08:45:13.882+0000] {logging_mixin.py:188} INFO - Uploaded /tmp/minio_downloads/1760099125.json to Snowflake stage
[2025-10-14T08:45:14.013+0000] {logging_mixin.py:188} INFO - Uploaded /tmp/minio_downloads/1760099134.json to Snowflake stage
[2025-10-14T08:45:14.243+0000] {logging_mixin.py:188} INFO - Uploaded /tmp/minio_downloads/1760099144.json to Snowflake stage
[2025-10-14T08:45:14.370+0000] {logging_mixin.py:188} INFO - Uploaded /tmp/minio_downloads/1760099154.json to Snowflake stage
[2025-10-14T08:45:14.512+0000] {logging_mixin.py:188} INFO - Uploaded /tmp/minio_downloads/1760099163.json to Snowflake stage
[2025-10-14T08:45:14.635+0000] {logging_mixin.py:188} INFO - Uploaded /tmp/minio_downloads/1760099173.json to Snowflake stage
[2025-10-14T08:45:14.762+0000] {logging_mixin.py:188} INFO - Uploaded /tmp/minio_downloads/1760099183.json to Snowflake stage
[2025-10-14T08:45:14.879+0000] {logging_mixin.py:188} INFO - Uploaded /tmp/minio_downloads/1760099192.json to Snowflake stage
[2025-10-14T08:45:14.997+0000] {logging_mixin.py:188} INFO - Uploaded /tmp/minio_downloads/1760099201.json to Snowflake stage
[2025-10-14T08:45:15.110+0000] {logging_mixin.py:188} INFO - Uploaded /tmp/minio_downloads/1760099210.json to Snowflake stage
[2025-10-14T08:45:15.465+0000] {logging_mixin.py:188} INFO - Uploaded /tmp/minio_downloads/1760099220.json to Snowflake stage
[2025-10-14T08:45:15.583+0000] {logging_mixin.py:188} INFO - Uploaded /tmp/minio_downloads/1760099229.json to Snowflake stage
[2025-10-14T08:45:15.713+0000] {logging_mixin.py:188} INFO - Uploaded /tmp/minio_downloads/1760099238.json to Snowflake stage
[2025-10-14T08:45:15.846+0000] {logging_mixin.py:188} INFO - Uploaded /tmp/minio_downloads/1760099247.json to Snowflake stage
[2025-10-14T08:45:15.973+0000] {logging_mixin.py:188} INFO - Uploaded /tmp/minio_downloads/1760099256.json to Snowflake stage
[2025-10-14T08:45:16.111+0000] {logging_mixin.py:188} INFO - Uploaded /tmp/minio_downloads/1760099266.json to Snowflake stage
[2025-10-14T08:45:16.255+0000] {logging_mixin.py:188} INFO - Uploaded /tmp/minio_downloads/1760099275.json to Snowflake stage
[2025-10-14T08:45:16.375+0000] {logging_mixin.py:188} INFO - Uploaded /tmp/minio_downloads/1760099285.json to Snowflake stage
[2025-10-14T08:45:16.487+0000] {logging_mixin.py:188} INFO - Uploaded /tmp/minio_downloads/1760099294.json to Snowflake stage
[2025-10-14T08:45:16.615+0000] {logging_mixin.py:188} INFO - Uploaded /tmp/minio_downloads/1760099303.json to Snowflake stage
[2025-10-14T08:45:16.750+0000] {logging_mixin.py:188} INFO - Uploaded /tmp/minio_downloads/1760099312.json to Snowflake stage
[2025-10-14T08:45:16.871+0000] {logging_mixin.py:188} INFO - Uploaded /tmp/minio_downloads/1760099322.json to Snowflake stage
[2025-10-14T08:45:17.004+0000] {logging_mixin.py:188} INFO - Uploaded /tmp/minio_downloads/1760099331.json to Snowflake stage
[2025-10-14T08:45:17.124+0000] {logging_mixin.py:188} INFO - Uploaded /tmp/minio_downloads/1760099340.json to Snowflake stage
[2025-10-14T08:45:17.313+0000] {logging_mixin.py:188} INFO - Uploaded /tmp/minio_downloads/1760099349.json to Snowflake stage
[2025-10-14T08:45:17.444+0000] {logging_mixin.py:188} INFO - Uploaded /tmp/minio_downloads/1760099358.json to Snowflake stage
[2025-10-14T08:45:17.567+0000] {logging_mixin.py:188} INFO - Uploaded /tmp/minio_downloads/1760099368.json to Snowflake stage
[2025-10-14T08:45:17.711+0000] {logging_mixin.py:188} INFO - Uploaded /tmp/minio_downloads/1760099378.json to Snowflake stage
[2025-10-14T08:45:17.840+0000] {logging_mixin.py:188} INFO - Uploaded /tmp/minio_downloads/1760099387.json to Snowflake stage
[2025-10-14T08:45:18.067+0000] {logging_mixin.py:188} INFO - Uploaded /tmp/minio_downloads/1760099397.json to Snowflake stage
[2025-10-14T08:45:18.211+0000] {logging_mixin.py:188} INFO - Uploaded /tmp/minio_downloads/1760099406.json to Snowflake stage
[2025-10-14T08:45:18.366+0000] {logging_mixin.py:188} INFO - Uploaded /tmp/minio_downloads/1760099415.json to Snowflake stage
[2025-10-14T08:45:18.500+0000] {logging_mixin.py:188} INFO - Uploaded /tmp/minio_downloads/1760099425.json to Snowflake stage
[2025-10-14T08:45:18.649+0000] {logging_mixin.py:188} INFO - Uploaded /tmp/minio_downloads/1760099435.json to Snowflake stage
[2025-10-14T08:45:18.774+0000] {logging_mixin.py:188} INFO - Uploaded /tmp/minio_downloads/1760099444.json to Snowflake stage
[2025-10-14T08:45:18.895+0000] {logging_mixin.py:188} INFO - Uploaded /tmp/minio_downloads/1760099453.json to Snowflake stage
[2025-10-14T08:45:19.010+0000] {logging_mixin.py:188} INFO - Uploaded /tmp/minio_downloads/1760099463.json to Snowflake stage
[2025-10-14T08:45:19.131+0000] {logging_mixin.py:188} INFO - Uploaded /tmp/minio_downloads/1760099483.json to Snowflake stage
[2025-10-14T08:45:19.271+0000] {logging_mixin.py:188} INFO - Uploaded /tmp/minio_downloads/1760099493.json to Snowflake stage
[2025-10-14T08:45:19.624+0000] {logging_mixin.py:188} INFO - Uploaded /tmp/minio_downloads/1760099503.json to Snowflake stage
[2025-10-14T08:45:20.569+0000] {logging_mixin.py:188} INFO - Uploaded /tmp/minio_downloads/1760099513.json to Snowflake stage
[2025-10-14T08:45:20.711+0000] {logging_mixin.py:188} INFO - Uploaded /tmp/minio_downloads/1760099522.json to Snowflake stage
[2025-10-14T08:45:20.900+0000] {logging_mixin.py:188} INFO - Uploaded /tmp/minio_downloads/1760099532.json to Snowflake stage
[2025-10-14T08:45:21.066+0000] {logging_mixin.py:188} INFO - Uploaded /tmp/minio_downloads/1760099541.json to Snowflake stage
[2025-10-14T08:45:21.224+0000] {logging_mixin.py:188} INFO - Uploaded /tmp/minio_downloads/1760099550.json to Snowflake stage
[2025-10-14T08:45:21.367+0000] {logging_mixin.py:188} INFO - Uploaded /tmp/minio_downloads/1760099559.json to Snowflake stage
[2025-10-14T08:45:21.611+0000] {logging_mixin.py:188} INFO - Uploaded /tmp/minio_downloads/1760099568.json to Snowflake stage
[2025-10-14T08:45:21.758+0000] {logging_mixin.py:188} INFO - Uploaded /tmp/minio_downloads/1760099578.json to Snowflake stage
[2025-10-14T08:45:21.873+0000] {logging_mixin.py:188} INFO - Uploaded /tmp/minio_downloads/1760099588.json to Snowflake stage
[2025-10-14T08:45:21.992+0000] {logging_mixin.py:188} INFO - Uploaded /tmp/minio_downloads/1760099597.json to Snowflake stage
[2025-10-14T08:45:22.116+0000] {logging_mixin.py:188} INFO - Uploaded /tmp/minio_downloads/1760099606.json to Snowflake stage
[2025-10-14T08:45:22.246+0000] {logging_mixin.py:188} INFO - Uploaded /tmp/minio_downloads/1760099616.json to Snowflake stage
[2025-10-14T08:45:22.431+0000] {logging_mixin.py:188} INFO - Uploaded /tmp/minio_downloads/1760099625.json to Snowflake stage
[2025-10-14T08:45:22.561+0000] {logging_mixin.py:188} INFO - Uploaded /tmp/minio_downloads/1760099635.json to Snowflake stage
[2025-10-14T08:45:22.733+0000] {logging_mixin.py:188} INFO - Uploaded /tmp/minio_downloads/1760099645.json to Snowflake stage
[2025-10-14T08:45:22.865+0000] {logging_mixin.py:188} INFO - Uploaded /tmp/minio_downloads/1760099655.json to Snowflake stage
[2025-10-14T08:45:23.044+0000] {logging_mixin.py:188} INFO - Uploaded /tmp/minio_downloads/1760099664.json to Snowflake stage
[2025-10-14T08:45:23.155+0000] {logging_mixin.py:188} INFO - Uploaded /tmp/minio_downloads/1760099673.json to Snowflake stage
[2025-10-14T08:45:23.272+0000] {logging_mixin.py:188} INFO - Uploaded /tmp/minio_downloads/1760099682.json to Snowflake stage
[2025-10-14T08:45:23.431+0000] {logging_mixin.py:188} INFO - Uploaded /tmp/minio_downloads/1760099692.json to Snowflake stage
[2025-10-14T08:45:23.576+0000] {logging_mixin.py:188} INFO - Uploaded /tmp/minio_downloads/1760099701.json to Snowflake stage
[2025-10-14T08:45:23.715+0000] {logging_mixin.py:188} INFO - Uploaded /tmp/minio_downloads/1760099710.json to Snowflake stage
[2025-10-14T08:45:23.852+0000] {logging_mixin.py:188} INFO - Uploaded /tmp/minio_downloads/1760099719.json to Snowflake stage
[2025-10-14T08:45:23.965+0000] {logging_mixin.py:188} INFO - Uploaded /tmp/minio_downloads/1760099728.json to Snowflake stage
[2025-10-14T08:45:24.677+0000] {logging_mixin.py:188} INFO - Uploaded /tmp/minio_downloads/1760099737.json to Snowflake stage
[2025-10-14T08:45:24.804+0000] {logging_mixin.py:188} INFO - Uploaded /tmp/minio_downloads/1760099746.json to Snowflake stage
[2025-10-14T08:45:24.936+0000] {logging_mixin.py:188} INFO - Uploaded /tmp/minio_downloads/1760099756.json to Snowflake stage
[2025-10-14T08:45:25.077+0000] {logging_mixin.py:188} INFO - Uploaded /tmp/minio_downloads/1760099765.json to Snowflake stage
[2025-10-14T08:45:25.566+0000] {logging_mixin.py:188} INFO - Uploaded /tmp/minio_downloads/1760099775.json to Snowflake stage
[2025-10-14T08:45:25.692+0000] {logging_mixin.py:188} INFO - Uploaded /tmp/minio_downloads/1760099784.json to Snowflake stage
[2025-10-14T08:45:25.856+0000] {logging_mixin.py:188} INFO - Uploaded /tmp/minio_downloads/1760099793.json to Snowflake stage
[2025-10-14T08:45:26.052+0000] {logging_mixin.py:188} INFO - Uploaded /tmp/minio_downloads/1760099803.json to Snowflake stage
[2025-10-14T08:45:26.361+0000] {logging_mixin.py:188} INFO - Uploaded /tmp/minio_downloads/1760099812.json to Snowflake stage
[2025-10-14T08:45:26.580+0000] {logging_mixin.py:188} INFO - Uploaded /tmp/minio_downloads/1760099822.json to Snowflake stage
[2025-10-14T08:45:27.404+0000] {logging_mixin.py:188} INFO - Uploaded /tmp/minio_downloads/1760099832.json to Snowflake stage
[2025-10-14T08:45:27.606+0000] {logging_mixin.py:188} INFO - Uploaded /tmp/minio_downloads/1760099841.json to Snowflake stage
[2025-10-14T08:45:27.810+0000] {logging_mixin.py:188} INFO - Uploaded /tmp/minio_downloads/1760099850.json to Snowflake stage
[2025-10-14T08:45:28.012+0000] {logging_mixin.py:188} INFO - Uploaded /tmp/minio_downloads/1760099860.json to Snowflake stage
[2025-10-14T08:45:28.218+0000] {logging_mixin.py:188} INFO - Uploaded /tmp/minio_downloads/1760099869.json to Snowflake stage
[2025-10-14T08:45:28.830+0000] {logging_mixin.py:188} INFO - Uploaded /tmp/minio_downloads/1760099878.json to Snowflake stage
[2025-10-14T08:45:29.038+0000] {logging_mixin.py:188} INFO - Uploaded /tmp/minio_downloads/1760099887.json to Snowflake stage
[2025-10-14T08:45:29.259+0000] {logging_mixin.py:188} INFO - Uploaded /tmp/minio_downloads/1760099896.json to Snowflake stage
[2025-10-14T08:45:29.447+0000] {logging_mixin.py:188} INFO - Uploaded /tmp/minio_downloads/1760099905.json to Snowflake stage
[2025-10-14T08:45:29.654+0000] {logging_mixin.py:188} INFO - Uploaded /tmp/minio_downloads/1760099915.json to Snowflake stage
[2025-10-14T08:45:29.862+0000] {logging_mixin.py:188} INFO - Uploaded /tmp/minio_downloads/1760099925.json to Snowflake stage
[2025-10-14T08:45:30.196+0000] {logging_mixin.py:188} INFO - Uploaded /tmp/minio_downloads/1760099934.json to Snowflake stage
[2025-10-14T08:45:30.326+0000] {logging_mixin.py:188} INFO - Uploaded /tmp/minio_downloads/1760099943.json to Snowflake stage
[2025-10-14T08:45:30.449+0000] {logging_mixin.py:188} INFO - Uploaded /tmp/minio_downloads/1760099952.json to Snowflake stage
[2025-10-14T08:45:30.580+0000] {logging_mixin.py:188} INFO - Uploaded /tmp/minio_downloads/1760099962.json to Snowflake stage
[2025-10-14T08:45:30.777+0000] {logging_mixin.py:188} INFO - Uploaded /tmp/minio_downloads/1760099971.json to Snowflake stage
[2025-10-14T08:45:30.918+0000] {logging_mixin.py:188} INFO - Uploaded /tmp/minio_downloads/1760099980.json to Snowflake stage
[2025-10-14T08:45:31.205+0000] {logging_mixin.py:188} INFO - Uploaded /tmp/minio_downloads/1760099989.json to Snowflake stage
[2025-10-14T08:45:31.319+0000] {logging_mixin.py:188} INFO - Uploaded /tmp/minio_downloads/1760099999.json to Snowflake stage
[2025-10-14T08:45:31.472+0000] {logging_mixin.py:188} INFO - Uploaded /tmp/minio_downloads/1760100008.json to Snowflake stage
[2025-10-14T08:45:31.593+0000] {logging_mixin.py:188} INFO - Uploaded /tmp/minio_downloads/1760100017.json to Snowflake stage
[2025-10-14T08:45:31.725+0000] {logging_mixin.py:188} INFO - Uploaded /tmp/minio_downloads/1760100027.json to Snowflake stage
[2025-10-14T08:45:31.870+0000] {logging_mixin.py:188} INFO - Uploaded /tmp/minio_downloads/1760100036.json to Snowflake stage
[2025-10-14T08:45:32.038+0000] {logging_mixin.py:188} INFO - Uploaded /tmp/minio_downloads/1760100046.json to Snowflake stage
[2025-10-14T08:45:32.161+0000] {logging_mixin.py:188} INFO - Uploaded /tmp/minio_downloads/1760100055.json to Snowflake stage
[2025-10-14T08:45:32.280+0000] {logging_mixin.py:188} INFO - Uploaded /tmp/minio_downloads/1760100064.json to Snowflake stage
[2025-10-14T08:45:32.641+0000] {logging_mixin.py:188} INFO - Uploaded /tmp/minio_downloads/1760100074.json to Snowflake stage
[2025-10-14T08:45:32.759+0000] {logging_mixin.py:188} INFO - Uploaded /tmp/minio_downloads/1760100083.json to Snowflake stage
[2025-10-14T08:45:32.951+0000] {logging_mixin.py:188} INFO - Uploaded /tmp/minio_downloads/1760100092.json to Snowflake stage
[2025-10-14T08:45:33.124+0000] {logging_mixin.py:188} INFO - Uploaded /tmp/minio_downloads/1760100102.json to Snowflake stage
[2025-10-14T08:45:33.245+0000] {logging_mixin.py:188} INFO - Uploaded /tmp/minio_downloads/1760100112.json to Snowflake stage
[2025-10-14T08:45:33.363+0000] {logging_mixin.py:188} INFO - Uploaded /tmp/minio_downloads/1760100121.json to Snowflake stage
[2025-10-14T08:45:33.511+0000] {logging_mixin.py:188} INFO - Uploaded /tmp/minio_downloads/1760100130.json to Snowflake stage
[2025-10-14T08:45:33.635+0000] {logging_mixin.py:188} INFO - Uploaded /tmp/minio_downloads/1760100139.json to Snowflake stage
[2025-10-14T08:45:33.756+0000] {logging_mixin.py:188} INFO - Uploaded /tmp/minio_downloads/1760100149.json to Snowflake stage
[2025-10-14T08:45:33.974+0000] {logging_mixin.py:188} INFO - Uploaded /tmp/minio_downloads/1760100159.json to Snowflake stage
[2025-10-14T08:45:34.187+0000] {logging_mixin.py:188} INFO - Uploaded /tmp/minio_downloads/1760100168.json to Snowflake stage
[2025-10-14T08:45:34.473+0000] {logging_mixin.py:188} INFO - Uploaded /tmp/minio_downloads/1760100177.json to Snowflake stage
[2025-10-14T08:45:34.623+0000] {logging_mixin.py:188} INFO - Uploaded /tmp/minio_downloads/1760100186.json to Snowflake stage
[2025-10-14T08:45:34.747+0000] {logging_mixin.py:188} INFO - Uploaded /tmp/minio_downloads/1760100195.json to Snowflake stage
[2025-10-14T08:45:34.881+0000] {logging_mixin.py:188} INFO - Uploaded /tmp/minio_downloads/1760100205.json to Snowflake stage
[2025-10-14T08:45:35.034+0000] {logging_mixin.py:188} INFO - Uploaded /tmp/minio_downloads/1760100214.json to Snowflake stage
[2025-10-14T08:45:35.205+0000] {logging_mixin.py:188} INFO - Uploaded /tmp/minio_downloads/1760100224.json to Snowflake stage
[2025-10-14T08:45:35.505+0000] {logging_mixin.py:188} INFO - Uploaded /tmp/minio_downloads/1760100233.json to Snowflake stage
[2025-10-14T08:45:36.188+0000] {logging_mixin.py:188} INFO - Uploaded /tmp/minio_downloads/1760100243.json to Snowflake stage
[2025-10-14T08:45:36.296+0000] {logging_mixin.py:188} INFO - Uploaded /tmp/minio_downloads/1760100253.json to Snowflake stage
[2025-10-14T08:45:36.442+0000] {logging_mixin.py:188} INFO - Uploaded /tmp/minio_downloads/1760100262.json to Snowflake stage
[2025-10-14T08:45:36.559+0000] {logging_mixin.py:188} INFO - Uploaded /tmp/minio_downloads/1760100271.json to Snowflake stage
[2025-10-14T08:45:36.685+0000] {logging_mixin.py:188} INFO - Uploaded /tmp/minio_downloads/1760100280.json to Snowflake stage
[2025-10-14T08:45:36.976+0000] {logging_mixin.py:188} INFO - Uploaded /tmp/minio_downloads/1760100289.json to Snowflake stage
[2025-10-14T08:45:37.102+0000] {logging_mixin.py:188} INFO - Uploaded /tmp/minio_downloads/1760100299.json to Snowflake stage
[2025-10-14T08:45:37.233+0000] {logging_mixin.py:188} INFO - Uploaded /tmp/minio_downloads/1760100308.json to Snowflake stage
[2025-10-14T08:45:37.388+0000] {logging_mixin.py:188} INFO - Uploaded /tmp/minio_downloads/1760100317.json to Snowflake stage
[2025-10-14T08:45:37.509+0000] {logging_mixin.py:188} INFO - Uploaded /tmp/minio_downloads/1760100326.json to Snowflake stage
[2025-10-14T08:45:37.639+0000] {logging_mixin.py:188} INFO - Uploaded /tmp/minio_downloads/1760100335.json to Snowflake stage
[2025-10-14T08:45:37.806+0000] {logging_mixin.py:188} INFO - Uploaded /tmp/minio_downloads/1760100345.json to Snowflake stage
[2025-10-14T08:45:37.931+0000] {logging_mixin.py:188} INFO - Uploaded /tmp/minio_downloads/1760100354.json to Snowflake stage
[2025-10-14T08:45:38.051+0000] {logging_mixin.py:188} INFO - Uploaded /tmp/minio_downloads/1760100363.json to Snowflake stage
[2025-10-14T08:45:38.192+0000] {logging_mixin.py:188} INFO - Uploaded /tmp/minio_downloads/1760100373.json to Snowflake stage
[2025-10-14T08:45:38.302+0000] {logging_mixin.py:188} INFO - Uploaded /tmp/minio_downloads/1760100382.json to Snowflake stage
[2025-10-14T08:45:38.558+0000] {logging_mixin.py:188} INFO - Uploaded /tmp/minio_downloads/1760100391.json to Snowflake stage
[2025-10-14T08:45:38.668+0000] {logging_mixin.py:188} INFO - Uploaded /tmp/minio_downloads/1760100400.json to Snowflake stage
[2025-10-14T08:45:38.799+0000] {logging_mixin.py:188} INFO - Uploaded /tmp/minio_downloads/1760100409.json to Snowflake stage
[2025-10-14T08:45:38.937+0000] {logging_mixin.py:188} INFO - Uploaded /tmp/minio_downloads/1760100419.json to Snowflake stage
[2025-10-14T08:45:39.311+0000] {logging_mixin.py:188} INFO - Uploaded /tmp/minio_downloads/1760100428.json to Snowflake stage
[2025-10-14T08:45:39.518+0000] {logging_mixin.py:188} INFO - Uploaded /tmp/minio_downloads/1760100437.json to Snowflake stage
[2025-10-14T08:45:39.630+0000] {logging_mixin.py:188} INFO - Uploaded /tmp/minio_downloads/1760100446.json to Snowflake stage
[2025-10-14T08:45:39.759+0000] {logging_mixin.py:188} INFO - Uploaded /tmp/minio_downloads/1760100456.json to Snowflake stage
[2025-10-14T08:45:39.890+0000] {logging_mixin.py:188} INFO - Uploaded /tmp/minio_downloads/1760100464.json to Snowflake stage
[2025-10-14T08:45:40.124+0000] {logging_mixin.py:188} INFO - Uploaded /tmp/minio_downloads/1760100474.json to Snowflake stage
[2025-10-14T08:45:40.250+0000] {logging_mixin.py:188} INFO - Uploaded /tmp/minio_downloads/1760100484.json to Snowflake stage
[2025-10-14T08:45:40.419+0000] {logging_mixin.py:188} INFO - Uploaded /tmp/minio_downloads/1760100493.json to Snowflake stage
[2025-10-14T08:45:40.544+0000] {logging_mixin.py:188} INFO - Uploaded /tmp/minio_downloads/1760100502.json to Snowflake stage
[2025-10-14T08:45:40.668+0000] {logging_mixin.py:188} INFO - Uploaded /tmp/minio_downloads/1760100512.json to Snowflake stage
[2025-10-14T08:45:40.795+0000] {logging_mixin.py:188} INFO - Uploaded /tmp/minio_downloads/1760100521.json to Snowflake stage
[2025-10-14T08:45:40.936+0000] {logging_mixin.py:188} INFO - Uploaded /tmp/minio_downloads/1760100530.json to Snowflake stage
[2025-10-14T08:45:41.065+0000] {logging_mixin.py:188} INFO - Uploaded /tmp/minio_downloads/1760100539.json to Snowflake stage
[2025-10-14T08:45:41.169+0000] {logging_mixin.py:188} INFO - Uploaded /tmp/minio_downloads/1760100548.json to Snowflake stage
[2025-10-14T08:45:41.314+0000] {logging_mixin.py:188} INFO - Uploaded /tmp/minio_downloads/1760100558.json to Snowflake stage
[2025-10-14T08:45:41.443+0000] {logging_mixin.py:188} INFO - Uploaded /tmp/minio_downloads/1760100566.json to Snowflake stage
[2025-10-14T08:45:41.778+0000] {logging_mixin.py:188} INFO - Uploaded /tmp/minio_downloads/1760100576.json to Snowflake stage
[2025-10-14T08:45:41.926+0000] {logging_mixin.py:188} INFO - Uploaded /tmp/minio_downloads/1760100585.json to Snowflake stage
[2025-10-14T08:45:42.661+0000] {logging_mixin.py:188} INFO - Uploaded /tmp/minio_downloads/1760100594.json to Snowflake stage
[2025-10-14T08:45:42.827+0000] {logging_mixin.py:188} INFO - Uploaded /tmp/minio_downloads/1760100604.json to Snowflake stage
[2025-10-14T08:45:42.945+0000] {logging_mixin.py:188} INFO - Uploaded /tmp/minio_downloads/1760100613.json to Snowflake stage
[2025-10-14T08:45:43.087+0000] {logging_mixin.py:188} INFO - Uploaded /tmp/minio_downloads/1760100623.json to Snowflake stage
[2025-10-14T08:45:43.227+0000] {logging_mixin.py:188} INFO - Uploaded /tmp/minio_downloads/1760100633.json to Snowflake stage
[2025-10-14T08:45:43.359+0000] {logging_mixin.py:188} INFO - Uploaded /tmp/minio_downloads/1760100642.json to Snowflake stage
[2025-10-14T08:45:43.480+0000] {logging_mixin.py:188} INFO - Uploaded /tmp/minio_downloads/1760100652.json to Snowflake stage
[2025-10-14T08:45:43.595+0000] {logging_mixin.py:188} INFO - Uploaded /tmp/minio_downloads/1760100661.json to Snowflake stage
[2025-10-14T08:45:43.705+0000] {logging_mixin.py:188} INFO - Uploaded /tmp/minio_downloads/1760100671.json to Snowflake stage
[2025-10-14T08:45:44.099+0000] {logging_mixin.py:188} INFO - Uploaded /tmp/minio_downloads/1760100680.json to Snowflake stage
[2025-10-14T08:45:44.233+0000] {logging_mixin.py:188} INFO - Uploaded /tmp/minio_downloads/1760100689.json to Snowflake stage
[2025-10-14T08:45:44.346+0000] {logging_mixin.py:188} INFO - Uploaded /tmp/minio_downloads/1760100698.json to Snowflake stage
[2025-10-14T08:45:44.488+0000] {logging_mixin.py:188} INFO - Uploaded /tmp/minio_downloads/1760100708.json to Snowflake stage
[2025-10-14T08:45:44.607+0000] {logging_mixin.py:188} INFO - Uploaded /tmp/minio_downloads/1760100717.json to Snowflake stage
[2025-10-14T08:45:44.733+0000] {logging_mixin.py:188} INFO - Uploaded /tmp/minio_downloads/1760100726.json to Snowflake stage
[2025-10-14T08:45:44.854+0000] {logging_mixin.py:188} INFO - Uploaded /tmp/minio_downloads/1760100736.json to Snowflake stage
[2025-10-14T08:45:44.963+0000] {logging_mixin.py:188} INFO - Uploaded /tmp/minio_downloads/1760100745.json to Snowflake stage
[2025-10-14T08:45:45.087+0000] {logging_mixin.py:188} INFO - Uploaded /tmp/minio_downloads/1760100755.json to Snowflake stage
[2025-10-14T08:45:45.210+0000] {logging_mixin.py:188} INFO - Uploaded /tmp/minio_downloads/1760100764.json to Snowflake stage
[2025-10-14T08:45:45.927+0000] {logging_mixin.py:188} INFO - Uploaded /tmp/minio_downloads/1760100774.json to Snowflake stage
[2025-10-14T08:45:46.071+0000] {logging_mixin.py:188} INFO - Uploaded /tmp/minio_downloads/1760100783.json to Snowflake stage
[2025-10-14T08:45:46.199+0000] {logging_mixin.py:188} INFO - Uploaded /tmp/minio_downloads/1760100793.json to Snowflake stage
[2025-10-14T08:45:46.329+0000] {logging_mixin.py:188} INFO - Uploaded /tmp/minio_downloads/1760100802.json to Snowflake stage
[2025-10-14T08:45:46.451+0000] {logging_mixin.py:188} INFO - Uploaded /tmp/minio_downloads/1760100811.json to Snowflake stage
[2025-10-14T08:45:46.570+0000] {logging_mixin.py:188} INFO - Uploaded /tmp/minio_downloads/1760100820.json to Snowflake stage
[2025-10-14T08:45:46.780+0000] {logging_mixin.py:188} INFO - Uploaded /tmp/minio_downloads/1760100830.json to Snowflake stage
[2025-10-14T08:45:46.898+0000] {logging_mixin.py:188} INFO - Uploaded /tmp/minio_downloads/1760100840.json to Snowflake stage
[2025-10-14T08:45:47.026+0000] {logging_mixin.py:188} INFO - Uploaded /tmp/minio_downloads/1760100849.json to Snowflake stage
[2025-10-14T08:45:47.143+0000] {logging_mixin.py:188} INFO - Uploaded /tmp/minio_downloads/1760100858.json to Snowflake stage
[2025-10-14T08:45:47.313+0000] {logging_mixin.py:188} INFO - Uploaded /tmp/minio_downloads/1760100867.json to Snowflake stage
[2025-10-14T08:45:47.458+0000] {logging_mixin.py:188} INFO - Uploaded /tmp/minio_downloads/1760100876.json to Snowflake stage
[2025-10-14T08:45:47.615+0000] {logging_mixin.py:188} INFO - Uploaded /tmp/minio_downloads/1760100886.json to Snowflake stage
[2025-10-14T08:45:47.742+0000] {logging_mixin.py:188} INFO - Uploaded /tmp/minio_downloads/1760100896.json to Snowflake stage
[2025-10-14T08:45:47.852+0000] {logging_mixin.py:188} INFO - Uploaded /tmp/minio_downloads/1760100905.json to Snowflake stage
[2025-10-14T08:45:48.536+0000] {logging_mixin.py:188} INFO - Uploaded /tmp/minio_downloads/1760100915.json to Snowflake stage
[2025-10-14T08:45:48.691+0000] {logging_mixin.py:188} INFO - Uploaded /tmp/minio_downloads/1760100924.json to Snowflake stage
[2025-10-14T08:45:48.858+0000] {logging_mixin.py:188} INFO - Uploaded /tmp/minio_downloads/1760100933.json to Snowflake stage
[2025-10-14T08:45:49.194+0000] {logging_mixin.py:188} INFO - Uploaded /tmp/minio_downloads/1760100943.json to Snowflake stage
[2025-10-14T08:45:49.336+0000] {logging_mixin.py:188} INFO - Uploaded /tmp/minio_downloads/1760100953.json to Snowflake stage
[2025-10-14T08:45:49.475+0000] {logging_mixin.py:188} INFO - Uploaded /tmp/minio_downloads/1760100962.json to Snowflake stage
[2025-10-14T08:45:49.642+0000] {logging_mixin.py:188} INFO - Uploaded /tmp/minio_downloads/1760100972.json to Snowflake stage
[2025-10-14T08:45:49.833+0000] {logging_mixin.py:188} INFO - Uploaded /tmp/minio_downloads/1760100981.json to Snowflake stage
[2025-10-14T08:45:49.958+0000] {logging_mixin.py:188} INFO - Uploaded /tmp/minio_downloads/1760100991.json to Snowflake stage
[2025-10-14T08:45:50.139+0000] {logging_mixin.py:188} INFO - Uploaded /tmp/minio_downloads/1760101001.json to Snowflake stage
[2025-10-14T08:45:50.260+0000] {logging_mixin.py:188} INFO - Uploaded /tmp/minio_downloads/1760101010.json to Snowflake stage
[2025-10-14T08:45:50.399+0000] {logging_mixin.py:188} INFO - Uploaded /tmp/minio_downloads/1760101020.json to Snowflake stage
[2025-10-14T08:45:50.532+0000] {logging_mixin.py:188} INFO - Uploaded /tmp/minio_downloads/1760101030.json to Snowflake stage
[2025-10-14T08:45:50.667+0000] {logging_mixin.py:188} INFO - Uploaded /tmp/minio_downloads/1760101039.json to Snowflake stage
[2025-10-14T08:45:50.822+0000] {logging_mixin.py:188} INFO - Uploaded /tmp/minio_downloads/1760101048.json to Snowflake stage
[2025-10-14T08:45:50.952+0000] {logging_mixin.py:188} INFO - Uploaded /tmp/minio_downloads/1760101057.json to Snowflake stage
[2025-10-14T08:45:51.140+0000] {logging_mixin.py:188} INFO - Uploaded /tmp/minio_downloads/1760101067.json to Snowflake stage
[2025-10-14T08:45:51.276+0000] {logging_mixin.py:188} INFO - Uploaded /tmp/minio_downloads/1760101076.json to Snowflake stage
[2025-10-14T08:45:51.395+0000] {logging_mixin.py:188} INFO - Uploaded /tmp/minio_downloads/1760101086.json to Snowflake stage
[2025-10-14T08:45:51.545+0000] {logging_mixin.py:188} INFO - Uploaded /tmp/minio_downloads/1760101096.json to Snowflake stage
[2025-10-14T08:45:51.876+0000] {logging_mixin.py:188} INFO - Uploaded /tmp/minio_downloads/1760101106.json to Snowflake stage
[2025-10-14T08:45:52.069+0000] {logging_mixin.py:188} INFO - Uploaded /tmp/minio_downloads/1760101115.json to Snowflake stage
[2025-10-14T08:45:52.361+0000] {logging_mixin.py:188} INFO - Uploaded /tmp/minio_downloads/1760101125.json to Snowflake stage
[2025-10-14T08:45:52.668+0000] {logging_mixin.py:188} INFO - Uploaded /tmp/minio_downloads/1760101134.json to Snowflake stage
[2025-10-14T08:45:52.860+0000] {logging_mixin.py:188} INFO - Uploaded /tmp/minio_downloads/1760101144.json to Snowflake stage
[2025-10-14T08:45:52.995+0000] {logging_mixin.py:188} INFO - Uploaded /tmp/minio_downloads/1760101153.json to Snowflake stage
[2025-10-14T08:45:53.175+0000] {logging_mixin.py:188} INFO - Uploaded /tmp/minio_downloads/1760101163.json to Snowflake stage
[2025-10-14T08:45:53.341+0000] {logging_mixin.py:188} INFO - Uploaded /tmp/minio_downloads/1760101172.json to Snowflake stage
[2025-10-14T08:45:53.520+0000] {logging_mixin.py:188} INFO - Uploaded /tmp/minio_downloads/1760101181.json to Snowflake stage
[2025-10-14T08:45:53.651+0000] {logging_mixin.py:188} INFO - Uploaded /tmp/minio_downloads/1760101190.json to Snowflake stage
[2025-10-14T08:45:53.835+0000] {logging_mixin.py:188} INFO - Uploaded /tmp/minio_downloads/1760101200.json to Snowflake stage
[2025-10-14T08:45:53.981+0000] {logging_mixin.py:188} INFO - Uploaded /tmp/minio_downloads/1760101210.json to Snowflake stage
[2025-10-14T08:45:54.151+0000] {logging_mixin.py:188} INFO - Uploaded /tmp/minio_downloads/1760101220.json to Snowflake stage
[2025-10-14T08:45:54.316+0000] {logging_mixin.py:188} INFO - Uploaded /tmp/minio_downloads/1760101229.json to Snowflake stage
[2025-10-14T08:45:54.480+0000] {logging_mixin.py:188} INFO - Uploaded /tmp/minio_downloads/1760101239.json to Snowflake stage
[2025-10-14T08:45:54.613+0000] {logging_mixin.py:188} INFO - Uploaded /tmp/minio_downloads/1760101249.json to Snowflake stage
[2025-10-14T08:45:54.761+0000] {logging_mixin.py:188} INFO - Uploaded /tmp/minio_downloads/1760101259.json to Snowflake stage
[2025-10-14T08:45:54.891+0000] {logging_mixin.py:188} INFO - Uploaded /tmp/minio_downloads/1760101268.json to Snowflake stage
[2025-10-14T08:45:55.060+0000] {logging_mixin.py:188} INFO - Uploaded /tmp/minio_downloads/1760101278.json to Snowflake stage
[2025-10-14T08:45:55.260+0000] {logging_mixin.py:188} INFO - Uploaded /tmp/minio_downloads/1760101287.json to Snowflake stage
[2025-10-14T08:45:55.364+0000] {logging_mixin.py:188} INFO - Uploaded /tmp/minio_downloads/1760101296.json to Snowflake stage
[2025-10-14T08:45:55.488+0000] {logging_mixin.py:188} INFO - Uploaded /tmp/minio_downloads/1760101306.json to Snowflake stage
[2025-10-14T08:45:55.613+0000] {logging_mixin.py:188} INFO - Uploaded /tmp/minio_downloads/1760101316.json to Snowflake stage
[2025-10-14T08:45:55.744+0000] {logging_mixin.py:188} INFO - Uploaded /tmp/minio_downloads/1760101325.json to Snowflake stage
[2025-10-14T08:45:55.901+0000] {logging_mixin.py:188} INFO - Uploaded /tmp/minio_downloads/1760101335.json to Snowflake stage
[2025-10-14T08:45:56.109+0000] {logging_mixin.py:188} INFO - Uploaded /tmp/minio_downloads/1760101344.json to Snowflake stage
[2025-10-14T08:45:56.232+0000] {logging_mixin.py:188} INFO - Uploaded /tmp/minio_downloads/1760101354.json to Snowflake stage
[2025-10-14T08:45:56.367+0000] {logging_mixin.py:188} INFO - Uploaded /tmp/minio_downloads/1760101363.json to Snowflake stage
[2025-10-14T08:45:56.497+0000] {logging_mixin.py:188} INFO - Uploaded /tmp/minio_downloads/1760101373.json to Snowflake stage
[2025-10-14T08:45:56.624+0000] {logging_mixin.py:188} INFO - Uploaded /tmp/minio_downloads/1760101382.json to Snowflake stage
[2025-10-14T08:45:56.753+0000] {logging_mixin.py:188} INFO - Uploaded /tmp/minio_downloads/1760101391.json to Snowflake stage
[2025-10-14T08:45:57.077+0000] {logging_mixin.py:188} INFO - Uploaded /tmp/minio_downloads/1760101401.json to Snowflake stage
[2025-10-14T08:45:57.197+0000] {logging_mixin.py:188} INFO - Uploaded /tmp/minio_downloads/1760101410.json to Snowflake stage
[2025-10-14T08:45:57.342+0000] {logging_mixin.py:188} INFO - Uploaded /tmp/minio_downloads/1760101421.json to Snowflake stage
[2025-10-14T08:45:57.489+0000] {logging_mixin.py:188} INFO - Uploaded /tmp/minio_downloads/1760101430.json to Snowflake stage
[2025-10-14T08:45:57.604+0000] {logging_mixin.py:188} INFO - Uploaded /tmp/minio_downloads/1760101440.json to Snowflake stage
[2025-10-14T08:45:57.752+0000] {logging_mixin.py:188} INFO - Uploaded /tmp/minio_downloads/1760101450.json to Snowflake stage
[2025-10-14T08:45:57.880+0000] {logging_mixin.py:188} INFO - Uploaded /tmp/minio_downloads/1760101460.json to Snowflake stage
[2025-10-14T08:45:58.031+0000] {logging_mixin.py:188} INFO - Uploaded /tmp/minio_downloads/1760101470.json to Snowflake stage
[2025-10-14T08:45:58.187+0000] {logging_mixin.py:188} INFO - Uploaded /tmp/minio_downloads/1760101479.json to Snowflake stage
[2025-10-14T08:45:58.307+0000] {logging_mixin.py:188} INFO - Uploaded /tmp/minio_downloads/1760101489.json to Snowflake stage
[2025-10-14T08:45:58.431+0000] {logging_mixin.py:188} INFO - Uploaded /tmp/minio_downloads/1760101499.json to Snowflake stage
[2025-10-14T08:45:58.539+0000] {logging_mixin.py:188} INFO - Uploaded /tmp/minio_downloads/1760101508.json to Snowflake stage
[2025-10-14T08:45:58.663+0000] {logging_mixin.py:188} INFO - Uploaded /tmp/minio_downloads/1760101518.json to Snowflake stage
[2025-10-14T08:45:58.810+0000] {logging_mixin.py:188} INFO - Uploaded /tmp/minio_downloads/1760101527.json to Snowflake stage
[2025-10-14T08:45:58.934+0000] {logging_mixin.py:188} INFO - Uploaded /tmp/minio_downloads/1760101537.json to Snowflake stage
[2025-10-14T08:45:59.075+0000] {logging_mixin.py:188} INFO - Uploaded /tmp/minio_downloads/1760101546.json to Snowflake stage
[2025-10-14T08:45:59.215+0000] {logging_mixin.py:188} INFO - Uploaded /tmp/minio_downloads/1760101555.json to Snowflake stage
[2025-10-14T08:45:59.380+0000] {logging_mixin.py:188} INFO - Uploaded /tmp/minio_downloads/1760101565.json to Snowflake stage
[2025-10-14T08:45:59.534+0000] {logging_mixin.py:188} INFO - Uploaded /tmp/minio_downloads/1760101575.json to Snowflake stage
[2025-10-14T08:45:59.656+0000] {logging_mixin.py:188} INFO - Uploaded /tmp/minio_downloads/1760101584.json to Snowflake stage
[2025-10-14T08:45:59.768+0000] {logging_mixin.py:188} INFO - Uploaded /tmp/minio_downloads/1760101594.json to Snowflake stage
[2025-10-14T08:45:59.925+0000] {logging_mixin.py:188} INFO - Uploaded /tmp/minio_downloads/1760101603.json to Snowflake stage
[2025-10-14T08:46:00.073+0000] {logging_mixin.py:188} INFO - Uploaded /tmp/minio_downloads/1760101613.json to Snowflake stage
[2025-10-14T08:46:00.220+0000] {logging_mixin.py:188} INFO - Uploaded /tmp/minio_downloads/1760101622.json to Snowflake stage
[2025-10-14T08:46:00.352+0000] {logging_mixin.py:188} INFO - Uploaded /tmp/minio_downloads/1760101631.json to Snowflake stage
[2025-10-14T08:46:00.494+0000] {logging_mixin.py:188} INFO - Uploaded /tmp/minio_downloads/1760101641.json to Snowflake stage
[2025-10-14T08:46:00.635+0000] {logging_mixin.py:188} INFO - Uploaded /tmp/minio_downloads/1760101650.json to Snowflake stage
[2025-10-14T08:46:00.787+0000] {logging_mixin.py:188} INFO - Uploaded /tmp/minio_downloads/1760101659.json to Snowflake stage
[2025-10-14T08:46:00.910+0000] {logging_mixin.py:188} INFO - Uploaded /tmp/minio_downloads/1760101668.json to Snowflake stage
[2025-10-14T08:46:01.048+0000] {logging_mixin.py:188} INFO - Uploaded /tmp/minio_downloads/1760101677.json to Snowflake stage
[2025-10-14T08:46:01.193+0000] {logging_mixin.py:188} INFO - Uploaded /tmp/minio_downloads/1760101687.json to Snowflake stage
[2025-10-14T08:46:01.336+0000] {logging_mixin.py:188} INFO - Uploaded /tmp/minio_downloads/1760101696.json to Snowflake stage
[2025-10-14T08:46:01.466+0000] {logging_mixin.py:188} INFO - Uploaded /tmp/minio_downloads/1760101705.json to Snowflake stage
[2025-10-14T08:46:01.597+0000] {logging_mixin.py:188} INFO - Uploaded /tmp/minio_downloads/1760101715.json to Snowflake stage
[2025-10-14T08:46:01.983+0000] {logging_mixin.py:188} INFO - Uploaded /tmp/minio_downloads/1760101724.json to Snowflake stage
[2025-10-14T08:46:02.100+0000] {logging_mixin.py:188} INFO - Uploaded /tmp/minio_downloads/1760101733.json to Snowflake stage
[2025-10-14T08:46:02.219+0000] {logging_mixin.py:188} INFO - Uploaded /tmp/minio_downloads/1760101743.json to Snowflake stage
[2025-10-14T08:46:02.339+0000] {logging_mixin.py:188} INFO - Uploaded /tmp/minio_downloads/1760101752.json to Snowflake stage
[2025-10-14T08:46:02.462+0000] {logging_mixin.py:188} INFO - Uploaded /tmp/minio_downloads/1760101762.json to Snowflake stage
[2025-10-14T08:46:02.591+0000] {logging_mixin.py:188} INFO - Uploaded /tmp/minio_downloads/1760101772.json to Snowflake stage
[2025-10-14T08:46:02.734+0000] {logging_mixin.py:188} INFO - Uploaded /tmp/minio_downloads/1760101781.json to Snowflake stage
[2025-10-14T08:46:02.868+0000] {logging_mixin.py:188} INFO - Uploaded /tmp/minio_downloads/1760101791.json to Snowflake stage
[2025-10-14T08:46:03.150+0000] {logging_mixin.py:188} INFO - Uploaded /tmp/minio_downloads/1760101801.json to Snowflake stage
[2025-10-14T08:46:03.344+0000] {logging_mixin.py:188} INFO - Uploaded /tmp/minio_downloads/1760101810.json to Snowflake stage
[2025-10-14T08:46:03.502+0000] {logging_mixin.py:188} INFO - Uploaded /tmp/minio_downloads/1760101819.json to Snowflake stage
[2025-10-14T08:46:03.618+0000] {logging_mixin.py:188} INFO - Uploaded /tmp/minio_downloads/1760101829.json to Snowflake stage
[2025-10-14T08:46:03.795+0000] {logging_mixin.py:188} INFO - Uploaded /tmp/minio_downloads/1760101838.json to Snowflake stage
[2025-10-14T08:46:03.922+0000] {logging_mixin.py:188} INFO - Uploaded /tmp/minio_downloads/1760101848.json to Snowflake stage
[2025-10-14T08:46:04.684+0000] {logging_mixin.py:188} INFO - Uploaded /tmp/minio_downloads/1760101857.json to Snowflake stage
[2025-10-14T08:46:04.830+0000] {logging_mixin.py:188} INFO - Uploaded /tmp/minio_downloads/1760101867.json to Snowflake stage
[2025-10-14T08:46:04.962+0000] {logging_mixin.py:188} INFO - Uploaded /tmp/minio_downloads/1760101877.json to Snowflake stage
[2025-10-14T08:46:05.086+0000] {logging_mixin.py:188} INFO - Uploaded /tmp/minio_downloads/1760101886.json to Snowflake stage
[2025-10-14T08:46:05.221+0000] {logging_mixin.py:188} INFO - Uploaded /tmp/minio_downloads/1760101896.json to Snowflake stage
[2025-10-14T08:46:05.326+0000] {logging_mixin.py:188} INFO - Uploaded /tmp/minio_downloads/1760101905.json to Snowflake stage
[2025-10-14T08:46:05.555+0000] {logging_mixin.py:188} INFO - Uploaded /tmp/minio_downloads/1760101915.json to Snowflake stage
[2025-10-14T08:46:05.703+0000] {logging_mixin.py:188} INFO - Uploaded /tmp/minio_downloads/1760101925.json to Snowflake stage
[2025-10-14T08:46:05.869+0000] {logging_mixin.py:188} INFO - Uploaded /tmp/minio_downloads/1760101935.json to Snowflake stage
[2025-10-14T08:46:06.037+0000] {logging_mixin.py:188} INFO - Uploaded /tmp/minio_downloads/1760101944.json to Snowflake stage
[2025-10-14T08:46:06.151+0000] {logging_mixin.py:188} INFO - Uploaded /tmp/minio_downloads/1760101954.json to Snowflake stage
[2025-10-14T08:46:06.304+0000] {logging_mixin.py:188} INFO - Uploaded /tmp/minio_downloads/1760101964.json to Snowflake stage
[2025-10-14T08:46:06.443+0000] {logging_mixin.py:188} INFO - Uploaded /tmp/minio_downloads/1760101974.json to Snowflake stage
[2025-10-14T08:46:06.565+0000] {logging_mixin.py:188} INFO - Uploaded /tmp/minio_downloads/1760101983.json to Snowflake stage
[2025-10-14T08:46:06.717+0000] {logging_mixin.py:188} INFO - Uploaded /tmp/minio_downloads/1760101993.json to Snowflake stage
[2025-10-14T08:46:06.829+0000] {logging_mixin.py:188} INFO - Uploaded /tmp/minio_downloads/1760102003.json to Snowflake stage
[2025-10-14T08:46:06.974+0000] {logging_mixin.py:188} INFO - Uploaded /tmp/minio_downloads/1760102012.json to Snowflake stage
[2025-10-14T08:46:07.101+0000] {logging_mixin.py:188} INFO - Uploaded /tmp/minio_downloads/1760102021.json to Snowflake stage
[2025-10-14T08:46:07.212+0000] {logging_mixin.py:188} INFO - Uploaded /tmp/minio_downloads/1760102031.json to Snowflake stage
[2025-10-14T08:46:07.367+0000] {logging_mixin.py:188} INFO - Uploaded /tmp/minio_downloads/1760102040.json to Snowflake stage
[2025-10-14T08:46:07.485+0000] {logging_mixin.py:188} INFO - Uploaded /tmp/minio_downloads/1760102050.json to Snowflake stage
[2025-10-14T08:46:07.627+0000] {logging_mixin.py:188} INFO - Uploaded /tmp/minio_downloads/1760102060.json to Snowflake stage
[2025-10-14T08:46:07.778+0000] {logging_mixin.py:188} INFO - Uploaded /tmp/minio_downloads/1760102069.json to Snowflake stage
[2025-10-14T08:46:07.913+0000] {logging_mixin.py:188} INFO - Uploaded /tmp/minio_downloads/1760102078.json to Snowflake stage
[2025-10-14T08:46:08.033+0000] {logging_mixin.py:188} INFO - Uploaded /tmp/minio_downloads/1760097976.json to Snowflake stage
[2025-10-14T08:46:08.175+0000] {logging_mixin.py:188} INFO - Uploaded /tmp/minio_downloads/1760097985.json to Snowflake stage
[2025-10-14T08:46:08.332+0000] {logging_mixin.py:188} INFO - Uploaded /tmp/minio_downloads/1760097994.json to Snowflake stage
[2025-10-14T08:46:09.182+0000] {logging_mixin.py:188} INFO - Uploaded /tmp/minio_downloads/1760098004.json to Snowflake stage
[2025-10-14T08:46:09.322+0000] {logging_mixin.py:188} INFO - Uploaded /tmp/minio_downloads/1760098013.json to Snowflake stage
[2025-10-14T08:46:09.473+0000] {logging_mixin.py:188} INFO - Uploaded /tmp/minio_downloads/1760098022.json to Snowflake stage
[2025-10-14T08:46:09.593+0000] {logging_mixin.py:188} INFO - Uploaded /tmp/minio_downloads/1760098031.json to Snowflake stage
[2025-10-14T08:46:09.757+0000] {logging_mixin.py:188} INFO - Uploaded /tmp/minio_downloads/1760098040.json to Snowflake stage
[2025-10-14T08:46:09.878+0000] {logging_mixin.py:188} INFO - Uploaded /tmp/minio_downloads/1760098049.json to Snowflake stage
[2025-10-14T08:46:09.995+0000] {logging_mixin.py:188} INFO - Uploaded /tmp/minio_downloads/1760098058.json to Snowflake stage
[2025-10-14T08:46:10.115+0000] {logging_mixin.py:188} INFO - Uploaded /tmp/minio_downloads/1760098066.json to Snowflake stage
[2025-10-14T08:46:10.244+0000] {logging_mixin.py:188} INFO - Uploaded /tmp/minio_downloads/1760098075.json to Snowflake stage
[2025-10-14T08:46:10.409+0000] {logging_mixin.py:188} INFO - Uploaded /tmp/minio_downloads/1760098084.json to Snowflake stage
[2025-10-14T08:46:10.630+0000] {logging_mixin.py:188} INFO - Uploaded /tmp/minio_downloads/1760098093.json to Snowflake stage
[2025-10-14T08:46:10.752+0000] {logging_mixin.py:188} INFO - Uploaded /tmp/minio_downloads/1760098103.json to Snowflake stage
[2025-10-14T08:46:10.876+0000] {logging_mixin.py:188} INFO - Uploaded /tmp/minio_downloads/1760098112.json to Snowflake stage
[2025-10-14T08:46:11.005+0000] {logging_mixin.py:188} INFO - Uploaded /tmp/minio_downloads/1760098121.json to Snowflake stage
[2025-10-14T08:46:11.374+0000] {logging_mixin.py:188} INFO - Uploaded /tmp/minio_downloads/1760098130.json to Snowflake stage
[2025-10-14T08:46:11.488+0000] {logging_mixin.py:188} INFO - Uploaded /tmp/minio_downloads/1760098139.json to Snowflake stage
[2025-10-14T08:46:11.685+0000] {logging_mixin.py:188} INFO - Uploaded /tmp/minio_downloads/1760098147.json to Snowflake stage
[2025-10-14T08:46:11.809+0000] {logging_mixin.py:188} INFO - Uploaded /tmp/minio_downloads/1760098156.json to Snowflake stage
[2025-10-14T08:46:12.231+0000] {logging_mixin.py:188} INFO - Uploaded /tmp/minio_downloads/1760098406.json to Snowflake stage
[2025-10-14T08:46:13.869+0000] {logging_mixin.py:188} INFO - Uploaded /tmp/minio_downloads/1760098415.json to Snowflake stage
[2025-10-14T08:46:14.013+0000] {logging_mixin.py:188} INFO - Uploaded /tmp/minio_downloads/1760098425.json to Snowflake stage
[2025-10-14T08:46:14.137+0000] {logging_mixin.py:188} INFO - Uploaded /tmp/minio_downloads/1760098435.json to Snowflake stage
[2025-10-14T08:46:14.260+0000] {logging_mixin.py:188} INFO - Uploaded /tmp/minio_downloads/1760098444.json to Snowflake stage
[2025-10-14T08:46:14.396+0000] {logging_mixin.py:188} INFO - Uploaded /tmp/minio_downloads/1760098454.json to Snowflake stage
[2025-10-14T08:46:14.516+0000] {logging_mixin.py:188} INFO - Uploaded /tmp/minio_downloads/1760098463.json to Snowflake stage
[2025-10-14T08:46:14.637+0000] {logging_mixin.py:188} INFO - Uploaded /tmp/minio_downloads/1760098473.json to Snowflake stage
[2025-10-14T08:46:14.928+0000] {logging_mixin.py:188} INFO - Uploaded /tmp/minio_downloads/1760098483.json to Snowflake stage
[2025-10-14T08:46:15.071+0000] {logging_mixin.py:188} INFO - Uploaded /tmp/minio_downloads/1760098492.json to Snowflake stage
[2025-10-14T08:46:15.528+0000] {logging_mixin.py:188} INFO - Uploaded /tmp/minio_downloads/1760098502.json to Snowflake stage
[2025-10-14T08:46:15.655+0000] {logging_mixin.py:188} INFO - Uploaded /tmp/minio_downloads/1760098511.json to Snowflake stage
[2025-10-14T08:46:15.835+0000] {logging_mixin.py:188} INFO - Uploaded /tmp/minio_downloads/1760098520.json to Snowflake stage
[2025-10-14T08:46:15.979+0000] {logging_mixin.py:188} INFO - Uploaded /tmp/minio_downloads/1760098530.json to Snowflake stage
[2025-10-14T08:46:16.141+0000] {logging_mixin.py:188} INFO - Uploaded /tmp/minio_downloads/1760098540.json to Snowflake stage
[2025-10-14T08:46:16.261+0000] {logging_mixin.py:188} INFO - Uploaded /tmp/minio_downloads/1760098549.json to Snowflake stage
[2025-10-14T08:46:16.378+0000] {logging_mixin.py:188} INFO - Uploaded /tmp/minio_downloads/1760098559.json to Snowflake stage
[2025-10-14T08:46:16.504+0000] {logging_mixin.py:188} INFO - Uploaded /tmp/minio_downloads/1760098568.json to Snowflake stage
[2025-10-14T08:46:16.629+0000] {logging_mixin.py:188} INFO - Uploaded /tmp/minio_downloads/1760098578.json to Snowflake stage
[2025-10-14T08:46:16.870+0000] {logging_mixin.py:188} INFO - Uploaded /tmp/minio_downloads/1760098587.json to Snowflake stage
[2025-10-14T08:46:17.031+0000] {logging_mixin.py:188} INFO - Uploaded /tmp/minio_downloads/1760098597.json to Snowflake stage
[2025-10-14T08:46:17.156+0000] {logging_mixin.py:188} INFO - Uploaded /tmp/minio_downloads/1760098607.json to Snowflake stage
[2025-10-14T08:46:17.271+0000] {logging_mixin.py:188} INFO - Uploaded /tmp/minio_downloads/1760098617.json to Snowflake stage
[2025-10-14T08:46:17.384+0000] {logging_mixin.py:188} INFO - Uploaded /tmp/minio_downloads/1760098627.json to Snowflake stage
[2025-10-14T08:46:17.503+0000] {logging_mixin.py:188} INFO - Uploaded /tmp/minio_downloads/1760098636.json to Snowflake stage
[2025-10-14T08:46:17.631+0000] {logging_mixin.py:188} INFO - Uploaded /tmp/minio_downloads/1760098646.json to Snowflake stage
[2025-10-14T08:46:17.751+0000] {logging_mixin.py:188} INFO - Uploaded /tmp/minio_downloads/1760098656.json to Snowflake stage
[2025-10-14T08:46:17.877+0000] {logging_mixin.py:188} INFO - Uploaded /tmp/minio_downloads/1760098665.json to Snowflake stage
[2025-10-14T08:46:17.994+0000] {logging_mixin.py:188} INFO - Uploaded /tmp/minio_downloads/1760098675.json to Snowflake stage
[2025-10-14T08:46:18.104+0000] {logging_mixin.py:188} INFO - Uploaded /tmp/minio_downloads/1760098684.json to Snowflake stage
[2025-10-14T08:46:18.224+0000] {logging_mixin.py:188} INFO - Uploaded /tmp/minio_downloads/1760098694.json to Snowflake stage
[2025-10-14T08:46:18.347+0000] {logging_mixin.py:188} INFO - Uploaded /tmp/minio_downloads/1760098703.json to Snowflake stage
[2025-10-14T08:46:18.493+0000] {logging_mixin.py:188} INFO - Uploaded /tmp/minio_downloads/1760098712.json to Snowflake stage
[2025-10-14T08:46:18.610+0000] {logging_mixin.py:188} INFO - Uploaded /tmp/minio_downloads/1760098721.json to Snowflake stage
[2025-10-14T08:46:18.719+0000] {logging_mixin.py:188} INFO - Uploaded /tmp/minio_downloads/1760098731.json to Snowflake stage
[2025-10-14T08:46:18.903+0000] {logging_mixin.py:188} INFO - Uploaded /tmp/minio_downloads/1760098741.json to Snowflake stage
[2025-10-14T08:46:19.699+0000] {logging_mixin.py:188} INFO - Uploaded /tmp/minio_downloads/1760098750.json to Snowflake stage
[2025-10-14T08:46:19.811+0000] {logging_mixin.py:188} INFO - Uploaded /tmp/minio_downloads/1760098760.json to Snowflake stage
[2025-10-14T08:46:19.931+0000] {logging_mixin.py:188} INFO - Uploaded /tmp/minio_downloads/1760098769.json to Snowflake stage
[2025-10-14T08:46:20.044+0000] {logging_mixin.py:188} INFO - Uploaded /tmp/minio_downloads/1760098778.json to Snowflake stage
[2025-10-14T08:46:20.181+0000] {logging_mixin.py:188} INFO - Uploaded /tmp/minio_downloads/1760098788.json to Snowflake stage
[2025-10-14T08:46:20.292+0000] {logging_mixin.py:188} INFO - Uploaded /tmp/minio_downloads/1760098797.json to Snowflake stage
[2025-10-14T08:46:20.434+0000] {logging_mixin.py:188} INFO - Uploaded /tmp/minio_downloads/1760098807.json to Snowflake stage
[2025-10-14T08:46:20.558+0000] {logging_mixin.py:188} INFO - Uploaded /tmp/minio_downloads/1760098817.json to Snowflake stage
[2025-10-14T08:46:20.666+0000] {logging_mixin.py:188} INFO - Uploaded /tmp/minio_downloads/1760098826.json to Snowflake stage
[2025-10-14T08:46:20.787+0000] {logging_mixin.py:188} INFO - Uploaded /tmp/minio_downloads/1760098835.json to Snowflake stage
[2025-10-14T08:46:20.911+0000] {logging_mixin.py:188} INFO - Uploaded /tmp/minio_downloads/1760098844.json to Snowflake stage
[2025-10-14T08:46:21.048+0000] {logging_mixin.py:188} INFO - Uploaded /tmp/minio_downloads/1760098854.json to Snowflake stage
[2025-10-14T08:46:21.160+0000] {logging_mixin.py:188} INFO - Uploaded /tmp/minio_downloads/1760098863.json to Snowflake stage
[2025-10-14T08:46:21.291+0000] {logging_mixin.py:188} INFO - Uploaded /tmp/minio_downloads/1760098872.json to Snowflake stage
[2025-10-14T08:46:21.408+0000] {logging_mixin.py:188} INFO - Uploaded /tmp/minio_downloads/1760098881.json to Snowflake stage
[2025-10-14T08:46:21.528+0000] {logging_mixin.py:188} INFO - Uploaded /tmp/minio_downloads/1760098890.json to Snowflake stage
[2025-10-14T08:46:21.656+0000] {logging_mixin.py:188} INFO - Uploaded /tmp/minio_downloads/1760098899.json to Snowflake stage
[2025-10-14T08:46:21.785+0000] {logging_mixin.py:188} INFO - Uploaded /tmp/minio_downloads/1760098909.json to Snowflake stage
[2025-10-14T08:46:21.914+0000] {logging_mixin.py:188} INFO - Uploaded /tmp/minio_downloads/1760098918.json to Snowflake stage
[2025-10-14T08:46:22.035+0000] {logging_mixin.py:188} INFO - Uploaded /tmp/minio_downloads/1760098928.json to Snowflake stage
[2025-10-14T08:46:22.154+0000] {logging_mixin.py:188} INFO - Uploaded /tmp/minio_downloads/1760098937.json to Snowflake stage
[2025-10-14T08:46:22.280+0000] {logging_mixin.py:188} INFO - Uploaded /tmp/minio_downloads/1760098947.json to Snowflake stage
[2025-10-14T08:46:22.415+0000] {logging_mixin.py:188} INFO - Uploaded /tmp/minio_downloads/1760098957.json to Snowflake stage
[2025-10-14T08:46:22.553+0000] {logging_mixin.py:188} INFO - Uploaded /tmp/minio_downloads/1760098967.json to Snowflake stage
[2025-10-14T08:46:22.698+0000] {logging_mixin.py:188} INFO - Uploaded /tmp/minio_downloads/1760098976.json to Snowflake stage
[2025-10-14T08:46:22.801+0000] {logging_mixin.py:188} INFO - Uploaded /tmp/minio_downloads/1760098986.json to Snowflake stage
[2025-10-14T08:46:22.926+0000] {logging_mixin.py:188} INFO - Uploaded /tmp/minio_downloads/1760098995.json to Snowflake stage
[2025-10-14T08:46:23.058+0000] {logging_mixin.py:188} INFO - Uploaded /tmp/minio_downloads/1760099005.json to Snowflake stage
[2025-10-14T08:46:23.179+0000] {logging_mixin.py:188} INFO - Uploaded /tmp/minio_downloads/1760099014.json to Snowflake stage
[2025-10-14T08:46:23.621+0000] {logging_mixin.py:188} INFO - Uploaded /tmp/minio_downloads/1760099024.json to Snowflake stage
[2025-10-14T08:46:23.764+0000] {logging_mixin.py:188} INFO - Uploaded /tmp/minio_downloads/1760099033.json to Snowflake stage
[2025-10-14T08:46:23.871+0000] {logging_mixin.py:188} INFO - Uploaded /tmp/minio_downloads/1760099042.json to Snowflake stage
[2025-10-14T08:46:23.995+0000] {logging_mixin.py:188} INFO - Uploaded /tmp/minio_downloads/1760099051.json to Snowflake stage
[2025-10-14T08:46:24.132+0000] {logging_mixin.py:188} INFO - Uploaded /tmp/minio_downloads/1760099061.json to Snowflake stage
[2025-10-14T08:46:24.261+0000] {logging_mixin.py:188} INFO - Uploaded /tmp/minio_downloads/1760099070.json to Snowflake stage
[2025-10-14T08:46:24.390+0000] {logging_mixin.py:188} INFO - Uploaded /tmp/minio_downloads/1760099080.json to Snowflake stage
[2025-10-14T08:46:24.517+0000] {logging_mixin.py:188} INFO - Uploaded /tmp/minio_downloads/1760099089.json to Snowflake stage
[2025-10-14T08:46:24.633+0000] {logging_mixin.py:188} INFO - Uploaded /tmp/minio_downloads/1760099098.json to Snowflake stage
[2025-10-14T08:46:25.094+0000] {logging_mixin.py:188} INFO - Uploaded /tmp/minio_downloads/1760099108.json to Snowflake stage
[2025-10-14T08:46:25.228+0000] {logging_mixin.py:188} INFO - Uploaded /tmp/minio_downloads/1760099118.json to Snowflake stage
[2025-10-14T08:46:25.349+0000] {logging_mixin.py:188} INFO - Uploaded /tmp/minio_downloads/1760099128.json to Snowflake stage
[2025-10-14T08:46:25.478+0000] {logging_mixin.py:188} INFO - Uploaded /tmp/minio_downloads/1760099137.json to Snowflake stage
[2025-10-14T08:46:25.593+0000] {logging_mixin.py:188} INFO - Uploaded /tmp/minio_downloads/1760099147.json to Snowflake stage
[2025-10-14T08:46:25.703+0000] {logging_mixin.py:188} INFO - Uploaded /tmp/minio_downloads/1760099157.json to Snowflake stage
[2025-10-14T08:46:25.835+0000] {logging_mixin.py:188} INFO - Uploaded /tmp/minio_downloads/1760099167.json to Snowflake stage
[2025-10-14T08:46:25.973+0000] {logging_mixin.py:188} INFO - Uploaded /tmp/minio_downloads/1760099176.json to Snowflake stage
[2025-10-14T08:46:26.096+0000] {logging_mixin.py:188} INFO - Uploaded /tmp/minio_downloads/1760099185.json to Snowflake stage
[2025-10-14T08:46:26.206+0000] {logging_mixin.py:188} INFO - Uploaded /tmp/minio_downloads/1760099195.json to Snowflake stage
[2025-10-14T08:46:26.318+0000] {logging_mixin.py:188} INFO - Uploaded /tmp/minio_downloads/1760099204.json to Snowflake stage
[2025-10-14T08:46:27.078+0000] {logging_mixin.py:188} INFO - Uploaded /tmp/minio_downloads/1760099213.json to Snowflake stage
[2025-10-14T08:46:27.201+0000] {logging_mixin.py:188} INFO - Uploaded /tmp/minio_downloads/1760099222.json to Snowflake stage
[2025-10-14T08:46:27.311+0000] {logging_mixin.py:188} INFO - Uploaded /tmp/minio_downloads/1760099231.json to Snowflake stage
[2025-10-14T08:46:27.460+0000] {logging_mixin.py:188} INFO - Uploaded /tmp/minio_downloads/1760099241.json to Snowflake stage
[2025-10-14T08:46:27.588+0000] {logging_mixin.py:188} INFO - Uploaded /tmp/minio_downloads/1760099250.json to Snowflake stage
[2025-10-14T08:46:27.733+0000] {logging_mixin.py:188} INFO - Uploaded /tmp/minio_downloads/1760099259.json to Snowflake stage
[2025-10-14T08:46:27.851+0000] {logging_mixin.py:188} INFO - Uploaded /tmp/minio_downloads/1760099268.json to Snowflake stage
[2025-10-14T08:46:28.006+0000] {logging_mixin.py:188} INFO - Uploaded /tmp/minio_downloads/1760099278.json to Snowflake stage
[2025-10-14T08:46:28.129+0000] {logging_mixin.py:188} INFO - Uploaded /tmp/minio_downloads/1760099287.json to Snowflake stage
[2025-10-14T08:46:28.247+0000] {logging_mixin.py:188} INFO - Uploaded /tmp/minio_downloads/1760099296.json to Snowflake stage
[2025-10-14T08:46:28.740+0000] {logging_mixin.py:188} INFO - Uploaded /tmp/minio_downloads/1760099305.json to Snowflake stage
[2025-10-14T08:46:29.098+0000] {logging_mixin.py:188} INFO - Uploaded /tmp/minio_downloads/1760099315.json to Snowflake stage
[2025-10-14T08:46:29.228+0000] {logging_mixin.py:188} INFO - Uploaded /tmp/minio_downloads/1760099324.json to Snowflake stage
[2025-10-14T08:46:29.369+0000] {logging_mixin.py:188} INFO - Uploaded /tmp/minio_downloads/1760099333.json to Snowflake stage
[2025-10-14T08:46:29.484+0000] {logging_mixin.py:188} INFO - Uploaded /tmp/minio_downloads/1760099342.json to Snowflake stage
[2025-10-14T08:46:29.650+0000] {logging_mixin.py:188} INFO - Uploaded /tmp/minio_downloads/1760099352.json to Snowflake stage
[2025-10-14T08:46:29.771+0000] {logging_mixin.py:188} INFO - Uploaded /tmp/minio_downloads/1760099362.json to Snowflake stage
[2025-10-14T08:46:30.166+0000] {logging_mixin.py:188} INFO - Uploaded /tmp/minio_downloads/1760099371.json to Snowflake stage
[2025-10-14T08:46:30.287+0000] {logging_mixin.py:188} INFO - Uploaded /tmp/minio_downloads/1760099381.json to Snowflake stage
[2025-10-14T08:46:30.406+0000] {logging_mixin.py:188} INFO - Uploaded /tmp/minio_downloads/1760099390.json to Snowflake stage
[2025-10-14T08:46:30.523+0000] {logging_mixin.py:188} INFO - Uploaded /tmp/minio_downloads/1760099400.json to Snowflake stage
[2025-10-14T08:46:30.647+0000] {logging_mixin.py:188} INFO - Uploaded /tmp/minio_downloads/1760099409.json to Snowflake stage
[2025-10-14T08:46:30.763+0000] {logging_mixin.py:188} INFO - Uploaded /tmp/minio_downloads/1760099418.json to Snowflake stage
[2025-10-14T08:46:30.911+0000] {logging_mixin.py:188} INFO - Uploaded /tmp/minio_downloads/1760099428.json to Snowflake stage
[2025-10-14T08:46:31.035+0000] {logging_mixin.py:188} INFO - Uploaded /tmp/minio_downloads/1760099437.json to Snowflake stage
[2025-10-14T08:46:31.137+0000] {logging_mixin.py:188} INFO - Uploaded /tmp/minio_downloads/1760099446.json to Snowflake stage
[2025-10-14T08:46:31.269+0000] {logging_mixin.py:188} INFO - Uploaded /tmp/minio_downloads/1760099456.json to Snowflake stage
[2025-10-14T08:46:31.385+0000] {logging_mixin.py:188} INFO - Uploaded /tmp/minio_downloads/1760099486.json to Snowflake stage
[2025-10-14T08:46:31.515+0000] {logging_mixin.py:188} INFO - Uploaded /tmp/minio_downloads/1760099496.json to Snowflake stage
[2025-10-14T08:46:31.630+0000] {logging_mixin.py:188} INFO - Uploaded /tmp/minio_downloads/1760099506.json to Snowflake stage
[2025-10-14T08:46:31.793+0000] {logging_mixin.py:188} INFO - Uploaded /tmp/minio_downloads/1760099515.json to Snowflake stage
[2025-10-14T08:46:31.926+0000] {logging_mixin.py:188} INFO - Uploaded /tmp/minio_downloads/1760099525.json to Snowflake stage
[2025-10-14T08:46:32.046+0000] {logging_mixin.py:188} INFO - Uploaded /tmp/minio_downloads/1760099534.json to Snowflake stage
[2025-10-14T08:46:32.199+0000] {logging_mixin.py:188} INFO - Uploaded /tmp/minio_downloads/1760099543.json to Snowflake stage
[2025-10-14T08:46:32.324+0000] {logging_mixin.py:188} INFO - Uploaded /tmp/minio_downloads/1760099553.json to Snowflake stage
[2025-10-14T08:46:32.438+0000] {logging_mixin.py:188} INFO - Uploaded /tmp/minio_downloads/1760099562.json to Snowflake stage
[2025-10-14T08:46:32.556+0000] {logging_mixin.py:188} INFO - Uploaded /tmp/minio_downloads/1760099571.json to Snowflake stage
[2025-10-14T08:46:32.679+0000] {logging_mixin.py:188} INFO - Uploaded /tmp/minio_downloads/1760099581.json to Snowflake stage
[2025-10-14T08:46:32.869+0000] {logging_mixin.py:188} INFO - Uploaded /tmp/minio_downloads/1760099590.json to Snowflake stage
[2025-10-14T08:46:33.008+0000] {logging_mixin.py:188} INFO - Uploaded /tmp/minio_downloads/1760099599.json to Snowflake stage
[2025-10-14T08:46:33.164+0000] {logging_mixin.py:188} INFO - Uploaded /tmp/minio_downloads/1760099609.json to Snowflake stage
[2025-10-14T08:46:33.302+0000] {logging_mixin.py:188} INFO - Uploaded /tmp/minio_downloads/1760099619.json to Snowflake stage
[2025-10-14T08:46:33.419+0000] {logging_mixin.py:188} INFO - Uploaded /tmp/minio_downloads/1760099628.json to Snowflake stage
[2025-10-14T08:46:33.537+0000] {logging_mixin.py:188} INFO - Uploaded /tmp/minio_downloads/1760099638.json to Snowflake stage
[2025-10-14T08:46:33.663+0000] {logging_mixin.py:188} INFO - Uploaded /tmp/minio_downloads/1760099648.json to Snowflake stage
[2025-10-14T08:46:33.781+0000] {logging_mixin.py:188} INFO - Uploaded /tmp/minio_downloads/1760099657.json to Snowflake stage
[2025-10-14T08:46:33.930+0000] {logging_mixin.py:188} INFO - Uploaded /tmp/minio_downloads/1760099666.json to Snowflake stage
[2025-10-14T08:46:34.449+0000] {logging_mixin.py:188} INFO - Uploaded /tmp/minio_downloads/1760099676.json to Snowflake stage
[2025-10-14T08:46:34.781+0000] {logging_mixin.py:188} INFO - Uploaded /tmp/minio_downloads/1760099685.json to Snowflake stage
[2025-10-14T08:46:34.951+0000] {logging_mixin.py:188} INFO - Uploaded /tmp/minio_downloads/1760099694.json to Snowflake stage
[2025-10-14T08:46:35.082+0000] {logging_mixin.py:188} INFO - Uploaded /tmp/minio_downloads/1760099703.json to Snowflake stage
[2025-10-14T08:46:35.199+0000] {logging_mixin.py:188} INFO - Uploaded /tmp/minio_downloads/1760099712.json to Snowflake stage
[2025-10-14T08:46:35.320+0000] {logging_mixin.py:188} INFO - Uploaded /tmp/minio_downloads/1760099722.json to Snowflake stage
[2025-10-14T08:46:35.444+0000] {logging_mixin.py:188} INFO - Uploaded /tmp/minio_downloads/1760099731.json to Snowflake stage
[2025-10-14T08:46:35.570+0000] {logging_mixin.py:188} INFO - Uploaded /tmp/minio_downloads/1760099740.json to Snowflake stage
[2025-10-14T08:46:35.679+0000] {logging_mixin.py:188} INFO - Uploaded /tmp/minio_downloads/1760099749.json to Snowflake stage
[2025-10-14T08:46:35.828+0000] {logging_mixin.py:188} INFO - Uploaded /tmp/minio_downloads/1760099758.json to Snowflake stage
[2025-10-14T08:46:35.977+0000] {logging_mixin.py:188} INFO - Uploaded /tmp/minio_downloads/1760099768.json to Snowflake stage
[2025-10-14T08:46:36.121+0000] {logging_mixin.py:188} INFO - Uploaded /tmp/minio_downloads/1760099777.json to Snowflake stage
[2025-10-14T08:46:36.300+0000] {logging_mixin.py:188} INFO - Uploaded /tmp/minio_downloads/1760099787.json to Snowflake stage
[2025-10-14T08:46:36.419+0000] {logging_mixin.py:188} INFO - Uploaded /tmp/minio_downloads/1760099796.json to Snowflake stage
[2025-10-14T08:46:36.539+0000] {logging_mixin.py:188} INFO - Uploaded /tmp/minio_downloads/1760099806.json to Snowflake stage
[2025-10-14T08:46:36.685+0000] {logging_mixin.py:188} INFO - Uploaded /tmp/minio_downloads/1760099815.json to Snowflake stage
[2025-10-14T08:46:36.791+0000] {logging_mixin.py:188} INFO - Uploaded /tmp/minio_downloads/1760099825.json to Snowflake stage
[2025-10-14T08:46:36.961+0000] {logging_mixin.py:188} INFO - Uploaded /tmp/minio_downloads/1760099834.json to Snowflake stage
[2025-10-14T08:46:37.247+0000] {logging_mixin.py:188} INFO - Uploaded /tmp/minio_downloads/1760099844.json to Snowflake stage
[2025-10-14T08:46:37.385+0000] {logging_mixin.py:188} INFO - Uploaded /tmp/minio_downloads/1760099853.json to Snowflake stage
[2025-10-14T08:46:37.529+0000] {logging_mixin.py:188} INFO - Uploaded /tmp/minio_downloads/1760099862.json to Snowflake stage
[2025-10-14T08:46:38.052+0000] {logging_mixin.py:188} INFO - Uploaded /tmp/minio_downloads/1760099871.json to Snowflake stage
[2025-10-14T08:46:38.167+0000] {logging_mixin.py:188} INFO - Uploaded /tmp/minio_downloads/1760099880.json to Snowflake stage
[2025-10-14T08:46:38.284+0000] {logging_mixin.py:188} INFO - Uploaded /tmp/minio_downloads/1760099890.json to Snowflake stage
[2025-10-14T08:46:38.420+0000] {logging_mixin.py:188} INFO - Uploaded /tmp/minio_downloads/1760099899.json to Snowflake stage
[2025-10-14T08:46:38.546+0000] {logging_mixin.py:188} INFO - Uploaded /tmp/minio_downloads/1760099908.json to Snowflake stage
[2025-10-14T08:46:38.699+0000] {logging_mixin.py:188} INFO - Uploaded /tmp/minio_downloads/1760099918.json to Snowflake stage
[2025-10-14T08:46:38.898+0000] {logging_mixin.py:188} INFO - Uploaded /tmp/minio_downloads/1760099927.json to Snowflake stage
[2025-10-14T08:46:39.045+0000] {logging_mixin.py:188} INFO - Uploaded /tmp/minio_downloads/1760099936.json to Snowflake stage
[2025-10-14T08:46:39.236+0000] {logging_mixin.py:188} INFO - Uploaded /tmp/minio_downloads/1760099946.json to Snowflake stage
[2025-10-14T08:46:39.362+0000] {logging_mixin.py:188} INFO - Uploaded /tmp/minio_downloads/1760099955.json to Snowflake stage
[2025-10-14T08:46:39.470+0000] {logging_mixin.py:188} INFO - Uploaded /tmp/minio_downloads/1760099964.json to Snowflake stage
[2025-10-14T08:46:39.602+0000] {logging_mixin.py:188} INFO - Uploaded /tmp/minio_downloads/1760099974.json to Snowflake stage
[2025-10-14T08:46:39.731+0000] {logging_mixin.py:188} INFO - Uploaded /tmp/minio_downloads/1760099983.json to Snowflake stage
[2025-10-14T08:46:39.885+0000] {logging_mixin.py:188} INFO - Uploaded /tmp/minio_downloads/1760099992.json to Snowflake stage
[2025-10-14T08:46:40.041+0000] {logging_mixin.py:188} INFO - Uploaded /tmp/minio_downloads/1760100001.json to Snowflake stage
[2025-10-14T08:46:40.187+0000] {logging_mixin.py:188} INFO - Uploaded /tmp/minio_downloads/1760100011.json to Snowflake stage
[2025-10-14T08:46:40.315+0000] {logging_mixin.py:188} INFO - Uploaded /tmp/minio_downloads/1760100020.json to Snowflake stage
[2025-10-14T08:46:40.478+0000] {logging_mixin.py:188} INFO - Uploaded /tmp/minio_downloads/1760100030.json to Snowflake stage
[2025-10-14T08:46:40.627+0000] {logging_mixin.py:188} INFO - Uploaded /tmp/minio_downloads/1760100039.json to Snowflake stage
[2025-10-14T08:46:40.754+0000] {logging_mixin.py:188} INFO - Uploaded /tmp/minio_downloads/1760100048.json to Snowflake stage
[2025-10-14T08:46:40.920+0000] {logging_mixin.py:188} INFO - Uploaded /tmp/minio_downloads/1760100058.json to Snowflake stage
[2025-10-14T08:46:41.055+0000] {logging_mixin.py:188} INFO - Uploaded /tmp/minio_downloads/1760100067.json to Snowflake stage
[2025-10-14T08:46:41.214+0000] {logging_mixin.py:188} INFO - Uploaded /tmp/minio_downloads/1760100076.json to Snowflake stage
[2025-10-14T08:46:41.358+0000] {logging_mixin.py:188} INFO - Uploaded /tmp/minio_downloads/1760100086.json to Snowflake stage
[2025-10-14T08:46:41.479+0000] {logging_mixin.py:188} INFO - Uploaded /tmp/minio_downloads/1760100095.json to Snowflake stage
[2025-10-14T08:46:41.751+0000] {logging_mixin.py:188} INFO - Uploaded /tmp/minio_downloads/1760100105.json to Snowflake stage
[2025-10-14T08:46:41.897+0000] {logging_mixin.py:188} INFO - Uploaded /tmp/minio_downloads/1760100114.json to Snowflake stage
[2025-10-14T08:46:42.021+0000] {logging_mixin.py:188} INFO - Uploaded /tmp/minio_downloads/1760100123.json to Snowflake stage
[2025-10-14T08:46:42.146+0000] {logging_mixin.py:188} INFO - Uploaded /tmp/minio_downloads/1760100133.json to Snowflake stage
[2025-10-14T08:46:42.272+0000] {logging_mixin.py:188} INFO - Uploaded /tmp/minio_downloads/1760100142.json to Snowflake stage
[2025-10-14T08:46:42.409+0000] {logging_mixin.py:188} INFO - Uploaded /tmp/minio_downloads/1760100152.json to Snowflake stage
[2025-10-14T08:46:42.589+0000] {logging_mixin.py:188} INFO - Uploaded /tmp/minio_downloads/1760100161.json to Snowflake stage
[2025-10-14T08:46:42.712+0000] {logging_mixin.py:188} INFO - Uploaded /tmp/minio_downloads/1760100170.json to Snowflake stage
[2025-10-14T08:46:42.832+0000] {logging_mixin.py:188} INFO - Uploaded /tmp/minio_downloads/1760100179.json to Snowflake stage
[2025-10-14T08:46:42.947+0000] {logging_mixin.py:188} INFO - Uploaded /tmp/minio_downloads/1760100188.json to Snowflake stage
[2025-10-14T08:46:43.087+0000] {logging_mixin.py:188} INFO - Uploaded /tmp/minio_downloads/1760100198.json to Snowflake stage
[2025-10-14T08:46:43.279+0000] {logging_mixin.py:188} INFO - Uploaded /tmp/minio_downloads/1760100207.json to Snowflake stage
[2025-10-14T08:46:43.410+0000] {logging_mixin.py:188} INFO - Uploaded /tmp/minio_downloads/1760100217.json to Snowflake stage
[2025-10-14T08:46:43.526+0000] {logging_mixin.py:188} INFO - Uploaded /tmp/minio_downloads/1760100226.json to Snowflake stage
[2025-10-14T08:46:43.648+0000] {logging_mixin.py:188} INFO - Uploaded /tmp/minio_downloads/1760100236.json to Snowflake stage
[2025-10-14T08:46:43.762+0000] {logging_mixin.py:188} INFO - Uploaded /tmp/minio_downloads/1760100246.json to Snowflake stage
[2025-10-14T08:46:43.879+0000] {logging_mixin.py:188} INFO - Uploaded /tmp/minio_downloads/1760100255.json to Snowflake stage
[2025-10-14T08:46:44.111+0000] {logging_mixin.py:188} INFO - Uploaded /tmp/minio_downloads/1760100264.json to Snowflake stage
[2025-10-14T08:46:44.234+0000] {logging_mixin.py:188} INFO - Uploaded /tmp/minio_downloads/1760100273.json to Snowflake stage
[2025-10-14T08:46:44.352+0000] {logging_mixin.py:188} INFO - Uploaded /tmp/minio_downloads/1760100283.json to Snowflake stage
[2025-10-14T08:46:44.471+0000] {logging_mixin.py:188} INFO - Uploaded /tmp/minio_downloads/1760100292.json to Snowflake stage
[2025-10-14T08:46:44.591+0000] {logging_mixin.py:188} INFO - Uploaded /tmp/minio_downloads/1760100301.json to Snowflake stage
[2025-10-14T08:46:44.713+0000] {logging_mixin.py:188} INFO - Uploaded /tmp/minio_downloads/1760100310.json to Snowflake stage
[2025-10-14T08:46:44.924+0000] {logging_mixin.py:188} INFO - Uploaded /tmp/minio_downloads/1760100319.json to Snowflake stage
[2025-10-14T08:46:45.048+0000] {logging_mixin.py:188} INFO - Uploaded /tmp/minio_downloads/1760100329.json to Snowflake stage
[2025-10-14T08:46:45.178+0000] {logging_mixin.py:188} INFO - Uploaded /tmp/minio_downloads/1760100338.json to Snowflake stage
[2025-10-14T08:46:45.324+0000] {logging_mixin.py:188} INFO - Uploaded /tmp/minio_downloads/1760100348.json to Snowflake stage
[2025-10-14T08:46:45.461+0000] {logging_mixin.py:188} INFO - Uploaded /tmp/minio_downloads/1760100357.json to Snowflake stage
[2025-10-14T08:46:45.614+0000] {logging_mixin.py:188} INFO - Uploaded /tmp/minio_downloads/1760100366.json to Snowflake stage
[2025-10-14T08:46:45.739+0000] {logging_mixin.py:188} INFO - Uploaded /tmp/minio_downloads/1760100375.json to Snowflake stage
[2025-10-14T08:46:45.876+0000] {logging_mixin.py:188} INFO - Uploaded /tmp/minio_downloads/1760100385.json to Snowflake stage
[2025-10-14T08:46:46.008+0000] {logging_mixin.py:188} INFO - Uploaded /tmp/minio_downloads/1760100394.json to Snowflake stage
[2025-10-14T08:46:46.126+0000] {logging_mixin.py:188} INFO - Uploaded /tmp/minio_downloads/1760100403.json to Snowflake stage
[2025-10-14T08:46:46.245+0000] {logging_mixin.py:188} INFO - Uploaded /tmp/minio_downloads/1760100412.json to Snowflake stage
[2025-10-14T08:46:46.436+0000] {logging_mixin.py:188} INFO - Uploaded /tmp/minio_downloads/1760100421.json to Snowflake stage
[2025-10-14T08:46:46.565+0000] {logging_mixin.py:188} INFO - Uploaded /tmp/minio_downloads/1760100431.json to Snowflake stage
[2025-10-14T08:46:46.685+0000] {logging_mixin.py:188} INFO - Uploaded /tmp/minio_downloads/1760100440.json to Snowflake stage
[2025-10-14T08:46:46.818+0000] {logging_mixin.py:188} INFO - Uploaded /tmp/minio_downloads/1760100449.json to Snowflake stage
[2025-10-14T08:46:47.043+0000] {logging_mixin.py:188} INFO - Uploaded /tmp/minio_downloads/1760100458.json to Snowflake stage
[2025-10-14T08:46:47.182+0000] {logging_mixin.py:188} INFO - Uploaded /tmp/minio_downloads/1760100467.json to Snowflake stage
[2025-10-14T08:46:47.304+0000] {logging_mixin.py:188} INFO - Uploaded /tmp/minio_downloads/1760100477.json to Snowflake stage
[2025-10-14T08:46:47.411+0000] {logging_mixin.py:188} INFO - Uploaded /tmp/minio_downloads/1760100486.json to Snowflake stage
[2025-10-14T08:46:47.801+0000] {logging_mixin.py:188} INFO - Uploaded /tmp/minio_downloads/1760100496.json to Snowflake stage
[2025-10-14T08:46:48.063+0000] {logging_mixin.py:188} INFO - Uploaded /tmp/minio_downloads/1760100505.json to Snowflake stage
[2025-10-14T08:46:48.189+0000] {logging_mixin.py:188} INFO - Uploaded /tmp/minio_downloads/1760100514.json to Snowflake stage
[2025-10-14T08:46:48.308+0000] {logging_mixin.py:188} INFO - Uploaded /tmp/minio_downloads/1760100523.json to Snowflake stage
[2025-10-14T08:46:48.427+0000] {logging_mixin.py:188} INFO - Uploaded /tmp/minio_downloads/1760100533.json to Snowflake stage
[2025-10-14T08:46:48.588+0000] {logging_mixin.py:188} INFO - Uploaded /tmp/minio_downloads/1760100542.json to Snowflake stage
[2025-10-14T08:46:48.724+0000] {logging_mixin.py:188} INFO - Uploaded /tmp/minio_downloads/1760100551.json to Snowflake stage
[2025-10-14T08:46:48.854+0000] {logging_mixin.py:188} INFO - Uploaded /tmp/minio_downloads/1760100560.json to Snowflake stage
[2025-10-14T08:46:49.002+0000] {logging_mixin.py:188} INFO - Uploaded /tmp/minio_downloads/1760100569.json to Snowflake stage
[2025-10-14T08:46:49.229+0000] {logging_mixin.py:188} INFO - Uploaded /tmp/minio_downloads/1760100578.json to Snowflake stage
[2025-10-14T08:46:49.417+0000] {logging_mixin.py:188} INFO - Uploaded /tmp/minio_downloads/1760100588.json to Snowflake stage
[2025-10-14T08:46:49.583+0000] {logging_mixin.py:188} INFO - Uploaded /tmp/minio_downloads/1760100597.json to Snowflake stage
[2025-10-14T08:46:49.752+0000] {logging_mixin.py:188} INFO - Uploaded /tmp/minio_downloads/1760100607.json to Snowflake stage
[2025-10-14T08:46:49.995+0000] {logging_mixin.py:188} INFO - Uploaded /tmp/minio_downloads/1760100617.json to Snowflake stage
[2025-10-14T08:46:50.110+0000] {logging_mixin.py:188} INFO - Uploaded /tmp/minio_downloads/1760100626.json to Snowflake stage
[2025-10-14T08:46:50.222+0000] {logging_mixin.py:188} INFO - Uploaded /tmp/minio_downloads/1760100635.json to Snowflake stage
[2025-10-14T08:46:50.431+0000] {logging_mixin.py:188} INFO - Uploaded /tmp/minio_downloads/1760100645.json to Snowflake stage
[2025-10-14T08:46:50.542+0000] {logging_mixin.py:188} INFO - Uploaded /tmp/minio_downloads/1760100655.json to Snowflake stage
[2025-10-14T08:46:50.656+0000] {logging_mixin.py:188} INFO - Uploaded /tmp/minio_downloads/1760100664.json to Snowflake stage
[2025-10-14T08:46:50.975+0000] {logging_mixin.py:188} INFO - Uploaded /tmp/minio_downloads/1760100673.json to Snowflake stage
[2025-10-14T08:46:51.164+0000] {logging_mixin.py:188} INFO - Uploaded /tmp/minio_downloads/1760100683.json to Snowflake stage
[2025-10-14T08:46:51.322+0000] {logging_mixin.py:188} INFO - Uploaded /tmp/minio_downloads/1760100692.json to Snowflake stage
[2025-10-14T08:46:51.440+0000] {logging_mixin.py:188} INFO - Uploaded /tmp/minio_downloads/1760100701.json to Snowflake stage
[2025-10-14T08:46:51.567+0000] {logging_mixin.py:188} INFO - Uploaded /tmp/minio_downloads/1760100710.json to Snowflake stage
[2025-10-14T08:46:51.754+0000] {logging_mixin.py:188} INFO - Uploaded /tmp/minio_downloads/1760100720.json to Snowflake stage
[2025-10-14T08:46:51.881+0000] {logging_mixin.py:188} INFO - Uploaded /tmp/minio_downloads/1760100729.json to Snowflake stage
[2025-10-14T08:46:52.006+0000] {logging_mixin.py:188} INFO - Uploaded /tmp/minio_downloads/1760100738.json to Snowflake stage
[2025-10-14T08:46:52.122+0000] {logging_mixin.py:188} INFO - Uploaded /tmp/minio_downloads/1760100748.json to Snowflake stage
[2025-10-14T08:46:52.375+0000] {logging_mixin.py:188} INFO - Uploaded /tmp/minio_downloads/1760100758.json to Snowflake stage
[2025-10-14T08:46:52.516+0000] {logging_mixin.py:188} INFO - Uploaded /tmp/minio_downloads/1760100767.json to Snowflake stage
[2025-10-14T08:46:52.923+0000] {logging_mixin.py:188} INFO - Uploaded /tmp/minio_downloads/1760100777.json to Snowflake stage
[2025-10-14T08:46:53.051+0000] {logging_mixin.py:188} INFO - Uploaded /tmp/minio_downloads/1760100786.json to Snowflake stage
[2025-10-14T08:46:53.185+0000] {logging_mixin.py:188} INFO - Uploaded /tmp/minio_downloads/1760100796.json to Snowflake stage
[2025-10-14T08:46:53.418+0000] {logging_mixin.py:188} INFO - Uploaded /tmp/minio_downloads/1760100805.json to Snowflake stage
[2025-10-14T08:46:53.545+0000] {logging_mixin.py:188} INFO - Uploaded /tmp/minio_downloads/1760100814.json to Snowflake stage
[2025-10-14T08:46:53.675+0000] {logging_mixin.py:188} INFO - Uploaded /tmp/minio_downloads/1760100823.json to Snowflake stage
[2025-10-14T08:46:53.812+0000] {logging_mixin.py:188} INFO - Uploaded /tmp/minio_downloads/1760100833.json to Snowflake stage
[2025-10-14T08:46:53.936+0000] {logging_mixin.py:188} INFO - Uploaded /tmp/minio_downloads/1760100842.json to Snowflake stage
[2025-10-14T08:46:54.119+0000] {logging_mixin.py:188} INFO - Uploaded /tmp/minio_downloads/1760100851.json to Snowflake stage
[2025-10-14T08:46:54.232+0000] {logging_mixin.py:188} INFO - Uploaded /tmp/minio_downloads/1760100861.json to Snowflake stage
[2025-10-14T08:46:54.351+0000] {logging_mixin.py:188} INFO - Uploaded /tmp/minio_downloads/1760100870.json to Snowflake stage
[2025-10-14T08:46:54.468+0000] {logging_mixin.py:188} INFO - Uploaded /tmp/minio_downloads/1760100880.json to Snowflake stage
[2025-10-14T08:46:54.651+0000] {logging_mixin.py:188} INFO - Uploaded /tmp/minio_downloads/1760100889.json to Snowflake stage
[2025-10-14T08:46:54.840+0000] {logging_mixin.py:188} INFO - Uploaded /tmp/minio_downloads/1760100898.json to Snowflake stage
[2025-10-14T08:46:54.963+0000] {logging_mixin.py:188} INFO - Uploaded /tmp/minio_downloads/1760100908.json to Snowflake stage
[2025-10-14T08:46:55.078+0000] {logging_mixin.py:188} INFO - Uploaded /tmp/minio_downloads/1760100917.json to Snowflake stage
[2025-10-14T08:46:55.225+0000] {logging_mixin.py:188} INFO - Uploaded /tmp/minio_downloads/1760100927.json to Snowflake stage
[2025-10-14T08:46:55.344+0000] {logging_mixin.py:188} INFO - Uploaded /tmp/minio_downloads/1760100936.json to Snowflake stage
[2025-10-14T08:46:55.447+0000] {logging_mixin.py:188} INFO - Uploaded /tmp/minio_downloads/1760100946.json to Snowflake stage
[2025-10-14T08:46:55.591+0000] {logging_mixin.py:188} INFO - Uploaded /tmp/minio_downloads/1760100956.json to Snowflake stage
[2025-10-14T08:46:55.704+0000] {logging_mixin.py:188} INFO - Uploaded /tmp/minio_downloads/1760100965.json to Snowflake stage
[2025-10-14T08:46:55.835+0000] {logging_mixin.py:188} INFO - Uploaded /tmp/minio_downloads/1760100974.json to Snowflake stage
[2025-10-14T08:46:55.972+0000] {logging_mixin.py:188} INFO - Uploaded /tmp/minio_downloads/1760100984.json to Snowflake stage
[2025-10-14T08:46:56.099+0000] {logging_mixin.py:188} INFO - Uploaded /tmp/minio_downloads/1760100994.json to Snowflake stage
[2025-10-14T08:46:56.224+0000] {logging_mixin.py:188} INFO - Uploaded /tmp/minio_downloads/1760101004.json to Snowflake stage
[2025-10-14T08:46:56.333+0000] {logging_mixin.py:188} INFO - Uploaded /tmp/minio_downloads/1760101014.json to Snowflake stage
[2025-10-14T08:46:56.461+0000] {logging_mixin.py:188} INFO - Uploaded /tmp/minio_downloads/1760101023.json to Snowflake stage
[2025-10-14T08:46:56.672+0000] {logging_mixin.py:188} INFO - Uploaded /tmp/minio_downloads/1760101032.json to Snowflake stage
[2025-10-14T08:46:56.805+0000] {logging_mixin.py:188} INFO - Uploaded /tmp/minio_downloads/1760101041.json to Snowflake stage
[2025-10-14T08:46:56.914+0000] {logging_mixin.py:188} INFO - Uploaded /tmp/minio_downloads/1760101051.json to Snowflake stage
[2025-10-14T08:46:57.033+0000] {logging_mixin.py:188} INFO - Uploaded /tmp/minio_downloads/1760101060.json to Snowflake stage
[2025-10-14T08:46:57.148+0000] {logging_mixin.py:188} INFO - Uploaded /tmp/minio_downloads/1760101069.json to Snowflake stage
[2025-10-14T08:46:57.262+0000] {logging_mixin.py:188} INFO - Uploaded /tmp/minio_downloads/1760101079.json to Snowflake stage
[2025-10-14T08:46:57.393+0000] {logging_mixin.py:188} INFO - Uploaded /tmp/minio_downloads/1760101089.json to Snowflake stage
[2025-10-14T08:46:57.514+0000] {logging_mixin.py:188} INFO - Uploaded /tmp/minio_downloads/1760101099.json to Snowflake stage
[2025-10-14T08:46:57.686+0000] {logging_mixin.py:188} INFO - Uploaded /tmp/minio_downloads/1760101109.json to Snowflake stage
[2025-10-14T08:46:57.814+0000] {logging_mixin.py:188} INFO - Uploaded /tmp/minio_downloads/1760101118.json to Snowflake stage
[2025-10-14T08:46:57.983+0000] {logging_mixin.py:188} INFO - Uploaded /tmp/minio_downloads/1760101128.json to Snowflake stage
[2025-10-14T08:46:58.128+0000] {logging_mixin.py:188} INFO - Uploaded /tmp/minio_downloads/1760101137.json to Snowflake stage
[2025-10-14T08:46:58.275+0000] {logging_mixin.py:188} INFO - Uploaded /tmp/minio_downloads/1760101146.json to Snowflake stage
[2025-10-14T08:46:58.676+0000] {logging_mixin.py:188} INFO - Uploaded /tmp/minio_downloads/1760101156.json to Snowflake stage
[2025-10-14T08:46:58.809+0000] {logging_mixin.py:188} INFO - Uploaded /tmp/minio_downloads/1760101165.json to Snowflake stage
[2025-10-14T08:46:58.918+0000] {logging_mixin.py:188} INFO - Uploaded /tmp/minio_downloads/1760101174.json to Snowflake stage
[2025-10-14T08:46:59.130+0000] {logging_mixin.py:188} INFO - Uploaded /tmp/minio_downloads/1760101183.json to Snowflake stage
[2025-10-14T08:46:59.261+0000] {logging_mixin.py:188} INFO - Uploaded /tmp/minio_downloads/1760101194.json to Snowflake stage
[2025-10-14T08:46:59.402+0000] {logging_mixin.py:188} INFO - Uploaded /tmp/minio_downloads/1760101204.json to Snowflake stage
[2025-10-14T08:46:59.572+0000] {logging_mixin.py:188} INFO - Uploaded /tmp/minio_downloads/1760101213.json to Snowflake stage
[2025-10-14T08:46:59.765+0000] {logging_mixin.py:188} INFO - Uploaded /tmp/minio_downloads/1760101223.json to Snowflake stage
[2025-10-14T08:46:59.913+0000] {logging_mixin.py:188} INFO - Uploaded /tmp/minio_downloads/1760101233.json to Snowflake stage
[2025-10-14T08:47:00.040+0000] {logging_mixin.py:188} INFO - Uploaded /tmp/minio_downloads/1760101242.json to Snowflake stage
[2025-10-14T08:47:00.184+0000] {logging_mixin.py:188} INFO - Uploaded /tmp/minio_downloads/1760101252.json to Snowflake stage
[2025-10-14T08:47:00.333+0000] {logging_mixin.py:188} INFO - Uploaded /tmp/minio_downloads/1760101262.json to Snowflake stage
[2025-10-14T08:47:00.449+0000] {logging_mixin.py:188} INFO - Uploaded /tmp/minio_downloads/1760101271.json to Snowflake stage
[2025-10-14T08:47:00.608+0000] {logging_mixin.py:188} INFO - Uploaded /tmp/minio_downloads/1760101280.json to Snowflake stage
[2025-10-14T08:47:00.743+0000] {logging_mixin.py:188} INFO - Uploaded /tmp/minio_downloads/1760101290.json to Snowflake stage
[2025-10-14T08:47:00.868+0000] {logging_mixin.py:188} INFO - Uploaded /tmp/minio_downloads/1760101299.json to Snowflake stage
[2025-10-14T08:47:01.008+0000] {logging_mixin.py:188} INFO - Uploaded /tmp/minio_downloads/1760101309.json to Snowflake stage
[2025-10-14T08:47:01.182+0000] {logging_mixin.py:188} INFO - Uploaded /tmp/minio_downloads/1760101318.json to Snowflake stage
[2025-10-14T08:47:01.323+0000] {logging_mixin.py:188} INFO - Uploaded /tmp/minio_downloads/1760101328.json to Snowflake stage
[2025-10-14T08:47:01.478+0000] {logging_mixin.py:188} INFO - Uploaded /tmp/minio_downloads/1760101337.json to Snowflake stage
[2025-10-14T08:47:02.260+0000] {logging_mixin.py:188} INFO - Uploaded /tmp/minio_downloads/1760101347.json to Snowflake stage
[2025-10-14T08:47:02.385+0000] {logging_mixin.py:188} INFO - Uploaded /tmp/minio_downloads/1760101356.json to Snowflake stage
[2025-10-14T08:47:02.556+0000] {logging_mixin.py:188} INFO - Uploaded /tmp/minio_downloads/1760101366.json to Snowflake stage
[2025-10-14T08:47:02.751+0000] {logging_mixin.py:188} INFO - Uploaded /tmp/minio_downloads/1760101375.json to Snowflake stage
[2025-10-14T08:47:03.015+0000] {logging_mixin.py:188} INFO - Uploaded /tmp/minio_downloads/1760101385.json to Snowflake stage
[2025-10-14T08:47:03.163+0000] {logging_mixin.py:188} INFO - Uploaded /tmp/minio_downloads/1760101394.json to Snowflake stage
[2025-10-14T08:47:03.307+0000] {logging_mixin.py:188} INFO - Uploaded /tmp/minio_downloads/1760101404.json to Snowflake stage
[2025-10-14T08:47:03.488+0000] {logging_mixin.py:188} INFO - Uploaded /tmp/minio_downloads/1760101415.json to Snowflake stage
[2025-10-14T08:47:03.601+0000] {logging_mixin.py:188} INFO - Uploaded /tmp/minio_downloads/1760101424.json to Snowflake stage
[2025-10-14T08:47:03.731+0000] {logging_mixin.py:188} INFO - Uploaded /tmp/minio_downloads/1760101433.json to Snowflake stage
[2025-10-14T08:47:03.852+0000] {logging_mixin.py:188} INFO - Uploaded /tmp/minio_downloads/1760101443.json to Snowflake stage
[2025-10-14T08:47:04.000+0000] {logging_mixin.py:188} INFO - Uploaded /tmp/minio_downloads/1760101453.json to Snowflake stage
[2025-10-14T08:47:04.133+0000] {logging_mixin.py:188} INFO - Uploaded /tmp/minio_downloads/1760101463.json to Snowflake stage
[2025-10-14T08:47:04.325+0000] {logging_mixin.py:188} INFO - Uploaded /tmp/minio_downloads/1760101473.json to Snowflake stage
[2025-10-14T08:47:04.659+0000] {logging_mixin.py:188} INFO - Uploaded /tmp/minio_downloads/1760101482.json to Snowflake stage
[2025-10-14T08:47:04.785+0000] {logging_mixin.py:188} INFO - Uploaded /tmp/minio_downloads/1760101492.json to Snowflake stage
[2025-10-14T08:47:04.934+0000] {logging_mixin.py:188} INFO - Uploaded /tmp/minio_downloads/1760101501.json to Snowflake stage
[2025-10-14T08:47:05.117+0000] {logging_mixin.py:188} INFO - Uploaded /tmp/minio_downloads/1760101511.json to Snowflake stage
[2025-10-14T08:47:05.298+0000] {logging_mixin.py:188} INFO - Uploaded /tmp/minio_downloads/1760101520.json to Snowflake stage
[2025-10-14T08:47:05.417+0000] {logging_mixin.py:188} INFO - Uploaded /tmp/minio_downloads/1760101530.json to Snowflake stage
[2025-10-14T08:47:05.548+0000] {logging_mixin.py:188} INFO - Uploaded /tmp/minio_downloads/1760101539.json to Snowflake stage
[2025-10-14T08:47:05.677+0000] {logging_mixin.py:188} INFO - Uploaded /tmp/minio_downloads/1760101549.json to Snowflake stage
[2025-10-14T08:47:05.798+0000] {logging_mixin.py:188} INFO - Uploaded /tmp/minio_downloads/1760101558.json to Snowflake stage
[2025-10-14T08:47:05.960+0000] {logging_mixin.py:188} INFO - Uploaded /tmp/minio_downloads/1760101568.json to Snowflake stage
[2025-10-14T08:47:06.079+0000] {logging_mixin.py:188} INFO - Uploaded /tmp/minio_downloads/1760101578.json to Snowflake stage
[2025-10-14T08:47:06.211+0000] {logging_mixin.py:188} INFO - Uploaded /tmp/minio_downloads/1760101587.json to Snowflake stage
[2025-10-14T08:47:06.342+0000] {logging_mixin.py:188} INFO - Uploaded /tmp/minio_downloads/1760101596.json to Snowflake stage
[2025-10-14T08:47:06.518+0000] {logging_mixin.py:188} INFO - Uploaded /tmp/minio_downloads/1760101606.json to Snowflake stage
[2025-10-14T08:47:06.635+0000] {logging_mixin.py:188} INFO - Uploaded /tmp/minio_downloads/1760101615.json to Snowflake stage
[2025-10-14T08:47:06.771+0000] {logging_mixin.py:188} INFO - Uploaded /tmp/minio_downloads/1760101625.json to Snowflake stage
[2025-10-14T08:47:06.882+0000] {logging_mixin.py:188} INFO - Uploaded /tmp/minio_downloads/1760101634.json to Snowflake stage
[2025-10-14T08:47:07.043+0000] {logging_mixin.py:188} INFO - Uploaded /tmp/minio_downloads/1760101643.json to Snowflake stage
[2025-10-14T08:47:07.163+0000] {logging_mixin.py:188} INFO - Uploaded /tmp/minio_downloads/1760101652.json to Snowflake stage
[2025-10-14T08:47:07.280+0000] {logging_mixin.py:188} INFO - Uploaded /tmp/minio_downloads/1760101662.json to Snowflake stage
[2025-10-14T08:47:07.390+0000] {logging_mixin.py:188} INFO - Uploaded /tmp/minio_downloads/1760101671.json to Snowflake stage
[2025-10-14T08:47:07.543+0000] {logging_mixin.py:188} INFO - Uploaded /tmp/minio_downloads/1760101680.json to Snowflake stage
[2025-10-14T08:47:07.735+0000] {logging_mixin.py:188} INFO - Uploaded /tmp/minio_downloads/1760101689.json to Snowflake stage
[2025-10-14T08:47:07.893+0000] {logging_mixin.py:188} INFO - Uploaded /tmp/minio_downloads/1760101699.json to Snowflake stage
[2025-10-14T08:47:08.030+0000] {logging_mixin.py:188} INFO - Uploaded /tmp/minio_downloads/1760101708.json to Snowflake stage
[2025-10-14T08:47:08.173+0000] {logging_mixin.py:188} INFO - Uploaded /tmp/minio_downloads/1760101717.json to Snowflake stage
[2025-10-14T08:47:08.325+0000] {logging_mixin.py:188} INFO - Uploaded /tmp/minio_downloads/1760101727.json to Snowflake stage
[2025-10-14T08:47:08.453+0000] {logging_mixin.py:188} INFO - Uploaded /tmp/minio_downloads/1760101736.json to Snowflake stage
[2025-10-14T08:47:08.603+0000] {logging_mixin.py:188} INFO - Uploaded /tmp/minio_downloads/1760101745.json to Snowflake stage
[2025-10-14T08:47:08.747+0000] {logging_mixin.py:188} INFO - Uploaded /tmp/minio_downloads/1760101755.json to Snowflake stage
[2025-10-14T08:47:08.874+0000] {logging_mixin.py:188} INFO - Uploaded /tmp/minio_downloads/1760101765.json to Snowflake stage
[2025-10-14T08:47:09.012+0000] {logging_mixin.py:188} INFO - Uploaded /tmp/minio_downloads/1760101775.json to Snowflake stage
[2025-10-14T08:47:09.690+0000] {logging_mixin.py:188} INFO - Uploaded /tmp/minio_downloads/1760101784.json to Snowflake stage
[2025-10-14T08:47:09.871+0000] {logging_mixin.py:188} INFO - Uploaded /tmp/minio_downloads/1760101794.json to Snowflake stage
[2025-10-14T08:47:10.054+0000] {logging_mixin.py:188} INFO - Uploaded /tmp/minio_downloads/1760101804.json to Snowflake stage
[2025-10-14T08:47:10.204+0000] {logging_mixin.py:188} INFO - Uploaded /tmp/minio_downloads/1760101813.json to Snowflake stage
[2025-10-14T08:47:10.401+0000] {logging_mixin.py:188} INFO - Uploaded /tmp/minio_downloads/1760101823.json to Snowflake stage
[2025-10-14T08:47:10.525+0000] {logging_mixin.py:188} INFO - Uploaded /tmp/minio_downloads/1760101832.json to Snowflake stage
[2025-10-14T08:47:10.697+0000] {logging_mixin.py:188} INFO - Uploaded /tmp/minio_downloads/1760101841.json to Snowflake stage
[2025-10-14T08:47:10.850+0000] {logging_mixin.py:188} INFO - Uploaded /tmp/minio_downloads/1760101850.json to Snowflake stage
[2025-10-14T08:47:10.971+0000] {logging_mixin.py:188} INFO - Uploaded /tmp/minio_downloads/1760101860.json to Snowflake stage
[2025-10-14T08:47:11.121+0000] {logging_mixin.py:188} INFO - Uploaded /tmp/minio_downloads/1760101870.json to Snowflake stage
[2025-10-14T08:47:11.305+0000] {logging_mixin.py:188} INFO - Uploaded /tmp/minio_downloads/1760101879.json to Snowflake stage
[2025-10-14T08:47:11.430+0000] {logging_mixin.py:188} INFO - Uploaded /tmp/minio_downloads/1760101889.json to Snowflake stage
[2025-10-14T08:47:11.561+0000] {logging_mixin.py:188} INFO - Uploaded /tmp/minio_downloads/1760101899.json to Snowflake stage
[2025-10-14T08:47:11.734+0000] {logging_mixin.py:188} INFO - Uploaded /tmp/minio_downloads/1760101908.json to Snowflake stage
[2025-10-14T08:47:12.043+0000] {logging_mixin.py:188} INFO - Uploaded /tmp/minio_downloads/1760101918.json to Snowflake stage
[2025-10-14T08:47:12.188+0000] {logging_mixin.py:188} INFO - Uploaded /tmp/minio_downloads/1760101928.json to Snowflake stage
[2025-10-14T08:47:12.351+0000] {logging_mixin.py:188} INFO - Uploaded /tmp/minio_downloads/1760101938.json to Snowflake stage
[2025-10-14T08:47:12.556+0000] {logging_mixin.py:188} INFO - Uploaded /tmp/minio_downloads/1760101948.json to Snowflake stage
[2025-10-14T08:47:12.799+0000] {logging_mixin.py:188} INFO - Uploaded /tmp/minio_downloads/1760101957.json to Snowflake stage
[2025-10-14T08:47:12.914+0000] {logging_mixin.py:188} INFO - Uploaded /tmp/minio_downloads/1760101967.json to Snowflake stage
[2025-10-14T08:47:13.051+0000] {logging_mixin.py:188} INFO - Uploaded /tmp/minio_downloads/1760101976.json to Snowflake stage
[2025-10-14T08:47:13.196+0000] {logging_mixin.py:188} INFO - Uploaded /tmp/minio_downloads/1760101986.json to Snowflake stage
[2025-10-14T08:47:13.342+0000] {logging_mixin.py:188} INFO - Uploaded /tmp/minio_downloads/1760101996.json to Snowflake stage
[2025-10-14T08:47:13.475+0000] {logging_mixin.py:188} INFO - Uploaded /tmp/minio_downloads/1760102005.json to Snowflake stage
[2025-10-14T08:47:13.617+0000] {logging_mixin.py:188} INFO - Uploaded /tmp/minio_downloads/1760102015.json to Snowflake stage
[2025-10-14T08:47:13.748+0000] {logging_mixin.py:188} INFO - Uploaded /tmp/minio_downloads/1760102024.json to Snowflake stage
[2025-10-14T08:47:14.052+0000] {logging_mixin.py:188} INFO - Uploaded /tmp/minio_downloads/1760102034.json to Snowflake stage
[2025-10-14T08:47:14.200+0000] {logging_mixin.py:188} INFO - Uploaded /tmp/minio_downloads/1760102043.json to Snowflake stage
[2025-10-14T08:47:14.392+0000] {logging_mixin.py:188} INFO - Uploaded /tmp/minio_downloads/1760102053.json to Snowflake stage
[2025-10-14T08:47:14.550+0000] {logging_mixin.py:188} INFO - Uploaded /tmp/minio_downloads/1760102063.json to Snowflake stage
[2025-10-14T08:47:14.759+0000] {logging_mixin.py:188} INFO - Uploaded /tmp/minio_downloads/1760102072.json to Snowflake stage
[2025-10-14T08:47:15.548+0000] {logging_mixin.py:188} INFO - Uploaded /tmp/minio_downloads/1760102081.json to Snowflake stage
[2025-10-14T08:47:15.688+0000] {logging_mixin.py:188} INFO - Uploaded /tmp/minio_downloads/1760097976.json to Snowflake stage
[2025-10-14T08:47:15.822+0000] {logging_mixin.py:188} INFO - Uploaded /tmp/minio_downloads/1760097985.json to Snowflake stage
[2025-10-14T08:47:15.947+0000] {logging_mixin.py:188} INFO - Uploaded /tmp/minio_downloads/1760097993.json to Snowflake stage
[2025-10-14T08:47:16.172+0000] {logging_mixin.py:188} INFO - Uploaded /tmp/minio_downloads/1760098003.json to Snowflake stage
[2025-10-14T08:47:16.296+0000] {logging_mixin.py:188} INFO - Uploaded /tmp/minio_downloads/1760098012.json to Snowflake stage
[2025-10-14T08:47:16.450+0000] {logging_mixin.py:188} INFO - Uploaded /tmp/minio_downloads/1760098022.json to Snowflake stage
[2025-10-14T08:47:16.624+0000] {logging_mixin.py:188} INFO - Uploaded /tmp/minio_downloads/1760098031.json to Snowflake stage
[2025-10-14T08:47:16.771+0000] {logging_mixin.py:188} INFO - Uploaded /tmp/minio_downloads/1760098039.json to Snowflake stage
[2025-10-14T08:47:16.876+0000] {logging_mixin.py:188} INFO - Uploaded /tmp/minio_downloads/1760098049.json to Snowflake stage
[2025-10-14T08:47:16.997+0000] {logging_mixin.py:188} INFO - Uploaded /tmp/minio_downloads/1760098057.json to Snowflake stage
[2025-10-14T08:47:17.303+0000] {logging_mixin.py:188} INFO - Uploaded /tmp/minio_downloads/1760098066.json to Snowflake stage
[2025-10-14T08:47:17.434+0000] {logging_mixin.py:188} INFO - Uploaded /tmp/minio_downloads/1760098075.json to Snowflake stage
[2025-10-14T08:47:17.561+0000] {logging_mixin.py:188} INFO - Uploaded /tmp/minio_downloads/1760098084.json to Snowflake stage
[2025-10-14T08:47:17.695+0000] {logging_mixin.py:188} INFO - Uploaded /tmp/minio_downloads/1760098092.json to Snowflake stage
[2025-10-14T08:47:17.862+0000] {logging_mixin.py:188} INFO - Uploaded /tmp/minio_downloads/1760098102.json to Snowflake stage
[2025-10-14T08:47:17.996+0000] {logging_mixin.py:188} INFO - Uploaded /tmp/minio_downloads/1760098112.json to Snowflake stage
[2025-10-14T08:47:18.122+0000] {logging_mixin.py:188} INFO - Uploaded /tmp/minio_downloads/1760098120.json to Snowflake stage
[2025-10-14T08:47:18.280+0000] {logging_mixin.py:188} INFO - Uploaded /tmp/minio_downloads/1760098130.json to Snowflake stage
[2025-10-14T08:47:18.447+0000] {logging_mixin.py:188} INFO - Uploaded /tmp/minio_downloads/1760098138.json to Snowflake stage
[2025-10-14T08:47:18.569+0000] {logging_mixin.py:188} INFO - Uploaded /tmp/minio_downloads/1760098147.json to Snowflake stage
[2025-10-14T08:47:18.704+0000] {logging_mixin.py:188} INFO - Uploaded /tmp/minio_downloads/1760098156.json to Snowflake stage
[2025-10-14T08:47:18.857+0000] {logging_mixin.py:188} INFO - Uploaded /tmp/minio_downloads/1760098405.json to Snowflake stage
[2025-10-14T08:47:19.001+0000] {logging_mixin.py:188} INFO - Uploaded /tmp/minio_downloads/1760098415.json to Snowflake stage
[2025-10-14T08:47:19.143+0000] {logging_mixin.py:188} INFO - Uploaded /tmp/minio_downloads/1760098424.json to Snowflake stage
[2025-10-14T08:47:19.296+0000] {logging_mixin.py:188} INFO - Uploaded /tmp/minio_downloads/1760098434.json to Snowflake stage
[2025-10-14T08:47:19.441+0000] {logging_mixin.py:188} INFO - Uploaded /tmp/minio_downloads/1760098443.json to Snowflake stage
[2025-10-14T08:47:19.672+0000] {logging_mixin.py:188} INFO - Uploaded /tmp/minio_downloads/1760098453.json to Snowflake stage
[2025-10-14T08:47:19.808+0000] {logging_mixin.py:188} INFO - Uploaded /tmp/minio_downloads/1760098463.json to Snowflake stage
[2025-10-14T08:47:19.942+0000] {logging_mixin.py:188} INFO - Uploaded /tmp/minio_downloads/1760098472.json to Snowflake stage
[2025-10-14T08:47:20.063+0000] {logging_mixin.py:188} INFO - Uploaded /tmp/minio_downloads/1760098482.json to Snowflake stage
[2025-10-14T08:47:20.204+0000] {logging_mixin.py:188} INFO - Uploaded /tmp/minio_downloads/1760098492.json to Snowflake stage
[2025-10-14T08:47:20.325+0000] {logging_mixin.py:188} INFO - Uploaded /tmp/minio_downloads/1760098501.json to Snowflake stage
[2025-10-14T08:47:20.437+0000] {logging_mixin.py:188} INFO - Uploaded /tmp/minio_downloads/1760098510.json to Snowflake stage
[2025-10-14T08:47:20.559+0000] {logging_mixin.py:188} INFO - Uploaded /tmp/minio_downloads/1760098520.json to Snowflake stage
[2025-10-14T08:47:20.662+0000] {logging_mixin.py:188} INFO - Uploaded /tmp/minio_downloads/1760098529.json to Snowflake stage
[2025-10-14T08:47:20.784+0000] {logging_mixin.py:188} INFO - Uploaded /tmp/minio_downloads/1760098539.json to Snowflake stage
[2025-10-14T08:47:21.003+0000] {logging_mixin.py:188} INFO - Uploaded /tmp/minio_downloads/1760098549.json to Snowflake stage
[2025-10-14T08:47:21.139+0000] {logging_mixin.py:188} INFO - Uploaded /tmp/minio_downloads/1760098558.json to Snowflake stage
[2025-10-14T08:47:21.258+0000] {logging_mixin.py:188} INFO - Uploaded /tmp/minio_downloads/1760098568.json to Snowflake stage
[2025-10-14T08:47:21.383+0000] {logging_mixin.py:188} INFO - Uploaded /tmp/minio_downloads/1760098577.json to Snowflake stage
[2025-10-14T08:47:21.515+0000] {logging_mixin.py:188} INFO - Uploaded /tmp/minio_downloads/1760098586.json to Snowflake stage
[2025-10-14T08:47:21.676+0000] {logging_mixin.py:188} INFO - Uploaded /tmp/minio_downloads/1760098596.json to Snowflake stage
[2025-10-14T08:47:21.819+0000] {logging_mixin.py:188} INFO - Uploaded /tmp/minio_downloads/1760098606.json to Snowflake stage
[2025-10-14T08:47:21.949+0000] {logging_mixin.py:188} INFO - Uploaded /tmp/minio_downloads/1760098616.json to Snowflake stage
[2025-10-14T08:47:22.089+0000] {logging_mixin.py:188} INFO - Uploaded /tmp/minio_downloads/1760098626.json to Snowflake stage
[2025-10-14T08:47:22.207+0000] {logging_mixin.py:188} INFO - Uploaded /tmp/minio_downloads/1760098636.json to Snowflake stage
[2025-10-14T08:47:22.354+0000] {logging_mixin.py:188} INFO - Uploaded /tmp/minio_downloads/1760098645.json to Snowflake stage
[2025-10-14T08:47:22.471+0000] {logging_mixin.py:188} INFO - Uploaded /tmp/minio_downloads/1760098655.json to Snowflake stage
[2025-10-14T08:47:22.613+0000] {logging_mixin.py:188} INFO - Uploaded /tmp/minio_downloads/1760098665.json to Snowflake stage
[2025-10-14T08:47:22.742+0000] {logging_mixin.py:188} INFO - Uploaded /tmp/minio_downloads/1760098674.json to Snowflake stage
[2025-10-14T08:47:22.858+0000] {logging_mixin.py:188} INFO - Uploaded /tmp/minio_downloads/1760098683.json to Snowflake stage
[2025-10-14T08:47:22.991+0000] {logging_mixin.py:188} INFO - Uploaded /tmp/minio_downloads/1760098693.json to Snowflake stage
[2025-10-14T08:47:23.125+0000] {logging_mixin.py:188} INFO - Uploaded /tmp/minio_downloads/1760098702.json to Snowflake stage
[2025-10-14T08:47:23.246+0000] {logging_mixin.py:188} INFO - Uploaded /tmp/minio_downloads/1760098712.json to Snowflake stage
[2025-10-14T08:47:23.375+0000] {logging_mixin.py:188} INFO - Uploaded /tmp/minio_downloads/1760098721.json to Snowflake stage
[2025-10-14T08:47:23.494+0000] {logging_mixin.py:188} INFO - Uploaded /tmp/minio_downloads/1760098731.json to Snowflake stage
[2025-10-14T08:47:23.613+0000] {logging_mixin.py:188} INFO - Uploaded /tmp/minio_downloads/1760098740.json to Snowflake stage
[2025-10-14T08:47:23.758+0000] {logging_mixin.py:188} INFO - Uploaded /tmp/minio_downloads/1760098749.json to Snowflake stage
[2025-10-14T08:47:23.903+0000] {logging_mixin.py:188} INFO - Uploaded /tmp/minio_downloads/1760098759.json to Snowflake stage
[2025-10-14T08:47:24.047+0000] {logging_mixin.py:188} INFO - Uploaded /tmp/minio_downloads/1760098769.json to Snowflake stage
[2025-10-14T08:47:24.161+0000] {logging_mixin.py:188} INFO - Uploaded /tmp/minio_downloads/1760098778.json to Snowflake stage
[2025-10-14T08:47:24.296+0000] {logging_mixin.py:188} INFO - Uploaded /tmp/minio_downloads/1760098787.json to Snowflake stage
[2025-10-14T08:47:24.458+0000] {logging_mixin.py:188} INFO - Uploaded /tmp/minio_downloads/1760098796.json to Snowflake stage
[2025-10-14T08:47:24.575+0000] {logging_mixin.py:188} INFO - Uploaded /tmp/minio_downloads/1760098807.json to Snowflake stage
[2025-10-14T08:47:24.701+0000] {logging_mixin.py:188} INFO - Uploaded /tmp/minio_downloads/1760098816.json to Snowflake stage
[2025-10-14T08:47:24.831+0000] {logging_mixin.py:188} INFO - Uploaded /tmp/minio_downloads/1760098825.json to Snowflake stage
[2025-10-14T08:47:24.952+0000] {logging_mixin.py:188} INFO - Uploaded /tmp/minio_downloads/1760098835.json to Snowflake stage
[2025-10-14T08:47:25.064+0000] {logging_mixin.py:188} INFO - Uploaded /tmp/minio_downloads/1760098844.json to Snowflake stage
[2025-10-14T08:47:25.204+0000] {logging_mixin.py:188} INFO - Uploaded /tmp/minio_downloads/1760098853.json to Snowflake stage
[2025-10-14T08:47:25.316+0000] {logging_mixin.py:188} INFO - Uploaded /tmp/minio_downloads/1760098862.json to Snowflake stage
[2025-10-14T08:47:25.445+0000] {logging_mixin.py:188} INFO - Uploaded /tmp/minio_downloads/1760098871.json to Snowflake stage
[2025-10-14T08:47:25.597+0000] {logging_mixin.py:188} INFO - Uploaded /tmp/minio_downloads/1760098880.json to Snowflake stage
[2025-10-14T08:47:25.720+0000] {logging_mixin.py:188} INFO - Uploaded /tmp/minio_downloads/1760098890.json to Snowflake stage
[2025-10-14T08:47:25.868+0000] {logging_mixin.py:188} INFO - Uploaded /tmp/minio_downloads/1760098899.json to Snowflake stage
[2025-10-14T08:47:26.045+0000] {logging_mixin.py:188} INFO - Uploaded /tmp/minio_downloads/1760098908.json to Snowflake stage
[2025-10-14T08:47:26.235+0000] {logging_mixin.py:188} INFO - Uploaded /tmp/minio_downloads/1760098917.json to Snowflake stage
[2025-10-14T08:47:26.357+0000] {logging_mixin.py:188} INFO - Uploaded /tmp/minio_downloads/1760098927.json to Snowflake stage
[2025-10-14T08:47:26.498+0000] {logging_mixin.py:188} INFO - Uploaded /tmp/minio_downloads/1760098936.json to Snowflake stage
[2025-10-14T08:47:26.609+0000] {logging_mixin.py:188} INFO - Uploaded /tmp/minio_downloads/1760098946.json to Snowflake stage
[2025-10-14T08:47:26.728+0000] {logging_mixin.py:188} INFO - Uploaded /tmp/minio_downloads/1760098957.json to Snowflake stage
[2025-10-14T08:47:26.844+0000] {logging_mixin.py:188} INFO - Uploaded /tmp/minio_downloads/1760098966.json to Snowflake stage
[2025-10-14T08:47:26.969+0000] {logging_mixin.py:188} INFO - Uploaded /tmp/minio_downloads/1760098976.json to Snowflake stage
[2025-10-14T08:47:27.086+0000] {logging_mixin.py:188} INFO - Uploaded /tmp/minio_downloads/1760098985.json to Snowflake stage
[2025-10-14T08:47:27.199+0000] {logging_mixin.py:188} INFO - Uploaded /tmp/minio_downloads/1760098995.json to Snowflake stage
[2025-10-14T08:47:27.341+0000] {logging_mixin.py:188} INFO - Uploaded /tmp/minio_downloads/1760099004.json to Snowflake stage
[2025-10-14T08:47:27.459+0000] {logging_mixin.py:188} INFO - Uploaded /tmp/minio_downloads/1760099013.json to Snowflake stage
[2025-10-14T08:47:27.621+0000] {logging_mixin.py:188} INFO - Uploaded /tmp/minio_downloads/1760099023.json to Snowflake stage
[2025-10-14T08:47:27.752+0000] {logging_mixin.py:188} INFO - Uploaded /tmp/minio_downloads/1760099032.json to Snowflake stage
[2025-10-14T08:47:27.877+0000] {logging_mixin.py:188} INFO - Uploaded /tmp/minio_downloads/1760099041.json to Snowflake stage
[2025-10-14T08:47:28.012+0000] {logging_mixin.py:188} INFO - Uploaded /tmp/minio_downloads/1760099051.json to Snowflake stage
[2025-10-14T08:47:28.131+0000] {logging_mixin.py:188} INFO - Uploaded /tmp/minio_downloads/1760099060.json to Snowflake stage
[2025-10-14T08:47:28.264+0000] {logging_mixin.py:188} INFO - Uploaded /tmp/minio_downloads/1760099070.json to Snowflake stage
[2025-10-14T08:47:28.403+0000] {logging_mixin.py:188} INFO - Uploaded /tmp/minio_downloads/1760099079.json to Snowflake stage
[2025-10-14T08:47:28.523+0000] {logging_mixin.py:188} INFO - Uploaded /tmp/minio_downloads/1760099088.json to Snowflake stage
[2025-10-14T08:47:28.651+0000] {logging_mixin.py:188} INFO - Uploaded /tmp/minio_downloads/1760099098.json to Snowflake stage
[2025-10-14T08:47:28.829+0000] {logging_mixin.py:188} INFO - Uploaded /tmp/minio_downloads/1760099107.json to Snowflake stage
[2025-10-14T08:47:28.970+0000] {logging_mixin.py:188} INFO - Uploaded /tmp/minio_downloads/1760099117.json to Snowflake stage
[2025-10-14T08:47:29.099+0000] {logging_mixin.py:188} INFO - Uploaded /tmp/minio_downloads/1760099127.json to Snowflake stage
[2025-10-14T08:47:29.215+0000] {logging_mixin.py:188} INFO - Uploaded /tmp/minio_downloads/1760099136.json to Snowflake stage
[2025-10-14T08:47:29.366+0000] {logging_mixin.py:188} INFO - Uploaded /tmp/minio_downloads/1760099146.json to Snowflake stage
[2025-10-14T08:47:29.582+0000] {logging_mixin.py:188} INFO - Uploaded /tmp/minio_downloads/1760099156.json to Snowflake stage
[2025-10-14T08:47:29.705+0000] {logging_mixin.py:188} INFO - Uploaded /tmp/minio_downloads/1760099166.json to Snowflake stage
[2025-10-14T08:47:29.944+0000] {logging_mixin.py:188} INFO - Uploaded /tmp/minio_downloads/1760099176.json to Snowflake stage
[2025-10-14T08:47:30.075+0000] {logging_mixin.py:188} INFO - Uploaded /tmp/minio_downloads/1760099185.json to Snowflake stage
[2025-10-14T08:47:30.186+0000] {logging_mixin.py:188} INFO - Uploaded /tmp/minio_downloads/1760099194.json to Snowflake stage
[2025-10-14T08:47:30.352+0000] {logging_mixin.py:188} INFO - Uploaded /tmp/minio_downloads/1760099203.json to Snowflake stage
[2025-10-14T08:47:30.501+0000] {logging_mixin.py:188} INFO - Uploaded /tmp/minio_downloads/1760099212.json to Snowflake stage
[2025-10-14T08:47:30.617+0000] {logging_mixin.py:188} INFO - Uploaded /tmp/minio_downloads/1760099222.json to Snowflake stage
[2025-10-14T08:47:30.751+0000] {logging_mixin.py:188} INFO - Uploaded /tmp/minio_downloads/1760099231.json to Snowflake stage
[2025-10-14T08:47:30.877+0000] {logging_mixin.py:188} INFO - Uploaded /tmp/minio_downloads/1760099240.json to Snowflake stage
[2025-10-14T08:47:30.999+0000] {logging_mixin.py:188} INFO - Uploaded /tmp/minio_downloads/1760099249.json to Snowflake stage
[2025-10-14T08:47:31.162+0000] {logging_mixin.py:188} INFO - Uploaded /tmp/minio_downloads/1760099258.json to Snowflake stage
[2025-10-14T08:47:31.281+0000] {logging_mixin.py:188} INFO - Uploaded /tmp/minio_downloads/1760099268.json to Snowflake stage
[2025-10-14T08:47:31.413+0000] {logging_mixin.py:188} INFO - Uploaded /tmp/minio_downloads/1760099277.json to Snowflake stage
[2025-10-14T08:47:31.542+0000] {logging_mixin.py:188} INFO - Uploaded /tmp/minio_downloads/1760099287.json to Snowflake stage
[2025-10-14T08:47:31.665+0000] {logging_mixin.py:188} INFO - Uploaded /tmp/minio_downloads/1760099296.json to Snowflake stage
[2025-10-14T08:47:31.790+0000] {logging_mixin.py:188} INFO - Uploaded /tmp/minio_downloads/1760099305.json to Snowflake stage
[2025-10-14T08:47:31.896+0000] {logging_mixin.py:188} INFO - Uploaded /tmp/minio_downloads/1760099314.json to Snowflake stage
[2025-10-14T08:47:32.066+0000] {logging_mixin.py:188} INFO - Uploaded /tmp/minio_downloads/1760099323.json to Snowflake stage
[2025-10-14T08:47:32.361+0000] {logging_mixin.py:188} INFO - Uploaded /tmp/minio_downloads/1760099333.json to Snowflake stage
[2025-10-14T08:47:32.466+0000] {logging_mixin.py:188} INFO - Uploaded /tmp/minio_downloads/1760099342.json to Snowflake stage
[2025-10-14T08:47:32.961+0000] {logging_mixin.py:188} INFO - Uploaded /tmp/minio_downloads/1760099351.json to Snowflake stage
[2025-10-14T08:47:33.095+0000] {logging_mixin.py:188} INFO - Uploaded /tmp/minio_downloads/1760099361.json to Snowflake stage
[2025-10-14T08:47:33.297+0000] {logging_mixin.py:188} INFO - Uploaded /tmp/minio_downloads/1760099371.json to Snowflake stage
[2025-10-14T08:47:33.467+0000] {logging_mixin.py:188} INFO - Uploaded /tmp/minio_downloads/1760099380.json to Snowflake stage
[2025-10-14T08:47:33.577+0000] {logging_mixin.py:188} INFO - Uploaded /tmp/minio_downloads/1760099389.json to Snowflake stage
[2025-10-14T08:47:33.741+0000] {logging_mixin.py:188} INFO - Uploaded /tmp/minio_downloads/1760099399.json to Snowflake stage
[2025-10-14T08:47:33.874+0000] {logging_mixin.py:188} INFO - Uploaded /tmp/minio_downloads/1760099408.json to Snowflake stage
[2025-10-14T08:47:33.990+0000] {logging_mixin.py:188} INFO - Uploaded /tmp/minio_downloads/1760099417.json to Snowflake stage
[2025-10-14T08:47:34.160+0000] {logging_mixin.py:188} INFO - Uploaded /tmp/minio_downloads/1760099427.json to Snowflake stage
[2025-10-14T08:47:34.287+0000] {logging_mixin.py:188} INFO - Uploaded /tmp/minio_downloads/1760099437.json to Snowflake stage
[2025-10-14T08:47:34.397+0000] {logging_mixin.py:188} INFO - Uploaded /tmp/minio_downloads/1760099446.json to Snowflake stage
[2025-10-14T08:47:34.559+0000] {logging_mixin.py:188} INFO - Uploaded /tmp/minio_downloads/1760099455.json to Snowflake stage
[2025-10-14T08:47:34.725+0000] {logging_mixin.py:188} INFO - Uploaded /tmp/minio_downloads/1760099485.json to Snowflake stage
[2025-10-14T08:47:34.840+0000] {logging_mixin.py:188} INFO - Uploaded /tmp/minio_downloads/1760099495.json to Snowflake stage
[2025-10-14T08:47:34.975+0000] {logging_mixin.py:188} INFO - Uploaded /tmp/minio_downloads/1760099505.json to Snowflake stage
[2025-10-14T08:47:35.117+0000] {logging_mixin.py:188} INFO - Uploaded /tmp/minio_downloads/1760099515.json to Snowflake stage
[2025-10-14T08:47:35.278+0000] {logging_mixin.py:188} INFO - Uploaded /tmp/minio_downloads/1760099524.json to Snowflake stage
[2025-10-14T08:47:35.418+0000] {logging_mixin.py:188} INFO - Uploaded /tmp/minio_downloads/1760099533.json to Snowflake stage
[2025-10-14T08:47:35.642+0000] {logging_mixin.py:188} INFO - Uploaded /tmp/minio_downloads/1760099543.json to Snowflake stage
[2025-10-14T08:47:35.749+0000] {logging_mixin.py:188} INFO - Uploaded /tmp/minio_downloads/1760099552.json to Snowflake stage
[2025-10-14T08:47:36.422+0000] {logging_mixin.py:188} INFO - Uploaded /tmp/minio_downloads/1760099561.json to Snowflake stage
[2025-10-14T08:47:36.612+0000] {logging_mixin.py:188} INFO - Uploaded /tmp/minio_downloads/1760099570.json to Snowflake stage
[2025-10-14T08:47:36.766+0000] {logging_mixin.py:188} INFO - Uploaded /tmp/minio_downloads/1760099580.json to Snowflake stage
[2025-10-14T08:47:36.888+0000] {logging_mixin.py:188} INFO - Uploaded /tmp/minio_downloads/1760099590.json to Snowflake stage
[2025-10-14T08:47:37.067+0000] {logging_mixin.py:188} INFO - Uploaded /tmp/minio_downloads/1760099599.json to Snowflake stage
[2025-10-14T08:47:37.226+0000] {logging_mixin.py:188} INFO - Uploaded /tmp/minio_downloads/1760099608.json to Snowflake stage
[2025-10-14T08:47:37.352+0000] {logging_mixin.py:188} INFO - Uploaded /tmp/minio_downloads/1760099618.json to Snowflake stage
[2025-10-14T08:47:37.517+0000] {logging_mixin.py:188} INFO - Uploaded /tmp/minio_downloads/1760099627.json to Snowflake stage
[2025-10-14T08:47:37.698+0000] {logging_mixin.py:188} INFO - Uploaded /tmp/minio_downloads/1760099637.json to Snowflake stage
[2025-10-14T08:47:37.814+0000] {logging_mixin.py:188} INFO - Uploaded /tmp/minio_downloads/1760099647.json to Snowflake stage
[2025-10-14T08:47:38.399+0000] {logging_mixin.py:188} INFO - Uploaded /tmp/minio_downloads/1760099657.json to Snowflake stage
[2025-10-14T08:47:38.501+0000] {logging_mixin.py:188} INFO - Uploaded /tmp/minio_downloads/1760099666.json to Snowflake stage
[2025-10-14T08:47:38.698+0000] {logging_mixin.py:188} INFO - Uploaded /tmp/minio_downloads/1760099675.json to Snowflake stage
[2025-10-14T08:47:38.811+0000] {logging_mixin.py:188} INFO - Uploaded /tmp/minio_downloads/1760099684.json to Snowflake stage
[2025-10-14T08:47:39.141+0000] {logging_mixin.py:188} INFO - Uploaded /tmp/minio_downloads/1760099693.json to Snowflake stage
[2025-10-14T08:47:39.295+0000] {logging_mixin.py:188} INFO - Uploaded /tmp/minio_downloads/1760099703.json to Snowflake stage
[2025-10-14T08:47:39.417+0000] {logging_mixin.py:188} INFO - Uploaded /tmp/minio_downloads/1760099712.json to Snowflake stage
[2025-10-14T08:47:39.570+0000] {logging_mixin.py:188} INFO - Uploaded /tmp/minio_downloads/1760099721.json to Snowflake stage
[2025-10-14T08:47:39.761+0000] {logging_mixin.py:188} INFO - Uploaded /tmp/minio_downloads/1760099730.json to Snowflake stage
[2025-10-14T08:47:39.885+0000] {logging_mixin.py:188} INFO - Uploaded /tmp/minio_downloads/1760099739.json to Snowflake stage
[2025-10-14T08:47:40.042+0000] {logging_mixin.py:188} INFO - Uploaded /tmp/minio_downloads/1760099748.json to Snowflake stage
[2025-10-14T08:47:40.184+0000] {logging_mixin.py:188} INFO - Uploaded /tmp/minio_downloads/1760099758.json to Snowflake stage
[2025-10-14T08:47:40.318+0000] {logging_mixin.py:188} INFO - Uploaded /tmp/minio_downloads/1760099767.json to Snowflake stage
[2025-10-14T08:47:40.453+0000] {logging_mixin.py:188} INFO - Uploaded /tmp/minio_downloads/1760099777.json to Snowflake stage
[2025-10-14T08:47:40.692+0000] {logging_mixin.py:188} INFO - Uploaded /tmp/minio_downloads/1760099786.json to Snowflake stage
[2025-10-14T08:47:40.855+0000] {logging_mixin.py:188} INFO - Uploaded /tmp/minio_downloads/1760099795.json to Snowflake stage
[2025-10-14T08:47:40.965+0000] {logging_mixin.py:188} INFO - Uploaded /tmp/minio_downloads/1760099805.json to Snowflake stage
[2025-10-14T08:47:41.170+0000] {logging_mixin.py:188} INFO - Uploaded /tmp/minio_downloads/1760099815.json to Snowflake stage
[2025-10-14T08:47:41.317+0000] {logging_mixin.py:188} INFO - Uploaded /tmp/minio_downloads/1760099824.json to Snowflake stage
[2025-10-14T08:47:41.450+0000] {logging_mixin.py:188} INFO - Uploaded /tmp/minio_downloads/1760099834.json to Snowflake stage
[2025-10-14T08:47:41.559+0000] {logging_mixin.py:188} INFO - Uploaded /tmp/minio_downloads/1760099843.json to Snowflake stage
[2025-10-14T08:47:41.676+0000] {logging_mixin.py:188} INFO - Uploaded /tmp/minio_downloads/1760099852.json to Snowflake stage
[2025-10-14T08:47:41.850+0000] {logging_mixin.py:188} INFO - Uploaded /tmp/minio_downloads/1760099862.json to Snowflake stage
[2025-10-14T08:47:41.969+0000] {logging_mixin.py:188} INFO - Uploaded /tmp/minio_downloads/1760099871.json to Snowflake stage
[2025-10-14T08:47:42.093+0000] {logging_mixin.py:188} INFO - Uploaded /tmp/minio_downloads/1760099880.json to Snowflake stage
[2025-10-14T08:47:42.198+0000] {logging_mixin.py:188} INFO - Uploaded /tmp/minio_downloads/1760099889.json to Snowflake stage
[2025-10-14T08:47:42.354+0000] {logging_mixin.py:188} INFO - Uploaded /tmp/minio_downloads/1760099898.json to Snowflake stage
[2025-10-14T08:47:42.479+0000] {logging_mixin.py:188} INFO - Uploaded /tmp/minio_downloads/1760099907.json to Snowflake stage
[2025-10-14T08:47:42.610+0000] {logging_mixin.py:188} INFO - Uploaded /tmp/minio_downloads/1760099917.json to Snowflake stage
[2025-10-14T08:47:43.406+0000] {cursor.py:1149} INFO - Number of results in first chunk: 1
[2025-10-14T08:47:43.407+0000] {logging_mixin.py:188} INFO - COPY INTO executed
[2025-10-14T08:47:43.407+0000] {connection.py:773} INFO - closed
[2025-10-14T08:47:43.449+0000] {connection.py:779} INFO - No async queries seem to be running, deleting session
[2025-10-14T08:47:43.504+0000] {python.py:237} INFO - Done. Returned value was: None
[2025-10-14T08:47:43.506+0000] {taskinstance.py:441} INFO - ::group::Post task execution logs
[2025-10-14T08:47:43.516+0000] {taskinstance.py:1206} INFO - Marking task as SUCCESS. dag_id=minio_to_snowflake, task_id=load_snowflake, run_id=scheduled__2025-10-14T08:40:00+00:00, execution_date=20251014T084000, start_date=20251014T084452, end_date=20251014T084743
[2025-10-14T08:47:43.547+0000] {local_task_job_runner.py:243} INFO - Task exited with return code 0
[2025-10-14T08:47:43.562+0000] {taskinstance.py:3503} INFO - 0 downstream tasks scheduled from follow-on schedule check
[2025-10-14T08:47:43.564+0000] {local_task_job_runner.py:222} INFO - ::endgroup::
